:020000040800F2
:10000000C0BF00205D020008C9950008B16E00085D
:10001000C5950008EB13000809AB000800000000BC
:100020000000000000000000000000009D0100082A
:10003000451E000800000000F9010008DD9D0008D1
:1000400077020008770200087702000877020008AC
:100050007702000877020008353A000877020008A6
:10006000770200083F3A0008493A00087702000882
:10007000611900087702000877020008770200087B
:10008000770200087702000877020008770200086C
:10009000F11300087702000877020008533A0008BD
:1000A000770200087702000877020008770200084C
:1000B000770200087702000877020008770200083C
:1000C000770200087702000877020008770200082C
:1000D000770200087DA7000877020008A9A8000899
:1000E000770200087702000877020008770200080C
:1000F00077020008770200087702000877020008FC
:1001000077020008770200087702000877020008EB
:10011000770200087702000877020008DD9E0008D9
:100120007702000871190008811900089119000868
:1001300077020008770200087702000877020008BB
:10014000011400087702000877020008770200080F
:10015000A1190008B1190008C11900082DA900084B
:10016000770200087702000877020008770200088B
:1001700077020008770200087702000800000000FC
:100180007702000877020008DFF80CD000F03CFE90
:100190000048004799C10008C0BF00202C4B1968D7
:1001A0000868B0E8F04F80F30988BFF36F8F4FF015
:1001B000000080F3118870470000000008480068C4
:1001C000006880F308884FF0000080F3148862B65E
:1001D00061B6BFF34F8FBFF36F8F00DF00BF00BF6B
:1001E00008ED00E0DFF80C00016841F470010160E7
:1001F000704700BF88ED00E0EFF30980BFF36F8F19
:10020000134B1A681EF0100F08BF20ED108A20E96A
:10021000F04F106009B44FF0500080F31188BFF325
:100220004F8FBFF36F8F0DF07DF94FF0000080F31B
:10023000118809BC19680868B0E8F04F1EF0100F6B
:1002400008BFB0EC108A80F30988BFF36F8F704746
:100250000C010020EFF3058070470000064880473E
:1002600006480047FEE7FEE7FEE7FEE7FEE7FEE79B
:10027000FEE7FEE7FEE7FEE7C99E000889010008E9
:100280009FED1A1AF5EE000A40EE010ABDEEE00AF3
:10029000F5EEC00A10EE100AF1EE10FA38BF401E5B
:1002A00000EE100A1349F7EE001AB8EEC00A30EE5D
:1002B000C00ADFED0F0A20EE200AFCEEC00A10EEA5
:1002C000900AC0F3080000EE900A01EB8000F8EEFF
:1002D000600A90ED011A70EE600A90ED000A71EE6E
:1002E000E01A21EE800A00EE810A704783F9223E6F
:1002F0000000004468DF0008DFED190AB5EEC00A0F
:1003000060EE200ABDEEE01A11EE100AF1EE10FACE
:1003100038BF401E00EE100A1349F7EE001AB8EE7F
:10032000C00A30EEC00ADFED0F0A60EE200ABCEE14
:10033000E00A10EE100AC0F3080000EE100A01EB0C
:100340008000B8EE400A90ED011A70EEC00A90ED00
:10035000000A71EEE01A21EE800A00EE810A704771
:1003600083F9223E0000004468DF000870B405886D
:100370000E884468D1F804C05368B54208D140885B
:100380004988884201BF11888D425188884203D034
:1003900070BC6FF00200704705FB00F1880827D0A1
:1003A00094ED001ADCED000A94ED010ADCED011A6F
:1003B00031EE201AD4ED020A70EE211A9CED020AE9
:1003C00083ED001AC3ED011A94ED031ADCED031A54
:1003D00030EE800A401E71EE210A83ED020A04F11C
:1003E0001004C3ED030A03F110030CF1100CD7D174
:1003F00011F0030030D0B0F1004F30D200282BDDD7
:10040000211F1B1FACF1040210F0010F0AD091ED67
:10041000010AD2ED010A091D121D30EE200A83EDFA
:10042000010A1B1D400817D091ED010AD2ED010A07
:10043000401E30EE200A83ED010A91ED020AD2ED52
:10044000020A01F1080102F1080230EE200A83EDF0
:10045000020A03F10803E7D170BC00207047B4EC36
:10046000010A401EFCEC010A30EE200AA3EC010A4E
:10047000F5D1F1E701804280436070472DE9F34FE9
:1004800084B0049840680090486801900498B0F8DF
:1004900000E04588DFEDFE0A00200290B0EE600A21
:1004A000AE4506D108884988884204BF7146864512
:1004B00004D06FF0020006B0BDE8F08F01985FEA4B
:1004C000010C18BFB7EE001A3DD000BFBEEB0C0107
:1004D00017D0B1F1004F80F01F82002911DD021FFB
:1004E00011F0010F1CBFC2ED010A121D4B1006D006
:1004F000C2ED010AC2ED020A08325B1EF8D100EB20
:100500008100BCF10102A0EC011A19D0B2F1004F38
:1005100080F00882002A13DD031F12F0010F1CBFB8
:10052000C3ED010A1B1D511008D000BFC3ED010A25
:10053000C3ED020A491E03F10803F7D100EB820064
:10054000BCF1010CC2D14FF000080395002D14BF7F
:10055000B0EE602A002000F0BF8100BF009908FBC8
:1005600005F001EB800B0199DBED002A01EB800027
:100570000346F0EE421AC64552D9AEEB0802ABEB89
:10058000850112F0010F17D001EB850191ED000AF2
:10059000B5EEC00AF1EE10FA07DDB4EEE10AF1EEB5
:1005A00010FA09DDF0EE401A06E0B1EE400AF4EE72
:1005B000C01AF1EE10FAF5D3521031D001EB850CD0
:1005C0009CED000AB5EEC00AF1EE10FA05DDB4EEBE
:1005D000E10AF1EE10FA09DD06E0B1EE400AF4EEB0
:1005E000C01AF1EE10FA01D2F0EE401A01EBC5018B
:1005F00091ED000AB5EEC00AF1EE10FA05DDB4EE99
:10060000E10AF1EE10FA09DD06E0B1EE400AF4EE7F
:10061000C01AF1EE10FA01D2F0EE401A521ECDD1FE
:10062000F5EEC01AF1EE10FA00F07381F5EEC02A73
:100630000126F1EE10FA0099D4BFB1EE620AB0EED5
:10064000620AB4EE610AF1EE10FA1CBFAEEB0802CA
:10065000B2F1010C47D005FB08F201EB820292EDEA
:10066000001A00BFB0EE410A05FB06F4B5EEC00A61
:1006700000EB8404F1EE10FACCBFF0EE400AF1EE8C
:10068000400AF4EE610AF1EE10FA28D1B5EB080C3D
:1006900011D0BCF1004F7DD2BCF1000F0BDD00BFCB
:1006A00092ED000AD1ED000ABCF1010CE2EC010A66
:1006B000A1EC010AF4D129000ED0B1F1004F6AD2A9
:1006C000002909DD94ED000AD0ED000A491EE4EC92
:1006D000010AA0EC010AF5D1012002900BE0761C82
:1006E000BCF1010CBED10298012804D0F5EEC02A5D
:1006F000F1EE10FA7ED09BED000AB5EB08009A46A9
:100700005946064622D0B0F1004F74D200281DDDB4
:10071000091F10F0010F06D0F0EE400A80EEA01A7B
:1007200081ED011A091D401010D000BFD1ED010A62
:10073000401E80EE801A81ED011A91ED021AC1EE81
:10074000000AC1ED020A01F10801EFD1280026D00C
:10075000B0F1004F7ED2002821DDAAF1040110F093
:10076000010F06D0D1ED010A80EE801A81ED011A49
:10077000091D401013D000BFD1ED010A401E80EECC
:10078000801A81ED011AD1ED020A80EE801A81ED06
:10079000021A01E0CBE0D6E001F10801ECD1DDE97D
:1007A00000124FF000095FEA0E0773D0C14504BF85
:1007B00001EB860102EB850274D091ED000ADC4664
:1007C0005046330035D01C46B6F1004F7ED2002C87
:1007D0002FDD0B1FABF1040C16F0010F0FD0F0EE64
:1007E000400ADCED011AB0EE601A00EEE11A83ED6A
:1007F000011A01E08DE0B1E01B1D0CF1040C741036
:1008000015D000BFD3ED010A9CED011A40EE410A5C
:10081000C3ED010AD3ED020A9CED021A0CF1080C9B
:1008200040EE410AC3ED020A0833641EEAD101EB2F
:1008300086012B0036D0B3F1004F72D2002B31DD90
:10084000A2F1040CAAF1040013F0010F0CD0DCEDAE
:10085000010A00E08BE090ED011A001D40EE410A14
:10086000CCED010A0CF1040C5C1019D0DCED010A8E
:1008700090ED011A40EE410ACCED010ADCED020ACE
:1008800090ED021A083040EE410ACCED020A03E076
:10089000000000000DE005E0641E0CF1080CE5D13D
:1008A00002EB830201EB88017F1E09F101097FF44D
:1008B0007DAF009808F10108001D00900398401ECC
:1008C00003907FF44BAE0299012900E058E004BF89
:1008D00006B0BDE8F08F00BFB5EEC00AF1EE10FA29
:1008E0007FF4E9AD04990EFB05F3002B4A684FF045
:1008F00000010BD902EB810C9CED000AB5EEC00A99
:10090000F1EE10FA02D1491C8B42F3D88B427FF4EE
:10091000D2AD6FF00400CEE5E0EC010A491EFBD138
:10092000EFE538E0E0EC010A521EFBD108E692ED5B
:10093000000AD1ED000ABCF1010CE2EC010AA1ECC5
:10094000010AF4D1B7E694ED000AD0ED000A491E81
:10095000E4EC010AA0EC010AF5D1BDE6D1ED000AF4
:10096000401E80EE801AA1EC011AF7D1EEE6D3ED1D
:10097000000A401E80EE801AA3EC011AF7D10EE7A0
:10098000BCEC011AD1ED000A5B1E40EE410AE1EC1D
:10099000010AF5D14DE7B0EC011AD2ED000A5B1E59
:1009A00040EE410AE2EC010AF5D17BE72DE9F04F78
:1009B00082B0466853680193058847884B880020B9
:1009C00000900888874201BFB2F800C06545528890
:1009D00093421EBF6FF0020002B0BDE8F08F9FEDA2
:1009E000412A4FEA970EC7F3400B00BFDDE9000232
:1009F00002EB800A4A6898464FF00009B0EE420ABE
:100A0000B4465FEA0E0025D092ED001ADCED001A24
:100A100002EB8302DCED010A01EE810A92ED001A7D
:100A200002EB8302401ED2ED001A02EB830200EEBD
:100A3000810A9CED021ADCED030A00040CF1100C93
:100A4000000C01EE210A92ED001A02EB830200EE87
:100A5000810AD9D117F0030026D0ACF10404A2EB2F
:100A6000830210F0010F08D002EB8302D4ED010ADB
:100A700092ED001A241D00EE810A5FEA0B0013D0EC
:100A800002EB830CD4ED010A9CED001A02EBC302C9
:100A9000401E00EE810AD4ED020A92ED001A04F124
:100AA000080400EE810AEBD109F10100AAEC010A69
:100AB0001FFA80F9486800EB8902A8F101001FFACB
:100AC00080F8B8F1000F99D1009806EB870618441A
:100AD00080B20090681E05042D0C87D102B0002062
:100AE000BDE8F08F0000000070B405880E884468EF
:100AF000D1F804C05368B54208D14088498888427B
:100B000001BF11888D425188884203D070BC6FF0BC
:100B10000200704705FB00F1880827D094ED001A09
:100B2000DCED000A94ED010ADCED011A31EE601AE9
:100B3000D4ED020A70EE611A9CED020A83ED001AF0
:100B4000C3ED011A94ED031ADCED031A30EEC00A6E
:100B5000401E71EE610A83ED020A04F11004C3ED38
:100B6000030A03F110030CF1100CD7D111F00300AC
:100B700030D0B0F1004F30D200282BDD211F1B1FD9
:100B8000ACF1040210F0010F0AD091ED010AD2ED90
:100B9000010A091D121D30EE600A83ED010A1B1DBA
:100BA000400817D091ED010AD2ED010A401E30EE47
:100BB000600A83ED010A91ED020AD2ED020A01F109
:100BC000080102F1080230EE600A83ED020A03F127
:100BD0000803E7D170BC00207047B4EC010A401E46
:100BE000FCEC010A30EE600AA3EC010AF5D1F1E752
:100BF0002DE9F04F02884768B0F802804888D1F8A4
:100C0000049082B04FF0000A1646824207BF09885E
:100C100088456FF0020002B018BFBDE8F08F4FEAC0
:100C2000980B02EB42000190C8F34000CDF80000A1
:100C300009EB8A01BBF1000F33D0019801EB820C64
:100C400001EB80043B46E64601EBC2054FEA0B0090
:100C500093ED000A401E81ED000A93ED010A01EBBD
:100C600002118CED000A93ED020A0CEB021C85EDDB
:100C7000000A93ED030A05EB021584ED000A04EB6C
:100C8000021403F11003E3D10EEB820000EB8200AB
:100C900000EB8201ABF10100504307EB0B1701EBB6
:100CA000001118F0030C21D03B1FA1EB82011CF0B6
:100CB000010F06D093ED010A01EB82011B1D81EDAE
:100CC000000A009880B100BF93ED010A01EB820495
:100CD00001EBC20184ED000A93ED020A401E81ED92
:100CE000000A03F10803EFD107EB8C070AF10100BA
:100CF0001FFA80FA701E0604360C99D102B000204B
:100D0000BDE8F08F2DE9F05F0546002092469B4636
:100D100088460646814640241BE028464146474611
:100D2000224600F060F853465A46C01A914110D34B
:100D300011461846224600F047F82D1A67EB0108C5
:100D40004F4622460120002100F03EF817EB000933
:100D50004E41201EA4F10104DFDC484631462A46FC
:100D60004346BDE8F09F40EA01039B0703D009E03A
:100D700008C9121F08C0042AFAD203E011F8013B87
:100D800000F8013B521EF9D27047D2B201E000F8E0
:100D9000012B491EFBD270470022F6E710B513461F
:100DA0000A4604461946FFF7F0FF204610BD30B54D
:100DB00004460020034600E05B1C934203D2E05C43
:100DC000CD5C401BF8D030BD202A04DB203A00FA6D
:100DD00002F1002070479140C2F1200320FA03F392
:100DE000194390407047202A04DB203A21FA02F090
:100DF0000021704721FA02F3D040C2F12002914055
:100E00000843194670470000064C074D06E0E068AD
:100E100040F0010394E8070098471034AC42F6D341
:100E2000FFF7B6F9ACE70008CCE7000870B58C18FE
:100E300010F8015B15F0070301D110F8013B2A11EE
:100E400006D110F8012B03E010F8016B01F8016BDB
:100E50005B1EF9D12B0705D40023521E0DD401F8D7
:100E6000013BFAE710F8013BCB1A921C03E013F8A0
:100E7000015B01F8015B521EF9D5A142D8D30020D5
:100E800070BD000010B501221021024803F07CFE65
:100E900010BD00000000024010B5002210210248E1
:100EA00003F072FE10BD0000000002407047000019
:100EB00010B501221146024803F066FE10BD000085
:100EC0000004024010B500220121024803F05CFE3C
:100ED00010BD00000004024010B5044600BF2046CB
:100EE00000F050F90028FAD110BD000010B50446FA
:100EF000FFF7D2FF922000F0B1F9062295491220A7
:100F000000F08CF9FFF7BEFF92484078000200B273
:100F1000904909780843904908800846B0F90000D4
:100F200000EE100AB8EEC00A8C48D0ED000A20EEA0
:100F3000200AD4ED080A20EE200A84ED000A854834
:100F4000C078000200B2834989780843824908804A
:100F50000846B0F9000000EE100AB8EEC00A7F485B
:100F6000D0ED000A20EE200AD4ED080A20EE200A77
:100F700084ED010A77484079000200B27549097989
:100F80000843754908800846B0F9000000EE100AD1
:100F9000B8EEC00A7148D0ED000A20EE200AD4ED68
:100FA000080A20EE200A84ED020AFFF78BFF0822D0
:100FB0006849002000F032F9FFF77AFF65480078B1
:100FC0000F284FD166480078F0B36248C07800021D
:100FD00000B26049897808435F49088094ED090AA6
:100FE0000846B0F9000000EE900AF8EEE00A5D480D
:100FF00090ED001A10EE810A84ED030A55484079FD
:10100000000200B25349097908435349088094ED1E
:101010000A0A0846B0F9000000EE900AF8EEE00A6D
:10102000504890ED001A10EE810A84ED040A4948F8
:10103000C079000200B247498979084346490880CF
:1010400094ED0B0A084600E00DE0B0F9000000EE58
:10105000900AF8EEE00A434890ED001A10EE810A7B
:1010600084ED050A44E03B48C078000200B23949EB
:1010700089780843384908800846B0F9000000EE36
:10108000100AB8EEC00A3748D0ED000A20EE200A58
:1010900084ED030A2F484079000200B22D490979F6
:1010A00008432D4908800846B0F9000000EE100AF8
:1010B000B8EEC00A2B48D0ED000A20EE200A84EDDD
:1010C000040A2448C079000200B222498979084301
:1010D000214908800846B0F9000000EE100AB8EE79
:1010E000C00A2048D0ED000A20EE200A84ED050A4F
:1010F000FFF7D2FEA22000F0B1F80222154922200B
:1011000000F08CF8FFF7BEFE12480078C0001149CD
:10111000497840EA6110104908800846B0F900009B
:10112000B0F5806F05DB08460088A0F5006000B2CE
:1011300008800948B0F9000000EE100AF8EEC00A75
:10114000B4EE001AB3EE070A00EE810A84ED070A36
:1011500010BD0000B6010020BE0100207401002077
:101160008401002078010020704710B50446204615
:101170000BF07EF810BD10B5044620460AF0B2F917
:1011800010BD000010B5044600201C490870FFF790
:101190008DFEFFF7E9FF09F0AFFF18490978084312
:1011A000164908700AF064F814490978084313498D
:1011B00008701CB1124800F02BF91CE09FED110AD9
:1011C0000F4880ED090A9FED100A80ED0A0A9FED95
:1011D0000F0A80ED0B0A9FED0E0A80ED0C0A90EDD0
:1011E0000C0ADFED0C0A80EE801A80ED081A9FEDE4
:1011F0000A0A80ED060A0148007810BD7C01002033
:1012000098570020C07EB33B4288E0BBCB30A33A66
:10121000B39B1C41C3F51C410000204270B506463B
:101220000C46154646F0800000F018F806E0552000
:1012300000F014F82070641C681EC5B2002DF6D1B1
:1012400070BD70B504460D4644F0800000F006F80D
:10125000552000F003F8287070BD000001B582B081
:101260004FF47A70012301AA02A90090024804F009
:10127000B3FB9DF804000EBD1008002070B50546B4
:101280000C462846FFF7EAFF2046FFF7E7FF70BD50
:10129000D2ED020A92ED021AB6EE000A00EEC10A81
:1012A000D2ED030A92ED031A00EEC10AD0ED000A56
:1012B00020EE200AD2ED010A92ED021A60EE810AB8
:1012C00092ED001AD2ED031A41EE610A90ED011A77
:1012D00000EE810AD2ED010A92ED031A60EE810A56
:1012E00092ED001AD2ED021A41EE210A90ED021A97
:1012F00000EE810AF0EE000A20EE200A81ED000ADD
:1013000092ED010AD2ED020A20EE200AD2ED000A87
:1013100092ED031A00EE810AD0ED000A60EE200A79
:1013200092ED011AD2ED011AB6EE000A01EE610A41
:10133000D2ED031A92ED032AB0EE401A01EEC21A62
:10134000D0ED011AB0EE600A01EE210AD2ED020AD8
:1013500092ED031A60EE810A92ED001AD2ED011AA5
:1013600041EE610A90ED021A00EE810AF0EE000AE9
:1013700020EE200A81ED010A92ED010AD2ED030A66
:1013800020EE200AD2ED000A92ED021A00EEC10A08
:10139000D0ED000A20EE200AD2ED020A92ED031AE7
:1013A00060EE810A92ED001AD2ED011A41EE210A97
:1013B00090ED011A00EE810A92ED011AD2ED011AA8
:1013C000F6EE000A41EE610A92ED021AD2ED021A1F
:1013D00041EE610A90ED021A00EE810AF0EE000A79
:1013E00020EE200A81ED020A704700BFFEE70000F0
:1013F00010B5024802F048FD10BD00006C07002047
:1014000010B5024802F040FD10BD00009407002016
:1014100070B52DED048B88B004460020069007902F
:10142000B1EE040A00F004FC00F046FCFE4880ED3A
:10143000000A00BF00F040FCFB48D0ED000A30EE8F
:10144000600ADFEDFA0AB4EEE00AF1EE10FA14DDFC
:101450009FEDF70A84ED090A9FEDF60A84ED0A0A6A
:101460009FEDF50A84ED0B0A9FEDF40A84ED0C0A5A
:101470009FEDF30A84ED060A59E29FEDF20A00F0AF
:10148000D7FB9FEDF10A84ED0C0A9FEDEF0A84ED86
:10149000090A9FEDED0A84ED0A0A9FEDEB0A84ED3F
:1014A0000B0A002673E1FFF7F7FC9220FFF7D6FE48
:1014B000062206A91220FFF7B1FEFFF7E3FC9DF814
:1014C0001900000200B29DF8181040EA010500EE74
:1014D000105AB8EEC00ADD48D0ED000A20EE200A0E
:1014E00084ED000A9DF81B00000200B29DF81A105E
:1014F00040EA010500EE105AB8EEC00AD348D0ED1C
:10150000000A20EE200A84ED010A9DF81D00000269
:1015100000B29DF81C1040EA010500EE105AB8EE2A
:10152000C00ACA48D0ED000A20EE200A84ED020A63
:10153000D4ED000A60EEA00A94ED011AD4ED011A70
:1015400041EE210A94ED021AD4ED021A41EE210A6D
:10155000B0EE600A09F058FDB0EE408A94ED0C0A36
:1015600030EE080A84ED0C0AFFF7ACFC082206A94D
:101570000020FFF753FEFFF79BFC9DF818000F2893
:1015800050D19DF81B00000200B29DF81A1040EAED
:10159000010500EE105AB8EEC00AAD48D0ED000AC1
:1015A00020EE200A84ED030A94ED090AD4ED030A23
:1015B00030EE200A84ED090A9DF81D00000200B2F9
:1015C0009DF81C1040EA010500EE105AB8EEC00A62
:1015D0009F48D0ED000A20EE200A84ED040A94ED25
:1015E0000A0AD4ED040A30EE200A84ED0A0A9DF8B6
:1015F0001F00000200B29DF81E1040EA010500EE37
:10160000105AB8EEC00A9248D0ED000A20EE200A27
:1016100084ED050A94ED0B0AD4ED050A30EE200A9C
:1016200084ED0B0A06BBF0EE488AB0EE489A002023
:1016300017E004F10C0101EB800191ED000A03A910
:1016400001EB800181ED000A04F10C0101EB800146
:1016500091ED000A694601EB800181ED000A411C11
:10166000C8B20328E5DB49E0B4EEE88AF1EE10FAEF
:1016700001DDF0EE488AB4EEC98AF1EE10FA01D22B
:10168000B0EE489A002037E004F10C0101EB800134
:1016900091ED000A03A901EB8001D1ED000AB4EE3F
:1016A000E00AF1EE10FA0ADD04F10C0101EB800111
:1016B00091ED000A03A901EB800181ED000A04F11C
:1016C0000C0101EB800191ED000A694601EB8001FC
:1016D000D1ED000AB4EEE00AF1EE10FA0AD204F1FC
:1016E0000C0101EB800191ED000A694601EB8001DC
:1016F00081ED000A411CC8B20328C5DB38EEC90AD7
:10170000544880ED000A002012E003A901EB80019B
:1017100091ED000A694601EB8001D1ED000A30EE3F
:10172000600A4D4901EB800181ED000A411CC8B2FD
:101730000328EADB474890ED000AF6EE000AB4EE13
:10174000E00AF1EE10FA1BDC434890ED000ADFEDF1
:10175000430AB4EEE00AF1EE10FA11DC90ED010A52
:10176000DFED3E0AB4EEE00AF1EE10FA08DC90ED8F
:10177000020ADFED3A0AB4EEE00AF1EE10FA00DDFB
:101780000AE09FED370A00F053FA701C86B2354824
:1017900000888642FFF687AE00BFD4ED0C0A3148C0
:1017A000008800EE100AB8EE400A80EE801A84ED40
:1017B0000C1A002015E004F1240101EB8001D1EDA9
:1017C000000A2849098800EE101AB8EE400A80EE97
:1017D000801A04F1240101EB800181ED001A411C03
:1017E000C8B20328E7DBFFF757FBA220FFF736FD5F
:1017F000022206A92220FFF711FDFFF743FB9DF807
:101800001800C0009DF8191040EA6115B5F5806F09
:1018100002DBA5F5006005B200EE105AF8EEC00A32
:10182000B4EE001A20E00000B00100200000704279
:10183000C07EB33B4288E0BBCB30A33AB39B1C4194
:10184000000020420AD7A33B0000000074010020E2
:101850007801002080010020CC5700209A99193E81
:101860006F12033AB4010020B3EE070A00EE810ABA
:1018700084ED060A34480088401C00B232490880D2
:10188000324890ED000AF6EE000AB4EEE00AF1EEFE
:1018900010FA3FF7CFAD94ED0C0ADFED2D0A30EED4
:1018A000600AB0EEC00AF6EE000AB4EEE00AF1EE0D
:1018B00010FAEEDC274890ED000A5FED180AB4EE4E
:1018C000E00AF1EE10FAE4DC90ED010A5FED1D0A8A
:1018D000B4EEE00AF1EE10FADBDC90ED020A5FED07
:1018E000210AB4EEE00AF1EE10FAD2DC94ED090A16
:1018F000B0EEC00ADFED180AB4EEE00AF1EE10FA1D
:10190000C7DC94ED0A0AB0EEC00ADFED130AB4EEAC
:10191000E00AF1EE10FABCDC94ED0B0AB0EEC00A5E
:10192000DFED0D0AB4EEE00AF1EE10FAB1DC00BF13
:1019300094ED0C0ADFED090A80EE801A84ED081A96
:1019400008B0BDEC048B70BD860100208001002032
:10195000CDCC1C41CC5700200AD7233CC3F51C41F9
:1019600010B5024802F0F4FD10BD0000D40B0020B9
:1019700010B5024802F0ECFD10BD0000940C0020F0
:1019800010B5024802F0E4FD10BD00006808002018
:1019900010B5024802F0DCFD10BD0000C8080020B0
:1019A00010B5024802F0D4FD10BD0000740B0020F9
:1019B00010B5024802F0CCFD10BD0000340C002030
:1019C00010B5024802F0C4FD10BD0000140B002049
:1019D0000146087810381823B0FBF3F20848805C01
:1019E000C865032A05D908686FF30900001D8865DA
:1019F00003E008686FF309008865886D7047000090
:101A000084DB0008014600208A6A8B69CBB932B1B9
:101A1000012A0DD0022A03D0032A10D10EE000BF04
:101A2000CB6A03F08073B3F1807F00D1012007E01F
:101A3000CB6AB3F1C07F00D1012001E000E000BF1C
:101A400034E08B69B3F5005F1AD132B1012A07D0B7
:101A5000022A03D0032A11D10AE000BF01200EE0C0
:101A6000CB6A03F08073B3F1807F00D1012006E0E0
:101A7000CB6AB3F1C07F00D1012000E000BF15E0C8
:101A800032B1012A05D0022A04D0032A0CD103E086
:101A900000BF00BF012008E0CB6A03F08073B3F100
:101AA000807F00D1012000E000BF00BF704730B54B
:101AB0000468246824F4802405682C60046863604A
:101AC0008468402C04D10468A2600468E16003E0EB
:101AD0000468A1600468E26030BD000008B54148B8
:101AE0000068006800F0200060B100BF0020009096
:101AF0003C480068006800903A48006840680090E0
:101B000000BF6EE03848006800F01000002868D080
:101B100000BF002000903348006800680090314802
:101B200000684068009000BF00BF3048006800684F
:101B300000F4002058BB2D480068006820F0010028
:101B40002A4909680860294800684068C0F12400F3
:101B500027490880242025490968486023480068EF
:101B6000006840F400202149096808601F480068A7
:101B7000006840F001001D49096808601C480088A1
:101B800012282ED11B491C480AF0F8FF29E01748FB
:101B90000068006820F001001449096808601348D3
:101BA00000684068C0F124001149088024200F49D2
:101BB000096848601148806A20F400200F49886253
:101BC0000A480068006840F0010008490968086098
:101BD00007480088122804D10649074824300AF033
:101BE000CDFF08BD8C0A002000480040D40B002027
:101BF000C0010020D8570020095800200060024092
:101C000008B508484068009007490098096888426C
:101C100004D206480068401C044908600249009844
:101C2000086008BD001000E0500000204C000020BB
:101C30000C494868F0EE400A00BF0A494968091A91
:101C400001EE101AF8EE411A074991ED001AB8EEAC
:101C5000411A20EE811AF4EEC11AF1EE10FAECD31B
:101C600070470000001000E04000002010B52DED8E
:101C7000028B82B004460E484068019020680199AA
:101C8000081A00EE100AF8EE400A0A4890ED000A21
:101C9000B8EE400A80EE801AB0EE418A01982060CA
:101CA000FFF7AEFFB0EE480A02B0BDEC028B10BDEC
:101CB000001000E04000002010B52DED028B00F078
:101CC00059F80F4890ED000AB8EE400A808800EEFF
:101CD000900AF8EE600A9FED0B1A00EE810A0848A0
:101CE000C08800EE900AF8EE600A9FED071A00EE39
:101CF000810AB0EE408AB0EE480ABDEC028B10BDFE
:101D0000380000206F12833ABD37863512490968C2
:101D100041F08071104A11600021104A5160114653
:101D2000096841F0010111600D4941430D4A1160FC
:101D3000114609684FF47A72B1FBF2F10A4A116058
:101D400008490968064AB1FBF2F1084A116000210E
:101D5000074A116070470000FCED00E0001000E051
:101D600040420F00400000204400002048000020B6
:101D70004C00002038B5294840680090FFF740FF2C
:101D8000274800684FF0FF31A0FB01310098181878
:101D900041F10001234A03C223480023214902687C
:101DA00003C9FEF7AFFF214A03C220480CC81E48F2
:101DB00000680024A2FB001503FB005002FB040294
:101DC0001848D0E90030591A60EB0200184AC2E9FD
:101DD0000010164800681749086017480023144986
:101DE000026803C9FEF78EFF124988800846808882
:101DF0001149096841430E48D0E90030591A60F191
:101E000000000E4AC2E900100D4800230B49026889
:101E100003C9FEF777FF0749C88038BD001000E00E
:101E20004C000020580000204000002060000020EE
:101E300068000020380000204400002070000020CE
:101E4000480000207047000070B504460E46154655
:101E5000A520A077512104F11E00A4F81F105B48B3
:101E600000785A490978491C584A117021210855AF
:101E700040F2013104F11E00A4F8231040F20311D6
:101E8000A4F8251052480178A4F82710017801F52C
:101E90008071A4F8291000212B20015584F82C1002
:101EA00084F82D1094F82E1065F3020184F82E109A
:101EB00094F82E0020F0380184F82E10E08D20F4E4
:101EC0007071E185608E810A8902C91C618694F86F
:101ED0002F0020F03C01103184F82F104FF448728D
:101EE000B4F8331062F38C01A4F833104FF4347259
:101EF000A18E62F34F11A1864FF42A72B4F8371005
:101F000062F38C01A4F837104FF4B472218F62F39E
:101F10004F112187002184F83A1084F83B100121E9
:101F200084F83C1094F83D1065F3020184F83D10EC
:101F300094F83D0020F0380184F83D10B4F83D00DD
:101F400020F47071A4F83D10B4F84100810A8902B0
:101F5000C91CA4F8411094F83E0020F03C01103157
:101F600084F83E104FF48762B4F8421062F38C019B
:101F7000A4F842104FF43472B4F8431062F34F11D6
:101F8000A4F8431040F2C442B4F8461062F38C0146
:101F9000A4F846104FF4B472B4F8471062F34F112E
:101FA000A4F84710052104F11E0009F091F8B4F8D7
:101FB0001F0000F1090104F11E0009F071F85A2216
:101FC00004F11E01034804F083FE70BDE800002008
:101FD000D7110020480A002070B504460E46154669
:101FE000A520A077512104F11E00A4F81F10A148DC
:101FF0000078A0490978491C9E4A11702121085592
:1020000040F2013104F11E00A4F8231040F2031144
:10201000A4F8251098480178A4F82710017801F554
:102020008071A4F8291095480078A8B994F82F0079
:1020300020F03C011C3184F82F1094F83E0020F071
:102040003C011C3184F83E1094F84D0020F03C0116
:102050001C3184F84D102EE088480078012815D1F5
:1020600094F82F0020F03C01083184F82F1094F8E8
:102070003E0020F03C01083184F83E1094F84D00F9
:1020800020F03C01083184F84D1014E094F82F0042
:1020900020F03C010C3184F82F1094F83E0020F021
:1020A0003C010C3184F83E1094F84D0020F03C01C6
:1020B0000C3184F84D1000212B200155012184F8AA
:1020C0002C10002184F82D1094F82E1065F30201D5
:1020D00084F82E1094F82E0020F0380184F82E1089
:1020E000E08D20F470714031E185608E810A8902B3
:1020F000323161864FF44872B4F8331062F38C01C8
:10210000A4F833105022A18E62F34F11A1864FF430
:102110008C62B4F8371062F38C01A4F837105022A7
:10212000218F62F34F112187002184F83A10012199
:1021300084F83B1084F83C1094F83D1065F30201DC
:1021400084F83D1094F83D0020F03801103184F8F7
:102150003D10B4F83D0020F470714031A4F83D10FA
:102160000022E18F62F38E11E187B4F83F1062F331
:10217000CF11A4F83F10B4F84100810A8902491D2B
:10218000A4F841104FF45C72B4F8421062F38C0171
:10219000A4F842103722B4F8431062F34F11A4F8A8
:1021A0004310B4F84500810A89021931A4F845109A
:1021B000002184F84910012184F84A10022184F892
:1021C0004B1094F84C1065F3020184F84C1094F80D
:1021D0004C0020F03801103184F84C10B4F84C0059
:1021E00020F470714031A4F84C100022B4F84D1066
:1021F00062F38E11A4F84D10B4F84E1062F3CF11B3
:10220000A4F84E10B4F85000810A8902491DA4F8C0
:1022100050104FF48262B4F8511062F38C01A4F8AC
:1022200051103722B4F8521062F34F11A4F8521033
:10223000B4F85400810A89021931A4F85410052118
:1022400004F11E0008F044FFB4F81F0000F109017A
:1022500004F11E0008F024FF5A2204F11E01084870
:10226000FEF7A5FD5A2204F11E01064804F030FDD8
:1022700070BD0000E8000020D7110020D800002029
:1022800057110020480A002070B504460E46154636
:10229000A520A077512104F11E00A4F81F10AA4820
:1022A0000078A9490978491CA74A117021210855CD
:1022B00040F2013104F11E00A4F8231040F2031192
:1022C000A4F82510A1480178A4F82710017801F599
:1022D0008071A4F829109E480078012802D09D48FA
:1022E0000078A8B994F82F0020F03C011C3184F844
:1022F0002F1094F83E0020F03C011C3184F83E1071
:1023000094F84D0020F03C011C3184F84D1048E059
:1023100090480078012815D194F82F0020F03C0156
:10232000083184F82F1094F83E0020F03C01083169
:1023300084F83E1094F84D0020F03C01083184F8F8
:102340004D102EE084480078012815D194F82F0014
:1023500020F03C010C3184F82F1094F83E0020F05E
:102360003C010C3184F83E1094F84D0020F03C0103
:102370000C3184F84D1014E094F82F0020F03C014B
:102380000C3184F82F1094F83E0020F03C010C3101
:1023900084F83E1094F84D0020F03C010C3184F894
:1023A0004D1000212B200155022184F82C10002112
:1023B00084F82D1094F82E1065F3020184F82E1085
:1023C00094F82E0020F0380184F82E10E08D20F4CF
:1023D00070718031E185608E810A890224316186C5
:1023E0004FF45C72B4F8331062F38C01A4F833102C
:1023F0005522A18E62F34F11A1864FF48262B4F888
:10240000371062F38C01A4F83710B922218F62F3E0
:102410004F112187002184F83A10022184F83B10E3
:10242000012184F83C1094F83D1065F3020184F812
:102430003D1094F83D0020F03801103184F83D1033
:10244000B4F83D0020F470718031A4F83D100022F2
:10245000E18F62F38E11E187B4F83F1062F3CF1180
:10246000A4F83F10B4F84100810A8902491DA4F87C
:1024700041104FF48262B4F8421062F38C01A4F868
:102480004210B922B4F8431062F34F11A4F843107C
:10249000B4F84500810A89021E31A4F845100021D4
:1024A00084F84910022184F84A1084F84B1094F8FB
:1024B0004C1065F3020184F84C1094F84C0020F0A5
:1024C000380184F84C10B4F84C0020F4707180315D
:1024D000A4F84C10B4F85000810A89022431A4F801
:1024E00050104FF48262B4F8511062F38C01A4F8DA
:1024F0005110B922B4F8521062F34F11A4F85210DF
:1025000040F27A32B4F8551062F38C01A4F85510F9
:10251000B922B4F8561062F34F11A4F856100521F1
:1025200004F11E0008F0D4FDB4F81F0000F1090109
:1025300004F11E0008F0B4FD5A2204F11E01074800
:1025400004F0C6FB70BD0000E8000020D711002099
:10255000E0000020D8000020E1000020480A002010
:1025600070B504460E461546A520A077512104F10A
:102570001E00A4F81F10AB480078AA490978491C2E
:10258000A84A11702121085540F2013104F11E00C2
:10259000A4F8231040F20311A4F82510A2480178F2
:1025A000A4F82710017801F58071A4F82910002102
:1025B0002B200155032184F82C10002184F82D10C4
:1025C00094F82E1065F3020184F82E1094F82E0072
:1025D00020F03801083184F82E1094F82F0020F0F4
:1025E0003C01203184F82F10E08D20F47071C0314F
:1025F000E185608E810A8902491D618640F20E6282
:10260000B4F8331062F38C01A4F8331040F23E3278
:10261000A18E62F34F11A18640F23A72B4F83710DE
:1026200062F38C01A4F8371040F2DA22218F62F3B2
:102630004F1121877D48007801287DD194F83E0014
:1026400020F03C01083184F83E1094F84D0020F051
:102650003C01083184F84D1094F85C0020F03C01F6
:10266000083184F85C10002184F83A10032184F8C2
:102670003B10012184F83C1094F83D1065F30201F1
:1026800084F83D1094F83D0020F0380184F83D10A6
:10269000B4F83D0020F47071C031A4F83D10B4F8D6
:1026A0004100810A89021431A4F8411040F25962B4
:1026B000B4F8421062F38C01A4F8421040F23E32AA
:1026C000B4F8431062F34F11A4F8431040F259627A
:1026D000B4F8461062F38C01A4F8461040F266325A
:1026E000B4F8471062F34F11A4F84710002184F8A2
:1026F0004910032184F84A10022184F84B1094F801
:102700004C1065F3020184F84C1094F84C0020F052
:10271000380184F84C10B4F84C0020F47071C031CA
:10272000A4F84C10B4F85000810A89021431A4F8BE
:10273000501040F2EF6200E05FE0B4F8511062F335
:102740008C01A4F8511040F23E32B4F8521062F3FA
:102750004F11A4F8521040F2EF62B4F8551062F332
:102760008C01A4F8551040F26632B4F8561062F3AA
:102770004F11A4F85610002184F85810032184F852
:10278000591084F85A1094F85B1065F3020184F82C
:102790005B1094F85B0020F0380184F85B10B4F80B
:1027A0005B0020F47071C031A4F85B10B4F85F00D6
:1027B000810A89020A31A4F85F1040F20E62B4F86F
:1027C000601062F38C01A4F8601040F26632B4F835
:1027D000611062F34F11A4F8611040F23A72B4F83C
:1027E000641062F38C01A4F8641040F26632B4F80D
:1027F000651062F34F11A4F86510052104F11E0065
:1028000008F066FCB4F81F0000F1090104F11E0095
:1028100008F046FC5A2204F11E01054804F058FA5B
:1028200070BD0000E8000020D7110020DE0000206D
:10283000480A002070B504460E461546A520A0772C
:10284000512104F11E00A4F81F1098480078974900
:102850000978491C954A11702121085540F201312F
:1028600004F11E00A4F8231040F20311A4F825106F
:102870008F480178A4F82710017801F58071A4F839
:1028800029108C48007802287DD08B48007838B910
:1028900094F82F0020F03C01091D84F82F1006E069
:1028A00094F82F0020F03C01203184F82F100021F3
:1028B0002B200155042184F82C10002184F82D10C0
:1028C00094F82E1065F3020184F82E1094F82E006F
:1028D00020F0380184F82E10E08D20F4707101F59D
:1028E0008071E185608E810A89025031618640F2F3
:1028F0003162B4F8331062F38C01A4F833104FF452
:102900004372A18E62F34F11A18640F28162B4F846
:10291000371062F38C01A4F837104FF44372218F03
:1029200062F34F1121876548007838B994F83E006A
:1029300020F03C01091D84F83E1006E094F83E00AA
:1029400020F03C01203184F83E10002184F83A1038
:10295000042184F83B10012184F83C1094F83D10C8
:1029600065F3020184F83D1094F83D0020F0380131
:1029700084F83D10B4F83D0020F4707101F58071C9
:10298000A4F83D1000E026E0B4F84100810A890275
:102990005031A4F8411040F21772B4F8421062F3BB
:1029A0008C01A4F842104FF44372B4F8431062F360
:1029B0004F11A4F8431040F2C762B4F8461062F316
:1029C0008C01A4F846104FF44372B4F8471062F338
:1029D0004F11A4F847103A480078012807D194F81D
:1029E0004D0020F03C01083184F84D1006E094F8C9
:1029F0004D0020F03C01203184F84D10002184F876
:102A00004910042184F84A10022184F84B1094F8EC
:102A10004C1065F3020184F84C1094F84C0020F03F
:102A2000380184F84C10B4F84C0020F4707101F5B2
:102A30008071A4F84C10B4F85000810A8902323138
:102A4000A4F850104FF4C862B4F8511062F38C012E
:102A5000A4F851104FF41672B4F8521062F34F11EB
:102A6000A4F852104FF4E162B4F8551062F38C01EF
:102A7000A4F855104FF41672B4F8561062F34F11C3
:102A8000A4F85610052104F11E0008F021FBB4F84B
:102A90001F0000F1090104F11E0008F001FB5A2299
:102AA00004F11E01074804F013F970BDE80000208E
:102AB000D7110020D9000020DC000020DD0000201C
:102AC000DB000020480A002070B58EB004460E4698
:102AD0001546A52084F87800332104F17800A4F885
:102AE0007910FE480078FD490978491CFB4A1170AD
:102AF0007B21085540F2013104F17800A4F87D10E3
:102B00004FF48871A4F87F10F5480178A4F881107B
:102B1000017801F58071A4F88310F248007802284A
:102B20007ED0002185200155052184F886100021E2
:102B300084F8871094F8881065F3020184F88810EF
:102B400094F8880020F03801383184F88810B4F8FF
:102B5000880020F4707101F5A071A4F8881094F831
:102B6000890020F03C01103184F889101422B4F857
:102B7000891062F38E11A4F88910B4F88C00810AD0
:102B80008902C91CA4F88C103222B4F88D1062F3AB
:102B90008C01A4F88D104FF45C72B4F88E1062F3BF
:102BA0004F11A4F88E10D0A207CA08AB07C32D217D
:102BB00004F19400FEF7F0F80899C4F8941009990C
:102BC000C4F898109DF8281084F89C100922B4F8D5
:102BD0008A1062F3CF11A4F88A10052104F178005D
:102BE00008F076FAB4F8790000F1090104F17800F0
:102BF00008F056FA3C2204F17801BE4804F068F867
:102C0000232009F035FBBC48007800BBBBA103C9F9
:102C1000CDE9030194F8890020F03C01083100E07F
:102C2000B6E284F889100522B4F88A1062F3CF1155
:102C3000A4F88A102D2104F19400FEF7ADF8982035
:102C40000399C4F894109DF810100155D1E0AA48DA
:102C5000007801281ED1ABA00068049094F8890088
:102C600020F03C01083184F889100322B4F88A105E
:102C700062F3CF11A4F88A102D2104F19400FEF71D
:102C80008BF89620BDF81010A4F894109DF812103F
:102C90000155AEE09848007802281ED19AA000683D
:102CA000049094F8890020F03C01083184F88910E0
:102CB0000322B4F88A1062F3CF11A4F88A102D21F0
:102CC00004F19400FEF768F89620BDF81010A4F8FF
:102CD00094109DF8121001558BE087480078032866
:102CE00021D18AA207CA02AB07C394F8890020F059
:102CF0003C01083184F889100922B4F88A1062F383
:102D0000CF11A4F88A102D2104F19400FEF744F8A5
:102D10000299C4F894100399C4F898109DF8101003
:102D200084F89C1065E07448007804281DD17AA1CD
:102D300003C9CDE9030194F8890020F03C01083172
:102D400084F889100822B4F88A1062F3CF11A4F82D
:102D50008A102D2104F19400FEF71EF80399C4F89F
:102D600094100499C4F8981043E06348007805284B
:102D70001ED16BA103C9CDE9030194F8890020F0AD
:102D80003C01083184F889100522B4F88A1062F3F6
:102D9000CF11A4F88A102D2104F19400FDF7FCFF57
:102DA00098200399C4F894109DF81010015520E064
:102DB0005DA103C9CDE9030194F8890020F03C012D
:102DC0000C3184F889100622B4F88A1062F3CF110E
:102DD000A4F88A102D2104F19400FDF7DDFF04F121
:102DE00078000399C4F89410BDF81010A4F8981056
:102DF00000BF002185200155052184F8861001219E
:102E000084F8871094F8881065F3020184F888101C
:102E100094F8880020F03801383184F88810B4F82C
:102E2000880020F4707101F5A071A4F888101422B4
:102E3000B4F8891062F38E11A4F88910B4F88C00EC
:102E4000810A8902C91CA4F88C103222B4F88D10B2
:102E500062F38C01A4F88D1040F23E32B4F88E106B
:102E600062F34F11A4F88E10052104F1780008F0E8
:102E70002FF9B4F8790000F1090104F1780008F0A5
:102E80000FF93C2204F178011A4803F021FF2320B6
:102E900009F0EEF9002185200155052184F88610FE
:102EA000022184F8871094F8881065F3020184F8F1
:102EB000881094F8880020F03801383184F88810A0
:102EC000B4F8880020F4707101F5A071A4F888109E
:102ED00094F8890020F03C01103129E0E80000203E
:102EE000D7110020D90000204D6F76655F6D6F64AB
:102EF00065000000480A0020DA000020484F4D45D8
:102F0000000000004175000041670000455843483B
:102F1000414E474500000000476F75446F6E6700E3
:102F200057414954000000004552524F52000000E2
:102F300084F889101422B4F8891062F38E11A4F871
:102F40008910B4F88C00810A8902C91CA4F88C107D
:102F50003222B4F88D1062F38C01A4F88D104FF476
:102F60004372B4F88E1062F34F11A4F88E10C1A210
:102F700007CA05AB07C32D2104F19400FDF70CFF30
:102F80000599C4F894100699C4F898100822B4F86A
:102F90008A1062F3CF11A4F88A10052104F1780099
:102FA00008F096F8B4F8790000F1090104F178000E
:102FB00008F076F83C2204F17801B14803F088FE6D
:102FC000232009F055F9AF48007828BBAEA207CA04
:102FD00002AB07C394F8890020F03C01083184F863
:102FE00089100B22B4F88A1062F3CF11A4F88A106A
:102FF0002D2104F19400FDF7CFFE0299C4F894103E
:103000000399C4F89810BDF81010A4F89C109DF80E
:10301000121084F89E1069E09A48007801281FD1A8
:103020009CA30FCBCDE90323CDE9010194F88900DE
:1030300020F03C01083184F889100D22B4F88A1080
:1030400062F3CF11A4F88A102D2104F19400FDF74A
:10305000A3FE0D2201A904F19400FDF784FE45E0D2
:103060008848007802281FD18EA30FCBCDE9032317
:10307000CDE9010194F8890020F03C01083184F881
:1030800089100D22B4F88A1062F3CF11A4F88A10C7
:103090002D2104F19400FDF77FFE0D2201A904F11A
:1030A0009400FDF760FE21E0AFF2841103C9CDE981
:1030B000030194F8890020F03C010C3184F8891058
:1030C0000622B4F88A1062F3CF11A4F88A102D21D9
:1030D00004F19400FDF760FE04F178000399C4F850
:1030E0009410BDF81010A4F8981000BF002185209E
:1030F0000155052184F88610032184F8871094F87F
:10310000881065F3020184F8881094F8880020F094
:103110003801383184F88810B4F8880020F47071D0
:1031200001F5A071A4F888101422B4F8891062F394
:103130008E11A4F88910B4F88C00810A8902C91C88
:10314000A4F88C103222B4F88D1062F38C01A4F82C
:103150008D1040F2DA22B4F88E1062F34F11A4F809
:103160008E10052104F1780007F0B2FFB4F8790061
:1031700000F1090104F1780007F092FF3C2204F10C
:1031800078013F4803F0A4FD232009F071F800BF47
:10319000002185200155052184F88610042184F83A
:1031A000871094F8881065F3020184F8881094F869
:1031B000880020F03801383184F88810B4F888008D
:1031C00020F4707101F5A071A4F8881094F88900BA
:1031D00020F03C01103184F889101422B4F88910D1
:1031E00062F38E11A4F88910B4F88C00810A890268
:1031F000C91CA4F88C104FF4C862B4F88D1062F3A7
:103200008C01A4F88D104FF42A72B4F88E1062F37A
:103210004F11A4F88E1027A207CA0BAB07C32D21AC
:1032200004F19400FDF7B8FD04F178000B99C4F89F
:1032300094100C99C4F89810BDF83410A4F89C10A0
:103240000A22B4F88A1062F3CF11A4F88A1005217B
:1032500007F03EFFB4F8790000F1090104F17800AD
:1032600007F01EFF3C2204F17801054803F030FD11
:103270000EB070BD41524D5F4D4F444500000000FF
:10328000480A0020D90000204E585F434F4E545248
:103290004F4C00004F4E455F4B45595F4D4F4445E5
:1032A0000000000053454C465F434F4E54524F4C74
:1032B0000000000053756B65725F6D6F6465000000
:1032C00070B504460E461546A520A077512104F19D
:1032D0001E00A4F81F10A7480078A6490978491CC9
:1032E000A44A11702121085540F2013104F11E0059
:1032F000A4F8231040F20311A4F825109E48017889
:10330000A4F82710017801F58071A4F82910002194
:103310002B200155062184F82C10002184F82D1053
:1033200094F82E1065F3020184F82E1094F82E0004
:1033300020F0380184F82E10E08D20F4707101F532
:10334000C071E185608E810A8902C91C618694F88A
:103350002F0020F03C01103184F82F1040F2C442BD
:10336000B4F8331062F38C01A4F83310E622A18E76
:1033700062F34F11A18640F24C42B4F8371062F369
:103380008C01A4F83710E122218F62F34F112187BD
:10339000002184F83A10062184F83B10012184F8BA
:1033A0003C1094F83D1065F3020184F83D1094F848
:1033B0003D0020F0380184F83D10B4F83D0020F4C1
:1033C000707101F5C071A4F83D10B4F84100810A94
:1033D0008902C91CA4F8411094F83E0020F03C0179
:1033E000103184F83E1040F2C442B4F8421062F347
:1033F0008C01A4F84210E622B4F8431062F34F1196
:10340000A4F8431040F21452B4F8461062F38C0151
:10341000A4F846100022B4F8471062F34F11A4F844
:103420004710002184F84910062184F84A1002212F
:1034300084F84B1094F84C1065F3020184F84C109A
:1034400094F84C0020F0380184F84C10B4F84C008B
:1034500020F4707101F5C071A4F84C10B4F850005C
:10346000810A8902C91CA4F8501094F84D0020F07C
:103470003C01103184F84D104FF43472B4F85110FF
:1034800062F38C01A4F85110E622B4F8521062F3F2
:103490004F11A4F8521040F23E32B4F8551062F3C6
:1034A0008C01A4F85510E122B4F8561062F34F11C4
:1034B000A4F85610002184F85810062184F85910F9
:1034C000032184F85A1094F85B1065F3020184F824
:1034D0005B1094F85B0020F0380184F85B10B4F8BE
:1034E0005B0020F4707101F5C071A4F85B10B4F8B2
:1034F0005F00810A8902C91CA4F85F1094F85C007F
:1035000020F03C01103184F85C104FF43472B4F8B0
:10351000601062F38C01A4F86010E622B4F8611028
:1035200062F34F11A4F861104FF42072B4F86410E4
:1035300062F38C01A4F864100022B4F8651062F301
:103540004F11A4F86510052104F11E0007F0C0FD1D
:10355000B4F81F0000F1090104F11E0007F0A0FDFE
:103560005A2204F11E01054803F0B2FB232008F0A3
:103570007FFE70BDE8000020D7110020480A00201F
:1035800070B586B004460E461546A52084F878002E
:10359000332104F17800A4F87910FE480078FD4941
:1035A0000978491CFB4A11707B21085540F2013112
:1035B00004F17800A4F87D104FF48871A4F87F100E
:1035C000F5480178A4F88110017801F58071A4F81C
:1035D0008310002185200155072184F886100021E1
:1035E00084F8871094F8881065F3020184F8881035
:1035F00094F8880020F03801383184F88810B4F845
:10360000880020F4707101F5E071A4F8881094F836
:10361000890020F03C01103184F889101422B4F89C
:10362000891062F38E11A4F88910B4F88C00810A15
:103630008902C91CA4F88C104FF4C862B4F88D102C
:1036400062F38C01A4F88D104FF4F072B4F88E1070
:1036500062F34F11A4F88E10D0A30FCBCDE9042351
:10366000CDE902012D2104F19400FDF795FB0D2217
:1036700002A904F19400FDF776FB0D22B4F88A103C
:1036800062F3CF11A4F88A10052104F1780007F045
:103690001FFDB4F8790000F1090104F1780007F08A
:1036A000FFFC3C2204F17801C04803F011FB232009
:1036B00008F0DEFDBE480078D0B9BEA000680190D9
:1036C00094F8890020F03C01083184F88910022226
:1036D000B4F88A1062F3CF11A4F88A102D2104F1F6
:1036E0009400FDF759FBBDF80410A4F894105EE0B7
:1036F000AF48007801281AD1AFA00068019094F873
:10370000890020F03C01083184F889100222B4F8C5
:103710008A1062F3CF11A4F88A102D2104F19400CD
:10372000FDF73AFBBDF80410A4F894103FE0A04860
:10373000007802281AD1A1A00068019094F88900AD
:1037400020F03C01083184F889100222B4F88A1074
:1037500062F3CF11A4F88A102D2104F19400FDF733
:103760001BFBBDF80410A4F8941020E094A103C939
:10377000CDE9000194F8890020F03C010C3184F877
:1037800089100622B4F88A1062F3CF11A4F88A10C7
:103790002D2104F19400FDF7FFFA04F1780000995F
:1037A000C4F89410BDF80410A4F8981000BF0021CC
:1037B00085200155072184F88610012184F887109F
:1037C00094F8881065F3020184F8881094F8880052
:1037D00020F03801383184F88810B4F8880020F4DB
:1037E000707101F5E071A4F888101422B4F8891002
:1037F00062F38E11A4F88910B4F88C00810A890252
:10380000C91CA4F88C104FF4C862B4F88D1062F390
:103810008C01A4F88D104FF4D772B4F88E1062F3B7
:103820004F11A4F88E10052104F1780007F050FC28
:10383000B4F8790000F1090104F1780007F030FCD8
:103840003C2204F17801594803F042FA232008F0A1
:103850000FFDA520A077512104F11E00A4F81F1030
:103860004C4800784B490978491C4A4A117021217B
:10387000085540F2013104F11E00A4F8231040F273
:103880000311A4F8251044480178A4F82710017802
:1038900001F58071A4F8291045480078012803D06B
:1038A00043480078022842D100212B2001550721EE
:1038B00084F82C10022184F82D1094F82F0020F0A9
:1038C0003C01083184F82F1094F82E1065F30201A2
:1038D00084F82E1094F82E0020F0380184F82E1071
:1038E000E08D20F4707101F5E071E185608E810A50
:1038F0008902143161864FF4CD62B4F8331062F35B
:103900008C01A4F8331040F2DA22A18E62F34F1139
:10391000A18640F24A62B4F8371062F38C01A4F831
:10392000371040F2DA22218F62F34F1121872048AD
:103930000078022866D1002184F83A10072184F823
:103940003B10032184F83C1094F83E0020F03C0129
:10395000083184F83E1094F83D1065F3020184F8B4
:103960003D1094F83D0020F0380184F83D10B4F883
:103970003D0020F4707101F5E071A4F83D10B4F839
:103980004100810A89021431A4F8411040F2FE621C
:103990001AE00000E8000020D71100204F52455FD8
:1039A00050554D505F464C4147000000480A0020EA
:1039B000E60000203000000031000000320000006E
:1039C0004552524F52000000B4F8421062F38C018D
:1039D000A4F8421040F2DA22B4F8431062F34F1117
:1039E000A4F843104FF4DC62B4F8461062F38C0183
:1039F000A4F8461040F2DA22B4F8471062F34F11EF
:103A0000A4F84710052104F11E0007F061FBB4F88B
:103A10001F0000F1090104F11E0007F041FB5A22CA
:103A200004F11E01024803F053F906B070BD000016
:103A3000480A002010B5012000F09EFF10BD10B50F
:103A4000082000F099FF10BD10B5102000F094FF81
:103A500010BD10B5202000F08FFF10BDD2ED020A7E
:103A600092ED021AB6EE000A00EEC10AD2ED030A88
:103A700092ED031A00EEC10AD0ED000A20EE200AF2
:103A8000D2ED010A92ED021A60EE810A92ED001A5F
:103A9000D2ED031A41EE210A90ED011A00EE810ADF
:103AA000D2ED010A92ED031A60EE810A92ED001A3E
:103AB000D2ED021A41EE610A90ED021A00EE810A7F
:103AC000F0EE000A20EE200A81ED000A92ED010AD4
:103AD000D2ED020A20EE200AD2ED000A92ED031A7E
:103AE00000EEC10AD0ED000A60EE200A92ED011A44
:103AF000D2ED011AB6EE000A01EE610AD2ED031A08
:103B000092ED032AB0EE401A01EEC21AD0ED011A6E
:103B1000B0EE600A01EE210AD2ED020A92ED031A1C
:103B200060EE810A92ED001AD2ED011A41EE210AEF
:103B300090ED021A00EE810AF0EE000A20EE200A53
:103B400081ED010A92ED010AD2ED030A20EE200A6E
:103B5000D2ED000A92ED021A00EE810AD0ED000AC1
:103B600020EE200AD2ED020A92ED031A60EE810ADD
:103B700092ED001AD2ED011A41EE610A90ED011AA0
:103B800000EE810A92ED011AD2ED011AF6EE000A5A
:103B900041EE610A92ED021AD2ED021A41EE610A7B
:103BA00090ED021A00EE810AF0EE000A20EE200AE3
:103BB00081ED020A704772B600BFFEE710B50246FB
:103BC00092F82030012B01D0022B06D110684069F9
:103BD000084314686061002010BD506A40F48020E2
:103BE00050620120F8E70000F0B504460A4621685B
:103BF00094F82050012D01D0022D7ED1424901F5CB
:103C00000071086840F001000860086820F47C50EA
:103C100008600868566A40EA06200860107D00F0D7
:103C20001F06012000FA06F3C8699843C861A1F590
:103C30000071D069C8B9D1F80C029843C1F80C02E0
:103C4000908880B2968940EA064601F5107057695F
:103C500040F83760108880B2168940EA064601F5C0
:103C60001070576900EBC7004660D069012819D170
:103C7000D1F80C021843C1F80C02908880B2168863
:103C800040EA064601F51070576940F837609089A0
:103C900080B2168940EA064601F51070576900EBBC
:103CA000C7004660906928B9D1F804029843C1F86A
:103CB000040204E0D1F804021843C1F804021069B8
:103CC00028B9D1F814029843C1F8140204E0D1F8DD
:103CD00014021843C1F81402106A012804D1D1F863
:103CE0001C021843C1F81C02D1F8000220F00100A8
:103CF000C1F800020020F0BDFFE7606A40F48020B8
:103D000060620120F7E7000000640040704770B572
:103D1000044694F82050012D01D0022D7DD151B9D7
:103D20002068C06800F0030080B9606A40F40010A9
:103D30006062012070BD2068006900F0030028B9AE
:103D4000606A40F4001060620120F3E7206800F52B
:103D5000D87000EB0110006800F0040090609068DB
:103D600040B9206800F5D87000EB01100068400DE4
:103D7000106007E0206800F5D87000EB01100068C3
:103D8000C0085060206800F5D87000EB0110006892
:103D900000F00200D060206800F5D87000EB011040
:103DA000406800F00F001061206800F5D87000EB4B
:103DB0000110406800F47F40000A9061206800F51F
:103DC000D87000EB01104068000C5061206800F5CD
:103DD000D87000EB011080681870206800F5D8706A
:103DE00000EB0110806800F47F40000A58702068E2
:103DF00000F5D87000EB0110806800F47F00000C23
:103E00009870206800F5D87000EB01108068000EF3
:103E1000D870206800F5D87000E02FE000EB0110AA
:103E2000C0681871206800F5D87000EB0110C068F8
:103E300000F47F40000A5871206800F5D87000EB4C
:103E40000110C06800F47F00000C9871206800F534
:103E5000D87000EB0110C068000ED87131B920682D
:103E6000C06840F020002668F06005E02068006926
:103E700040F020002668306100205BE7606A40F473
:103E800080206062012055E72DE9F05F044600259F
:103E9000206846692068D0F8049020688768206808
:103EA000D0F80CA02068D0F810B02068D0F81880A6
:103EB00006F00100002855D007F00100C0B1012034
:103EC0002168886007F0020018B1204600F0CFFAA0
:103ED0000EE007F0040010B145F4006508E007F0BB
:103EE000080010B145F4805502E0204600F0BEFA0B
:103EF00007F48070C8B14FF480702168886007F4BF
:103F0000007018B1204600F0B4FA0EE007F48060AB
:103F100010B145F4005508E007F4006010B145F415
:103F2000804502E0204600F0A3FA07F48030C8B1D3
:103F30004FF480302168886007F4003018B12046C3
:103F400000F099FA0EE007F4802010B145F4004526
:103F500008E007F4002010B145F4803502E0204667
:103F600000F088FA06F0080038B10AF0100020B11D
:103F700045F4007510202168C86006F0040040B1C7
:103F80000AF0080028B108202168C860204600F027
:103F90000DFA06F0020038B12068C06800F0030096
:103FA00010B1204600F004FA06F0400038B10BF0E2
:103FB000100020B145F4806510202168086106F0EA
:103FC000200040B10BF0080028B1082021680861EA
:103FD000204600F019FA06F0100038B12068006998
:103FE00000F0030010B1204600F00FFA06F4003094
:103FF00040B109F0100028B1102021684860204627
:1040000000F004FA06F4803040B109F0080028B14D
:10401000082021684860204600F02EFA06F400408F
:1040200088B309F0040078B306F4807020B108F07A
:10403000010008B145F0010506F4007020B108F058
:10404000020008B145F0020506F4806020B108F0D6
:10405000040008B145F0040506F40060A0B108F0C2
:10406000700088B108F07000402817D006DC1028D6
:104070000BD020280CD0302819D10CE0502810D0BB
:10408000602814D110E01DE019E045F008050FE0AC
:1040900045F010050CE045F0200509E045F040052D
:1040A00006E045F0800503E045F4807500E000BFC0
:1040B00000BF2068806920F07000216888610420BA
:1040C000216848602DB1606A284360622046FFF78E
:1040D0001DFEBDE8F09F70B504460CB9012070BD0F
:1040E00094F8200010B9204600F0B0F8206800686D
:1040F00040F001002168086000F04CFD05460DE02D
:1041000000F048FD401B0A2808D9606A40F40030DE
:104110006062052084F820000120E0E72068406804
:1041200000F001000028EBD02068006820F00200B9
:104130002168086000F02EFD05460DE000F02AFD24
:10414000401B0A2808D9606A40F4003060620520EC
:1041500084F820000120C2E72068406800F00200D7
:104160000028EBD1207E012806D12068006840F0AD
:1041700080002168086005E02068006820F0800069
:1041800021680860607E012806D12068006840F040
:1041900040002168086005E02068006820F04000C9
:1041A00021680860A07E012806D12068006840F0E0
:1041B00020002168086005E02068006820F02000E9
:1041C00021680860E07E012806D12068006820F0A0
:1041D00010002168086005E02068006840F01000C9
:1041E00021680860207F012806D12068006840F01F
:1041F00008002168086005E02068006820F00800D9
:1042000021680860607F012806D12068006840F0BE
:1042100004002168086005E02068006820F00400C0
:1042200021680860D4E902010843216908436169F3
:1042300008436168491E08432168C8610020606224
:10424000012084F82000002049E7000010B586B066
:104250000446142101A8FCF79FFD4E4920688842BE
:1042600041D14D480068401C4B4908600846006831
:1042700001280FD100BF002000904848006840F09E
:104280000070464908600846006800F00070009021
:1042900000BF00BF00BF00200090404810380068F9
:1042A00040F008003D49103908600846006800F0F9
:1042B0000800009000BF00BF032001900220029080
:1042C00000200390032004900920059001A93448A0
:1042D00000F060FB00220521142000F06BFE14208A
:1042E00000F058FE54E02F492068884250D100BFAA
:1042F000002000902948006840F08060274908604D
:104300000846006800F08060009000BF00BF2248AF
:104310000068401C204908600846006801280FD149
:1043200000BF002000901D48006840F000701B494D
:1043300008600846006800F00070009000BF00BFF1
:1043400000BF0020009015481038006840F00200BF
:104350001249103908600846006800F00200009019
:1043600000BF00BF60200190022002900020039057
:10437000032004900920059001A90B4800F00AFBD6
:1043800000220521402000F015FE402000F002FE32
:1043900006B010BD00640040180000204038024004
:1043A000000C02400068004000040240704700001A
:1043B00010B58AB0044601AB03AA00212046FFF7DE
:1043C000A6FC0F48844218D10398022804D101A901
:1043D0000C4807F005FC10E00398042805D101A95A
:1043E0000848103007F046FC07E00398062804D17F
:1043F00001A90448203007F087FC0AB010BD000076
:104400006C070020000F002070477047704770B5A0
:10441000044694F82000012822D1022084F82000CC
:104420002068006820F001002168086000F0B2FBFD
:1044300005460DE000F0AEFB401B0A2808D9606A73
:1044400040F400306062052084F82000012070BD37
:104450002068406800F001000028EBD16062F6E7B8
:10446000606A40F4002060620120F0E77047704706
:104470007047704770477047704770B50446A56D28
:1044800000F088FB064694F83500022808D080200A
:10449000606500BF002084F8340000BF012070BDBB
:1044A0002068006820F016002168086020684069D4
:1044B00020F0800021684861206C08B9A06C28B108
:1044C0002068006820F00800216808602068006803
:1044D00020F001002168086010E000F05BFB801B09
:1044E00005280BD920206065032084F8350000BF23
:1044F000002084F8340000BF0320D0E72068006863
:1045000000F001000028E8D194F85C103F208840BA
:10451000A860012084F8350000BF002084F8340032
:1045200000BF00BFBBE7014691F83500022803D069
:104530008020486501207047052081F83500086813
:10454000006820F001000A6810600020F3E7000016
:10455000F8B50446002000908C4800684FF41651CE
:10456000B0FBF1F7A56D2E6894F85C100820884028
:10457000304098B12068006800F0040070B12068F5
:10458000006820F004002168086094F85C1008209E
:104590008840A860606D40F00100606594F85C1090
:1045A00001208840304068B12068406900F08000F8
:1045B00040B194F85C1001208840A860606D40F024
:1045C0000200606594F85C1004208840304068B1B7
:1045D0002068006800F0020040B194F85C100420EC
:1045E0008840A860606D40F00400606594F85C103D
:1045F00010208840304078B32068006800F0080040
:1046000050B394F85C1010208840A86020680068BF
:1046100000F4802080B12068006800F4002028B9F0
:10462000206CC8B12046216C884715E0A06C98B179
:104630002046A16C88470FE02068006800F4807075
:1046400028B92068006820F0080021680860206C04
:1046500010B12046216C884794F85C1020208840D7
:104660003040002865D02068006800F01000002865
:104670005FD094F85C1020208840A86094F8350042
:10468000052828D12068006820F0160021680860FD
:104690002068406920F0800021684861206C08B9DA
:1046A000A06C28B12068006820F00800216808602C
:1046B00094F85C103F208840A860012084F8350001
:1046C00000BF002084F8340000BF206D10B12046E8
:1046D000216D8847F8BD2068006800F4802080B113
:1046E0002068006800F4002028B9606C10B12046F2
:1046F000616C88471DE0E06BD8B12046E16B8847CC
:1047000017E02068006800F4807068B920680068CD
:1047100020F0100021680860012084F8350000BFF7
:10472000002084F8340000BFE06B10B12046E16B3C
:104730008847606D38B3606D00F00100F0B105206E
:1047400084F835002068006820F0010021680860C6
:1047500000BF0098401C0090B84200D905E02068D6
:10476000006800F001000028F3D100BF012084F8A8
:10477000350000BF002084F8340000BFE06C10B1A9
:104780002046E16C884700BFA4E700002800002015
:104790002DE9F0410446002500F0FCF9074614B964
:1047A0000120BDE8F081606A00B100BF022084F8FA
:1047B000350000BF002084F8340000BF2068006886
:1047C00020F00100216808600AE000F0E3F9C01B56
:1047D000052805D920206065032084F83500E0E72E
:1047E0002068006800F001000028EED1206805680C
:1047F00021480540D4E901010843E16808432169E3
:10480000084361690843A1690843E1690843216AD3
:1048100008430543606A042803D1D4E90B01084327
:104820000543206805602068456925F00705606A32
:104830000543606A04280DD1A06A0543E06A48B1C7
:104840002046FDF7DFF828B140206065012084F89C
:104850003500A6E7206845612046FDF7B9F8064611
:1048600094F85C103F208840B06000206065012013
:1048700084F83500002094E73F8010F02DE9F041E6
:1048800004460D4616461F464FF0000800BF94F838
:104890003400012802D10220BDE8F081012084F813
:1048A000340000BF94F83500012811D1022084F8AB
:1048B0003500002060653B46324629462046FDF71C
:1048C000F6F82068006840F001002168086006E002
:1048D00000BF002084F8340000BF4FF002084046BB
:1048E000DAE72DE9F04704460D4616461F464FF01D
:1048F0000008D4F8589000BF94F83400012802D181
:104900000220BDE8F087012084F8340000BF94F84D
:104910003500012825D1022084F83500002060658B
:104920003B46324629462046FDF7C1F894F85C1014
:104930003F208840C9F808002068006840F0160051
:1049400021680860206C28B12068006840F00800E9
:10495000216808602068006840F001002168086054
:1049600006E000BF002084F8340000BF4FF00208CA
:104970004046C6E77047000010B50446044800688A
:10498000204020B1024804602046FFF7F3FF10BD2D
:10499000143C0140F8B502460B46002500240020D7
:1049A0000021D6E0012606FA01F51E6806EA050494
:1049B000AC4274D11E7906F00306012E04D01E7994
:1049C00006F00306022E13D190684F000326BE4066
:1049D000B0434F00DE68BE4030439060506801260F
:1049E0008E40B0431E79C6F300168E4030435060AF
:1049F0001E7906F00306032E09D0D0684F00032667
:104A0000BE40B0434F009E68BE403043D0601E7928
:104A100006F00306022E13D1CF0802F1200656F845
:104A200027004E07F70E0F26BE40B0434F07FF0E7C
:104A30001E69BE403043CF0802F1200646F8270029
:104A400010684F000326BE40B0431E7906F00306EF
:104A50004F00BE40304310605E6806F44036002EC2
:104A600076D000BF002600963C4E366846F480465D
:104A70003A4F3E603E46366806F48046009600BFD8
:104A800000BF374E8F0856F827008E07370F0F26C6
:104A9000BE40B043334EB24202D1002624E057E07C
:104AA000314EB24201D101261EE0304EB24201D158
:104AB000022619E02E4EB24201D1032614E02D4EFB
:104AC000B24201D104260FE02B4EB24201D105269D
:104AD0000AE02A4EB24201D1062605E0284EB24233
:104AE00001D1072600E008268F073F0FBE40304364
:104AF0001B4E8F0846F82700224E3068A0435E68A0
:104B000006F4801606B120431E4E3060361D306814
:104B1000A0435E6806F4001606B12043194E361D08
:104B20003060184E361F3068A0435E6806F40036C9
:104B300006B12043134E361F3060361F3068A04345
:104B40005E6806F4803606B120430E4E083E3060A3
:104B5000491C1029FFF426AFF8BD0000443802407C
:104B600008380140000002400004024000080240F2
:104B7000000C0240001002400014024000180240E5
:104B8000001C0240083C01400AB1816101E00B04B5
:104B90008361704701480068704700001C000020D6
:104BA00070B504460CB9012070BD94F83D0028B9D9
:104BB000002084F83C00204600F0DAF8242084F835
:104BC0003D002068006820F001002168086020682E
:104BD000006840F40040216808602068006820F404
:104BE00000402168086000F021FB05465C496068D0
:104BF000884206D85B48854201D2012007E00020A8
:104C000005E05948854201D2012000E0002001283A
:104C100000D1C9E75548B5FBF0F62068406820F0A0
:104C20003F003043216848604D496068884201D8A0
:104C3000701C07E04FF4967070434FF47A71B0FB2C
:104C4000F1F0401C2168096A21F03F010843216806
:104C5000086243496068884214D8681E6168490048
:104C6000B0FBF1F0401CC0F30B00042801D204207B
:104C70003DE0681E61684900B0FBF1F0401CC0F3E4
:104C80000B0034E0A06838B9681E616801EB41018F
:104C9000B0FBF1F0401C0AE0681E616801EBC10244
:104CA00002EB0111B0FBF1F0401C40F48040C0F376
:104CB0000B0008B901201AE0A06848B9681E6168B5
:104CC00001EB4101B0FBF1F0401CC0F30B000CE024
:104CD000681E616801EBC10202EB0111B0FBF1F04B
:104CE000401CC0F30B0040F4804040F400402168B9
:104CF000C9694CF6FF72914308432168C861D4E941
:104D0000070108432168096821F0C00108432168B0
:104D10000860D4E9031008432168896848F2FF322B
:104D20009143084321688860D4E90501084321685C
:104D3000C96821F0FF0108432168C8602068006845
:104D400040F001002168086000202064202084F8E1
:104D50003D000020206384F83E0000BF24E70000EF
:104D6000A086010080841E0000093D0040420F0023
:104D700010B586B00446142101A8FCF70DF82A49A5
:104D8000206888424DD100BF00200090274800686D
:104D900040F00400254908600846006800F004005F
:104DA000009000BF00BF00BF0020009008460068D0
:104DB00040F0010008600846006800F00100009023
:104DC00000BF00BF48150190122002900020039000
:104DD000032004900420059001A91548FFF7DAFD8F
:104DE0004FF4807001901220029000200390032065
:104DF00004900420059001A90E48FFF7CBFD00BFE9
:104E00000020009009481030006840F40000074975
:104E1000103108600846006800F40000009000BFF0
:104E200000BF06B010BD0000005C004030380240FA
:104E30000008024000000240034800680349097866
:104E400008440149086070471C000020240000202D
:104E500010B50D48006840F400700B490860084622
:104E6000006840F4806008600846006840F4807084
:104E70000860032000F0DCF80F2000F007F800F0D5
:104E80005FF8002010BD0000003C02402DE9F04119
:104E900088B004460027B84600BF00200190234890
:104EA000006840F02000214908600846006800F0D2
:104EB0002000019000BF00BF02A903A800F08EF9F6
:104EC000069F1FB900F0B2F9054602E000F0AEF906
:104ED00045001748B5FBF0F0A0F101081548164948
:104EE000086040F2E7311448C160C0F80480002136
:104EF00001618160816100F01BFF064696B90E4892
:104F000000F0F8FF06466EB9372000F043F8102C89
:104F100007D200222146372000F04CF807480460F1
:104F200000E00126304608B0BDE8F081403802407C
:104F300040420F0000140040F40C0020200000202C
:104F400008B500BF002000901148006840F4804080
:104F50000F4908600846006800F48040009000BFD8
:104F600000BF00BF00200090081F006840F0805084
:104F7000091F08600846006800F08050009000BFDC
:104F800000BF00220F21901E00F014F808BD0000A1
:104F90004438024001460846002809DB00F01F03A0
:104FA00001229A4043099B0003F1E023C3F800214A
:104FB00000BF70472DE9F05F80460D46164600277A
:104FC00005F0B8FD074639462A46334601F007008A
:104FD000C0F1070ABAF1040F02D94FF0040A01E048
:104FE000C0F1070AD14600F1040ABAF1070F02D254
:104FF0004FF0000A01E0A0F1030AD4464FF0010A85
:105000000AFA09FAAAF1010A0AEA020A0AFA0CFAE9
:105010004FF0010B0BFA0CFBABF1010B0BEA030B8E
:105020004AEA0B042146404605F08CFDBDE8F09F9E
:1050300000BF00F00702064B19684FF6FF03194046
:10504000044B0B4343EA0221014B196000BF704738
:105050000CED00E00000FA0570B504460D460CB9F1
:10506000012070BD5848006800F00700A84209D22E
:1050700055490D700846006800F00700A84201D0AD
:105080000120EEE7207800F0020002281DD12078F0
:1050900000F00400042805D14C48006840F4E050BA
:1050A0004A490860207800F00800082805D14748E0
:1050B000006840F46040454908604448006820F0BA
:1050C000F000A168084341490860207800F0010021
:1050D000A8B36068012807D13C4808380068C0F3CD
:1050E0004040B8B90120BCE76068022802D060687F
:1050F000032807D1354808380068C0F3406048B934
:105100000120AEE7314808380068C0F3400008B914
:105110000120A6E72D48006820F0030061680843DD
:105120002A490860FFF736FD064609E0FFF732FD21
:10513000801B41F28831884202D9032091E707E0C1
:105140002248006800F00C006168B0EB810FEDD1DF
:105150001D48006800F00700A84209D91A490D70DF
:105160000846006800F00700A84201D0012078E757
:10517000207800F00400042807D11448006820F4C7
:10518000E050E168084311490860207800F0080009
:10519000082808D10D48006820F46040216940EAE1
:1051A000C1000A49086000F061F808490968C1F3C4
:1051B0000311074A515CC840064908600648006868
:1051C000FFF764FE00204CE7003C02400838024034
:1051D0008CDB000828000020200000200F22026045
:1051E0000D4A126802F0030242600B4A126802F094
:1051F000F0028260084A126802F4E052C260064A75
:10520000126802F46042D2080261044A126802F095
:1052100007020A607047000008380240003C024064
:1052200001480068704700002800002000B5FFF723
:10523000F7FF04490968C1F38221034A515CC84061
:1052400000BD0000083802409CDB000800B5FFF7F5
:10525000E7FF04490968C1F34231034A515CC84081
:1052600000BD0000083802409CDB00082DE9F04733
:10527000002400250026A1462548006800F00C0007
:1052800020B1042805D008283AD105E0DFF8849041
:1052900039E0DFF8849036E01D48001F006800F018
:1052A0003F041B48001F006800F4800078B11A48D2
:1052B0001749091F0968C1F38811A0FB0170014655
:1052C000224600233846FBF71DFD05460EE0114837
:1052D0000F49091F0968C1F38811A0FB017001463D
:1052E000224600233846FBF70DFD05460848001FFF
:1052F0000068C0F30140401C4600B5FBF6F902E02F
:10530000DFF8109000BF00BF4846BDE8F0870000FE
:10531000083802400024F40040787D01F8B50446C6
:105320000CB90120F8BD207800F00100002874D0ED
:10533000F948006800F00C0004280DD0F648006819
:1053400000F00C00082813D1F348001F006800F497
:105350008000B0F5800F0BD1EF4808380068C0F32B
:105360004040002859D06068002856D10120D9E774
:1053700000BF6068B0F5803F08D1E7480838006892
:1053800040F48030E449083908601EE06068B0F5F8
:10539000A02F0DD1E0480838006840F48020DE4995
:1053A000083908600846006840F4803008600CE066
:1053B000D9480838006820F48030D7490839086097
:1053C0000846006820F48020086000BF606890B143
:1053D000FFF7E0FB054606E0FFF7DCFB401B642817
:1053E00001D903209EE7CC4808380068C0F340404C
:1053F0000028F1D011E0FFF7CDFB054606E0FFF7EE
:10540000C9FB401B642801D903208BE7C248083838
:105410000068C0F340400028F1D1207800F002007D
:1054200002285FD1BC48006800F00C0058B1BA48AF
:10543000006800F00C0008281CD1B748001F006865
:1054400000F48000B0B9B44808380068C0F34000E8
:1054500020B1E068012801D0012063E7AE48083898
:10546000006820F0F800216940EAC100AA49083923
:10547000086037E0E06800B30120A8490860FFF742
:1054800089FB054606E0FFF785FB401B022801D992
:10549000032047E7A04808380068C0F34000002810
:1054A000F1D09D480838006820F0F800216940EAF2
:1054B000C10099490839086014E000209749086044
:1054C000FFF768FB054606E0FFF764FB401B022878
:1054D00001D9032026E7904808380068C0F340004F
:1054E0000028F1D1207800F0080008282CD160694C
:1054F000A8B101208A490860FFF74CFB054606E089
:10550000FFF748FB401B022801D903200AE7824825
:105510006C300068C0F340000028F1D014E0002097
:105520007F490860FFF736FB054606E0FFF732FBD0
:10553000401B022801D90320F4E677486C3000684C
:10554000C0F340000028F1D1207800F004000428C6
:1055500070D1002770483830006800F0805090B952
:1055600000BF002000906C483830006840F0805048
:105570006949383108600846006800F080500090A2
:1055800000BF00BF01276748006800F48070B0B911
:105590006448006840F4807062490860FFF7FAFAD6
:1055A000054606E0FFF7F6FA401B022801D9032062
:1055B000B8E65C48006800F480700028F2D000BFB4
:1055C000A068012808D154486830006840F0010004
:1055D0005149683108601DE0A06805280DD14E488A
:1055E0006830006840F004004B49683108600846A4
:1055F000006840F0010008600CE04748683000682F
:1056000020F001004449683108600846006820F035
:105610000400086000BFA068A8B1FFF7BBFA054608
:1056200009E0FFF7B7FA401B41F28831884202D9FE
:10563000032077E626E0384868300068C0F3400071
:105640000028EED013E0FFF7A5FA054608E0FFF7C3
:10565000A1FA401B41F28831884201D9032061E65A
:105660002D4868300068C0F340000028EFD1012FBA
:1056700007D129483830006820F080502649383159
:10568000086000BFA069002845D02348006800F0EA
:105690000C0008285DD0A069022845D100201F49D0
:1056A0000866FFF777FA054606E0FFF773FA401B36
:1056B000022801D9032035E6174808380068C0F3EE
:1056C00040600028F1D1D4E907010843616A40EA4B
:1056D00081110122A06AC2EB500041EA00412C2056
:1056E000005D41EA00600C49091F086001200B4978
:1056F0000866FFF74FFA054606E0FFF74BFA401B36
:10570000022801D903200DE6034808380068C0F3D9
:1057100040600028F1D049E00838024000004742CC
:10572000800E474200700040002021490866FFF7C4
:1057300031FA054606E0FFF72DFA401B022801D991
:105740000320EFE51B480068C0F340600028F2D159
:105750002CE0A069012800D1E4E51648001D066888
:10576000A069012820D006F48001E06981421BD1A4
:1057700006F03F01206A814216D147F6C0703040E2
:10578000616AB0EB811F0FD106F440310122A06A9B
:10579000C2EB5000B1EB004F06D106F070612C2037
:1057A000005DB1EB006F01D00120BBE50020B9E541
:1057B000000047420038024010B504460CB90120F1
:1057C00010BD606A38B96068B0F5827F00D105E02D
:1057D0000021E16102E00021216161610021A162FB
:1057E00094F8510028B9002084F85000204600F0B9
:1057F00047F8022084F851002068006820F040003B
:1058000021680860A08800F48270218901F40441B5
:105810000843A18901F400610843217C01F00201E1
:105820000843217D01F001010843218B01F400713F
:105830000843217F01F0380108432021095D01F070
:1058400080010843218D01F400510843216808605C
:105850000421A06901EA104094F8241001F010011D
:105860000843216848602068C06920F4006021680E
:10587000C86100206065012084F8510000209FE786
:1058800010B586B00446142101A8FBF785FA4B49F0
:10589000206888427ED100BF002000904848006800
:1058A00040F48050464908600846006800F4805083
:1058B000009000BF00BF00BF002000904048143897
:1058C000006840F002003E4914390860084600684C
:1058D00000F00200009000BF00BF00BF0020009059
:1058E0000846006840F0010008600846006800F0C3
:1058F0000100009000BF00BF18200190022002901C
:1059000000200390032004900520059001A92D4854
:10591000FFF740F8802001900220029000200390C1
:10592000032004900520059001A92748FFF732F8CD
:105930002648274908604FF0C0604860002124488D
:105940008160C1604FF4806101610021416181612A
:10595000C1614FF44031016200214162FEF718FF3E
:1059600008B1FEF728F900BF1948E064846300BF5E
:1059700016481830174908604FF0C0604860402151
:10598000144881600021C1604FF4806101610021F1
:10599000416100E010E08161C1614FF400310162BA
:1059A00000214162FEF7F4FE08B1FEF704F900BFE2
:1059B0000848A064846300BF06B010BD00300140F9
:1059C00044380240000402400000024040640240AB
:1059D00068080020C80800202DE9FF5F04468846BB
:1059E00091461D460E9E012002900020019000BFAE
:1059F00094F85000012803D1022004B0BDE8F09FC4
:105A0000012084F8500000BFFFF7C4F8074694F85F
:105A100051B060680390AA46BBF1010F0BD0039808
:105A2000B0F5827F04D1A06810B9BBF1040F02D099
:105A300002200190DBE0B8F1000F03D0B9F1000FB4
:105A400000D015B901200190D1E094F8510004284C
:105A500002D0052084F8510000206065C4F8389019
:105A6000E587A587C4F83080E586A5862064606454
:105A70002068006800F04000402805D020680068D9
:105A800040F0400021680860E068B0F5006F4AD13E
:105A9000606810B1BAF1010F09D1206B008821684C
:105AA000C860206B801C2063E08E401EE08633E0DF
:105AB0002068806800F00200022810D1E08E70B1EA
:105AC000029801280BD1206B00882168C860206BE8
:105AD000801C2063E08E401EE0860020029020683B
:105AE000806800F0010068B1E08F58B12068C0689C
:105AF000A16B0880A06B801CA063E08F401EE08734
:105B000001200290FFF746F8C01BB04204D3701C7E
:105B100010B1032001906AE0E08E0028C8D1E08F28
:105B20000028C5D14AE0606810B1BAF1010F09D16F
:105B3000206B007821680873206B401C2063E08E86
:105B4000401EE08634E02068806800F002000228F1
:105B500010D1E08E70B1029801280BD1206B007833
:105B600021680873206B401C2063E08E401EE08695
:105B7000002002902068806800F0010068B1E08F8A
:105B800058B12068C068A16B0870A06B401CA0636E
:105B9000E08F401EE08701200290FEF7FBFFC01B54
:105BA000B04201D3701C00B916B9032001901EE069
:105BB000E08E0028C7D1E08F0028C4D13A46314694
:105BC000204604F069F820B1012001902020606592
:105BD0000DE0A06850B900BF002000902068C068A8
:105BE000009020688068009000BF00BF00BF0120C7
:105BF00084F8510000BF002084F8500000BF0198D5
:105C0000FBE67047704710B50346002200BF93F8CB
:105C10003C00012801D1022010BD012083F83C0086
:105C200000BF22F0FF00CC6840EA040222F440707A
:105C30008C6840EA040222F480604C6840EA040266
:105C400022F400600C6840EA040222F480500C69DF
:105C500040EA040222F400504C6940EA040222F4B3
:105C60008040CC6940EA04021868426400BF00200A
:105C700083F83C0000BF00BFCEE7000030B502460D
:105C80000B4600BF92F83C00012801D1022030BD34
:105C9000012082F83C0000BF022082F83D0010681D
:105CA00044681068816824F0700418680443106820
:105CB0004460184D1068A8421BD01068B0F1804FA6
:105CC00017D0154D1068A84213D0144D1068A84283
:105CD0000FD0134D1068A8420BD0124D1068A84287
:105CE00007D0114D1068A84203D0104D1068A8428B
:105CF00005D121F0800158680143106881600120BE
:105D000082F83D0000BF002082F83C0000BF00BFC9
:105D1000BDE7000000000140000400400008004012
:105D2000000C004000040140004001400018004009
:105D300010B504460CB9012010BD94F83D0028B9F7
:105D4000002084F83C00204600F026F8022084F869
:105D50003D00211D206804F0C9F8012084F84600A8
:105D600000BF84F83E0001213F200155402001552D
:105D70004120015500BF00BF012084F842004320AC
:105D80000155442001554520015500BF012084F8EC
:105D90003D000020D0E7000008B52A4A0168914282
:105DA0000FD100BF002100912749096841F002018D
:105DB000254A11601146096801F00201009100BFF7
:105DC0003FE0224A016891420FD100BF00210091BB
:105DD0001D49096841F004011B4A11601146096818
:105DE00001F00401009100BF2BE0194A01689142C3
:105DF00011D100BF002100911349091D096841F02C
:105E00000201114A121D11601146096801F00201D8
:105E1000009100BF15E00F4A0168914211D100BF07
:105E2000002100910849091D096841F40031064A22
:105E3000121D11601146096801F40031009100BF84
:105E400000BF08BD00040040403802400008004088
:105E50000004014000440140014691F83D00012842
:105E600001D001207047022081F83D001A4B0868DC
:105E700098421BD00868B0F1804F17D0174B0868C4
:105E8000984213D0164B086898420FD0154B0868FB
:105E900098420BD0144B0868984207D0134B0868FF
:105EA000984203D0124B086898420CD10868806869
:105EB00000F00702062A0CD00868006840F00100D4
:105EC0000B68186005E00868006840F001000B6886
:105ED00018600020C6E700000000014000040040F8
:105EE00000080040000C0040000401400040014058
:105EF00000180040014691F83D00012801D0012022
:105F00007047022081F83D000868C06840F0010039
:105F10000B68D8601A4B086898421BD00868B0F12B
:105F2000804F17D0174B0868984213D0164B08685B
:105F300098420FD0154B086898420BD0144B086854
:105F4000984207D0134B0868984203D0124B086858
:105F500098420CD10868806800F00702062A0CD02D
:105F60000868006840F001000B68186005E00868E8
:105F7000006840F001000B6818600020C0E70000D6
:105F8000000001400004004000080040000C0040F8
:105F90000004014000400140001800402DE9F0419C
:105FA00004460D46002700BF94F83C00012802D1AA
:105FB0000220BDE8F081012084F83C0000BF0220EF
:105FC00084F83D002068866826F0770626F47F4630
:105FD000206886602868502833D00CDC202850D0F8
:105FE00004DC00284BD0102851D149E0302849D09A
:105FF00040284CD139E060282DD0702807D0B0F56A
:10600000805F03D0B0F5005F41D10DE041E0D5E9FC
:1060100002136A68206803F0E6FF2068866846F08D
:1060200077062068866034E0D5E902136A68206844
:1060300003F0D9FF2068806840F4804021688860C0
:1060400027E0EA686968206804F0BEF850212068FB
:1060500003F0D4FF1DE0EA686968206804F0C7F81F
:106060006021206803F0CAFF13E0EA6869682068CD
:1060700004F0AAF84021206803F0C0FF09E000BF47
:1060800000BF00BF2968206803F0B8FF01E00127C6
:1060900000BF00BF012084F83D0000BF002084F84D
:1060A0003C0000BF384684E7704710B504462068BE
:1060B0000069C0F34000D8B12068C068C0F3400058
:1060C000B0B16FF0020021680861012020772068DC
:1060D000806900F0030018B12046FFF7E5FF05E0F6
:1060E000204600F051F9204600F005FA0020207704
:1060F00020680069C0F38000D8B12068C068C0F390
:106100008000B0B16FF004002168086102202077A0
:106110002068806900F4407018B12046FFF7C4FF82
:1061200005E0204600F030F9204600F0E4F90020B8
:10613000207720680069C0F3C000D8B12068C0682B
:10614000C0F3C000B0B16FF00800216808610420FE
:1061500020772068C06900F0030018B12046FFF7DF
:10616000A3FF05E0204600F00FF9204600F0C3F938
:106170000020207720680069C0F30010D8B12068A3
:10618000C068C0F30010B0B16FF010002168086162
:10619000082020772068C06900F4407018B12046BC
:1061A000FFF782FF05E0204600F0EEF8204600F001
:1061B000A2F9002020772068006900F0010058B1A2
:1061C0002068C06800F0010030B16FF00100216864
:1061D0000861204600F016FA20680069C0F3C0107C
:1061E00058B12068C068C0F3C01030B16FF08000B3
:1061F000216808612046FFF704FD20680069C0F3AC
:10620000801058B12068C068C0F3801030B16FF0C2
:10621000400021680861204600F000FA206800690B
:10622000C0F3401058B12068C068C0F3401030B1CE
:106230006FF02000216808612046FFF7E3FC10BDE5
:1062400010B586B00446142101A8FAF7A5FD464909
:10625000206888421DD100BF00200090434800689C
:1062600040F00400414908600846006800F004005E
:10627000009000BF00BF881501900220029001200D
:10628000039002200490059001A93948FEF782FB93
:1062900067E03849206888421ED100BF0020009086
:1062A0003248006840F0080030490860084600683D
:1062B00000F00800009000BF00BF4FF48040019044
:1062C000022002900020039002200490059001A972
:1062D0002948FEF75FFB44E02849206888421ED128
:1062E00000BF002000902148006840F004001F49D2
:1062F00008600846006800F00400009000BF00BF7E
:10630000402001900220029001200390022004907E
:106310000320059001A91648FEF73CFB21E018492F
:10632000206888421DD100BF002000900F480068FF
:1063300040F020000D4908600846006800F0200089
:10634000009000BF00BF4020019002200290012079
:106350000390022004900320059001A90948FEF74C
:1063600019FB06B010BD00000004004030380240A8
:106370000008024000080040000C024000040140F8
:10638000004401400014024070472DE9F0410446EA
:106390000D461646002700BF94F83C00012802D1A4
:1063A0000220BDE8F081012084F83C0000BF36B136
:1063B000042E1BD0082E31D00C2E5ED145E029468C
:1063C000206803F025FE2068806940F008002168FD
:1063D00088612068806920F0040021688861206855
:1063E0008069296908432168886148E02946206856
:1063F00003F046FE2068806940F4006021688861EF
:106400002068806920F48060216888612068806944
:10641000296940EA01202168886130E02946206826
:1064200003F06CFE2068C06940F008002168C86174
:106430002068C06920F004002168C8612068C06934
:10644000296908432168C86119E02946206803F0DA
:1064500091FE2068C06940F400602168C86120682E
:10646000C06920F480602168C8612068C06929691A
:1064700040EA01202168C86101E0012700BF00BF98
:1064800000BF002084F83C0000BF384689E710B503
:1064900004460CB9012010BD94F83D0028B9002035
:1064A00084F83C00204600F025F8022084F83D00E6
:1064B000211D206803F01AFD012084F8460000BF6A
:1064C00084F83E0001213F20015540200155412024
:1064D000015500BF00BF012084F842004320015550
:1064E000442001554520015500BF012084F83D009E
:1064F0000020D0E77047704770B504460D4615B9C7
:1065000094F83E000BE0042D02D13F20005D06E030
:10651000082D02D14020005D01E04120005D0128EE
:1065200001D0012070BD1DB9022084F83E000EE0AC
:10653000042D03D102213F20015508E0082D03D18D
:1065400002214020015502E0022141200155012293
:106550002946206803F036FD23492068884203D08D
:1065600022492068884201D1012000E0002028B1A2
:106570002068406C40F40040216848641A49206853
:1065800088421BD02068B0F1804F17D0184920688E
:10659000884213D01749206888420FD016492068D6
:1065A00088420BD011492068884207D013492068DF
:1065B000884203D01249206888420CD12068806844
:1065C00000F00706062E0CD02068006840F001009D
:1065D0002168086005E02068006840F0010021683B
:1065E000086000209EE70000000001400004014018
:1065F0000004004000080040000C00400040014042
:106600000018004010B5044603492068884201D1B3
:10661000FEF712FC10BD00000014004070477047E8
:10662000704700002DE9F84F04462068056820688F
:10663000C668206847694FF00009CA4605F00F098F
:10664000B9F1000F0AD105F0200038B106F02000A2
:1066500020B1204603F0D0FEBDE8F88FB9F1000F5D
:106660007CD007F0010018B906F49070002875D0AE
:1066700005F0010030B106F4807018B1206C40F0D4
:106680000100206405F0040030B107F0010018B1EA
:10669000206C40F00200206405F0020030B107F0E9
:1066A000010018B1206C40F00400206405F00800DF
:1066B00048B106F0200010B907F0010018B1206CB5
:1066C00040F008002064206C002846D005F020002F
:1066D00028B106F0200010B1204603F08DFE20689E
:1066E0004069C0F3801A206C00F0080010B9BAF1BC
:1066F000000F2DD0204603F0F3FD2068406900F024
:106700004000402820D100BF00BF2168143151E86B
:10671000001F21F040002168143141E80002002AE6
:10672000F3D100BFA06B50B17548A16B0865A06B99
:10673000FDF7F9FE88B1A06B016D88470DE020469A
:10674000FFF76EFF09E009E02046FFF769FF04E06C
:106750002046FFF765FF002020647DE7206B0128BD
:1067600076D105F01000002872D006F01000002845
:10677000FAD000BF002000902068006800902068D8
:106780004068009000BF00BF2068406900F04000F2
:1067900040285ED1A06B006840681FFA80F8B8F10D
:1067A000000F54D0A08D404551DDA4F82E80A06B81
:1067B000C069B0F5807F43D000BF00BF21680C31B5
:1067C00051E8001F21F4807021680C3141E800027B
:1067D000002AF3D100BF00BF00BF2168143151E887
:1067E000001F21F001002168143141E80002002A55
:1067F000F3D100BF00BF00BF2168143151E8001F72
:1068000021F040002168143141E80002002AF3D150
:1068100000BF202084F83E000020206300BF00BF9E
:1068200021680C3151E8001F21F0100021680C3163
:1068300041E80002002AF3D100BFA06BFDF71DFE66
:10684000A08DE28D801A81B22046FFF7E8FE03E7B3
:1068500040E0A08DE18D401A1FFA80F8E08DC0B3B2
:10686000B8F1000F35D000BF00BF21680C3151E8EE
:10687000001F21F4907021680C3141E80002002AC9
:10688000F3D100BF00BF00BF2168143151E8001FE1
:1068900021F001002168143141E80002002AF3D1FF
:1068A00000BF202084F83E000020206300BF00BF0E
:1068B00021680C3151E8001F21F0100021680C31D3
:1068C00041E80002002AF3D100BF41462046FFF70D
:1068D000A6FEC1E605F0800030B106F0800018B1D8
:1068E000204603F01BFFB7E605F0400030B106F08C
:1068F000400018B1204603F029FDADE600BFABE62D
:1069000017A2000810B504460CB9012010BDA069FB
:1069100000B100E000BF94F83D0028B9002084F8E1
:106920003C00204600F028F8242084F83D00206830
:10693000C06820F400502168C860204603F0D8FDEC
:106940002068006920F4904021680861206840694F
:1069500020F02A00216848612068C06840F4005097
:106960002168C86000202064202084F83D0084F85D
:106970003E000020CAE7000010B586B0044614218E
:1069800001A8FAF709FAC249206888427ED100BFFF
:1069900000200090BF48006840F01000BD4908602A
:1069A0000846006800F01000009000BF00BF00BF64
:1069B00000200090B7481438006840F00200B54944
:1069C000143908600846006800F00200009000BF1B
:1069D00000BF00BF002000900846006840F00100A2
:1069E00008600846006800F00100009000BF00BF8A
:1069F0008020019002200290002003900320049048
:106A00000720059001A9A448FDF7C4FF4FF40070CA
:106A100001900220029000200390032004900720A0
:106A2000059001A99D48FDF7B5FF9D489D49086067
:106A30004FF00060486040219A4881600021C160A9
:106A40004FF480610161002141618161C1614FF4B6
:106A50004031016200214162FDF79AFE08B1FDF765
:106A6000AAF800BF8F486063846300BF8C48303849
:106A70008D4908604FF00060486000218A488160BD
:106A8000C1604FF480610161002100E01CE04161C0
:106A900081614FF48071C1614FF440310162002186
:106AA0004162FDF775FE08B1FDF785F800BF7E482D
:106AB000A063846300BF002205212520FEF77AFA37
:106AC0002520FEF767FAE0E07849206888425DD12A
:106AD00000BF002000906F48001F006840F4802035
:106AE0006C49091F08600846006800F48020009087
:106AF00000BF00BF00BF0020009066481438006847
:106B000040F004006349143908600846006800F04A
:106B10000400009000BF00BF4FF4406001900220CD
:106B2000029000200390032004900720059001A903
:106B30005F48FDF72FFF5F485F4908604FF0006036
:106B4000486000215C488160C1604FF48061016150
:106B50000021416181614FF48071C1614FF4403186
:106B6000016200214162FDF713FE08B1FDF723F831
:106B700000BF5148A063846300BF00220521272085
:106B8000FEF718FA2720FEF705FA7EE04B49206849
:106B900088427AD100BF002000903E48006840F053
:106BA00020003C4908600846006800F02000009082
:106BB00000BF00BF00BF00200090364814380068B6
:106BC00040F040003349143908600846006800F07E
:106BD0004000009000BF00BF4FF4844001900220AD
:106BE000029000200390032004900820059001A942
:106BF0003348FDF7CFFE2A481838324908604FF075
:106C00002060486040212F4881600021C1604FF41E
:106C100080610161002141618161C1614FF44031B6
:106C2000016200214162FDF7B3FD08B1FCF7C3FF2B
:106C300000BF24486063846300BF1948903822492C
:106C400008608005486000211F488160C1604FF4E2
:106C500080610161002141618161C1614FF4403176
:106C6000016200214162FDF793FD08B1FCF7A3FF2B
:106C700000BF1548A063846300BF002205214720A0
:106C8000FEF798F94720FEF785F906B010BD000021
:106C9000001001404438024000040240000002405D
:106CA000B8640240140B0020740B00200048004020
:106CB0000008024028600240D40B0020001401406C
:106CC00000180240340C0020940C00207047000093
:106CD000F7B50446154694F83D00202846D10198A2
:106CE00000B10DB90120FEBD00BF94F83C000128A1
:106CF00001D10220F7E7012084F83C0000BF019891
:106D00002062A584E58400202064212084F83D00D1
:106D10001748616BC8631748616B08641648616B5C
:106D2000C8640020616B086501AE23681A1D3168D4
:106D30002B46606BFDF7D5FD6FF0400021680860C1
:106D400000BF002084F83C0000BF00BF00BF2168E6
:106D5000143151E8001F41F080002168143141E8EE
:106D60000002002AF3D100BF0020BCE70220BAE7EE
:106D70007BA20008D3A200082BA20008704770472E
:106D800070B5044600202074A37B484D2D8803FB7A
:106D900005F26168D4F8F400F9F7E5FFA27B434BF4
:106DA0001B8802FB03F16068F9F7F6FFA27B3F4BFB
:106DB0001B885A43A37B02FB03F1D4F81801F9F7AF
:106DC000EBFF227B394B1B885A43A37B02FB03F169
:106DD000D4F80C01F9F7E0FF002031E0D4F8F4100A
:106DE00001EB800191ED000AB5EEC00AF1EE10FA58
:106DF00024D0D4F8F41001EB800191ED000A227C3C
:106E0000D4F8F41001EB820181ED000A227C616A62
:106E10008854A16901EB800191ED000A6169095C68
:106E2000227B237C12FB0311491ED4F80C2102EBB8
:106E3000810181ED000A217C491C2174411CC8B2EA
:106E4000A17B8142CADC002011E0626A125CE16928
:106E500001EB820191ED000A227C00FB0202D4F8D2
:106E6000181101EB820181ED000A411CC8B2217C9E
:106E70008142EADC207CA4F87800217B7A2001534F
:106E8000207BA4F88000217C82200153207CA4F880
:106E90009000217C92200153207BA4F89800217C53
:106EA0009A200153207CA4F8480070BDDC0100202A
:106EB00000BFFEE770B52DED088B86B004460D4689
:106EC000164694ED040ACA48D0ED000A30EE600A76
:106ED000B0EEC00ADFEDC70AB4EEE00AF1EE10FA38
:106EE00022DC94ED050AC448D0ED000A30EE600AB9
:106EF000B0EEC00ADFEDBF0AB4EEE00AF1EE10FA20
:106F000012DC94ED060ABD48D0ED000A30EE600AAE
:106F1000B0EEC00ADFEDB70AB4EEE00AF1EE10FA07
:106F200002DC207800287DD094ED040ADFEDB40A5D
:106F300080EE201AB0EE41BAB0EE4B0AF9F7A0F994
:106F4000F0EE408A94ED050ADFEDAD0A80EE201ADE
:106F5000B0EE41BAB0EE4B0AF9F792F9F0EE40AA62
:106F600094ED060ADFEDA60A80EE201AB0EE41BAD3
:106F7000B0EE4B0AF9F784F9B0EE409A94ED040AAA
:106F8000DFED9F0A80EE201AB0EE41BAB0EE4B0A58
:106F9000F9F7B2F9B0EE40AA94ED050ADFED980AD0
:106FA00080EE201AB0EE41BAB0EE4B0AF9F7A4F920
:106FB000F0EE409A94ED060ADFED910A80EE201A79
:106FC000B0EE41BAB0EE4B0AF9F796F9B0EE408A4E
:106FD00068EE890A2AEE291AB0EE480A41EE000A44
:106FE0008848C0ED000A2AEE8A0A874880ED000A28
:106FF000B0EE480A28EE800A69EE0A0A00EEE90AB5
:10700000824880ED000A68EEA90AB0EE480A20EE38
:10701000800A09EE4A0A7E4880ED000A28EEAA0A94
:107020007C4800E021E080ED000AF1EE4A0AB0EE73
:10703000480A20EE800A68EE890A00EEE90A7648DE
:1070400080ED000AF1EE6A0AB0EE480A20EE800AEE
:10705000724880ED000A7248C0ED009A2AEE890A53
:10706000704880ED000A00202070002011E005EB40
:10707000800191ED000A211D01EB8001D1ED000A94
:1070800020EE200A03A901EB800181ED000A411CDA
:10709000C8B20328EBDB9DED030A5A48D0ED000A85
:1070A00020EE200ADDED040A574890ED001A01EEAB
:1070B000200ADDED050A554890ED001A01EE200A80
:1070C00085ED000A9DED030A5148D0ED000A20EE3F
:1070D000200ADDED040A4F4890ED001A01EE200A67
:1070E000DDED050A4C4890ED001A01EE200A85ED11
:1070F000010A9DED030A4948D0ED000A20EE200A5E
:10710000DDED040A464890ED001A01EE200ADDED9F
:10711000050A444890ED001A01EE200A85ED020AA6
:1071200000200AE006EB800191ED000A694601EBC0
:10713000800181ED000A411CC8B20328F2DB9DEDFD
:10714000000A3048D0ED000A20EE200ADDED010AE9
:107150002D4890ED001A01EE200ADDED020A2B48C1
:1071600090ED001A01EE200A86ED000A9DED000A5E
:107170002748D0ED000A20EE200ADDED010A25485F
:1071800090ED001A01EE200ADDED020A224890ED92
:10719000001A01EE200A86ED010A9DED000A1F4843
:1071A000D0ED000A20EE200ADDED010A1C4890ED2A
:1071B000001A01EE200ADDED020A1A4890ED001ACD
:1071C00001EE200A86ED020A94ED040A084880EDDB
:1071D000000A94ED050A084880ED000A94ED060ABD
:1071E000064880ED000A06B0BDEC088B70BD0000BB
:1071F000900000206F12833A940000209800002035
:10720000E12E65429C000020A0000020A400002088
:10721000A8000020AC000020B0000020B400002036
:10722000B8000020BC00002010B52DED068BF0EE5C
:10723000408AB0EE609AB0EE41AAB0EE618AF0EEFC
:10724000429A0120374908700846C0ED6C8A80EDEB
:107250006D9A80ED6EAA9FED340A80ED710A0020D0
:1072600081F8380100212F4AC2F84011C2F84411B8
:10727000C2F84811C2F84C11B7EE000AB4EEC08A49
:10728000F1EE10FA03DDB7EE000AB0EE408A2548B1
:1072900080ED728AC0ED649A032300220621001D4E
:1072A00001F062F8B7EE000A1E48D0F8EC0080ED5D
:1072B000000A9FED1E0A1B48D0F8EC0080ED010A81
:1072C0009FED1A0A1748D0F8EC0080ED020A9FEDF6
:1072D000170A1448D0F8EC0080ED030A144911484D
:1072E000C0F8D0101349C0F8D4101349C0F8D81012
:1072F0001249C0F8DC10012180F82E1080F82F1000
:1073000001469022D1F804010D49F9F72CFD0549F9
:107310009022D1F8FC000B49F9F725FDBDEC068B56
:1073200010BD000058580020CDCCCC3D000000001E
:1073300049730008D97A00087D730008197D000898
:10734000D8DE0008E401002010B5044654F8F81F08
:1073500090220748F9F707FD48220648616AF9F7C5
:1073600002FD6169F83C48220348F9F7FCFC10BDB6
:10737000E4010020305A0020785A002010B504465D
:1073800054F8EC0F90ED000AF0EE000A20EE200A0F
:107390003F4880ED000A206890ED010AF0EE000AF7
:1073A00020EE200A3B4880ED000A206890ED020A9A
:1073B000F0EE000A20EE200A374880ED000A20682F
:1073C00090ED030AF0EE000A20EE200A334880ED2B
:1073D000000A14F8DE2C324B1B885A4314F8E03CA8
:1073E00002FB03F1206AF9F7D7FC2B4890ED000A65
:1073F000B1EE400A206A80ED000A284890ED000AAC
:10740000206A80ED010A224890ED000AB1EE400AA0
:10741000206A80ED020A1F4890ED000A206A80ED84
:10742000030A1C4890ED000A206A80ED060A1848FD
:1074300090ED000A206A80ED070A184890ED000AD6
:10744000206A80ED080A144890ED000A206A80ED59
:10745000090A0F4890ED000A206A80ED0C0A0D48D9
:1074600090ED000AB1EE400A206A80ED0D0A0A484C
:1074700090ED000AB1EE400A206A80ED0E0A07483E
:1074800090ED000A206AEC3C80ED0F0A10BD000070
:10749000980200209C020020A0020020A4020020EC
:1074A000DC01002010B52DED088BB0EE40AAF0EE07
:1074B00060AAB0EE41BAF0EE618AB0EE429AF0EE08
:1074C000629AB0EE438AFE48007858B99FEDFD2AD3
:1074D000F7EE001A9FEDFC1ADFEDFC0AB2EE040A8B
:1074E000FFF7A2FEF648D0F84811D0F84C0100236F
:1074F00059405840014306D1F148C0ED5E8A80ED05
:107500005F9AC0ED609AEE4880ED6F8A90ED580A60
:107510003AEE400A80ED5B0A90ED590A3AEEC00A55
:1075200080ED5C0A90ED5A0A3BEE400A80ED5D0A60
:1075300090ED5B0AF6EE000A20EE200A20EE080A23
:10754000E34880ED000ADE4890ED5C0AF6EE000AA2
:1075500020EE200A20EE080ADE4880ED000AD84816
:1075600090ED5D0AF6EE000A20EE200A20EE080AF1
:10757000D94880ED000AD2499022D1F80401D749B8
:10758000F9F7F1FBD24890ED000AB1EE400ACC4881
:10759000D0F8040180ED010ACE4890ED000AB1EE6A
:1075A000400AC748D0F8040180ED020ACA4890EDAD
:1075B000000AB1EE400AC248D0F8040180ED030A87
:1075C000C34890ED000ABE48D0F8040180ED060AD9
:1075D000C14890ED000ABA48D0F8040180ED080ACD
:1075E000BC4890ED000AB1EE400AB548D0F804015D
:1075F00080ED090AB74890ED000AB148D0F80401BF
:1076000080ED0C0AB44890ED000AB1EE400AAC4897
:10761000D0F8040180ED0D0AAD4890ED000AA848AD
:10762000D0F8040180ED0F0AAB4890ED000AA448A1
:10763000D0F8040180ED120AA64890ED000AA04897
:10764000D0F8040180ED130AA14890ED000AB1EED4
:10765000400A9B48D0F8040180ED140A984890ED48
:107660005E0AD0ED640A60EE200A90ED6F0A90ED9C
:10767000641A30EE011A80EE810AD0ED6F0A90EDA7
:10768000641A70EE810A90ED6F1A21EE281AC1EE8D
:10769000201A30EE210A80ED5E0A90ED5F0AD0EDEF
:1076A000640A60EE200A90ED6F0A90ED641A30EEE5
:1076B000011A80EE810AD0ED6F0A90ED641A70EE27
:1076C000810A90ED6F1A21EE091AC1EE201A30EEF0
:1076D000210A80ED5F0A90ED600AD0ED640A60EE49
:1076E000200A90ED6F0A90ED641A30EE011A80EED8
:1076F000810AD0ED6F0A90ED641A70EE810A90ED68
:107700006F1A21EE291AC1EE201A30EE210A80EDFF
:10771000600AD0ED5E0A60EEA00A90ED5F1AD0ED2F
:107720005F1A41EE210A90ED601AD0ED601A41EE29
:10773000210AB0EE600A04F011FD694880ED000AEC
:10774000002011E0674901EB800191ED000A6449D6
:10775000D1ED000A20EE200A5949896801EB800129
:1077600081ED000A411CC8B20328EBDB5448D0ED80
:107770005B0A60EEA00A90ED5C1AD0ED5C1A41EE57
:10778000210A90ED5D1AD0ED5D1A41EE210AB0EEAE
:10779000600A04F0E3FCF7EE000A80EE801A484825
:1077A00080ED651A4E4890ED000AF7EE000A80EE73
:1077B000801A434880ED661A90ED650ADFED4A0AAB
:1077C000B4EEE00AF1EE10FA16D290ED660ADFEDA3
:1077D000470AB4EEE00AF1EE10FA0DDD90ED660A0C
:1077E000DFED430AB4EEE00AF1EE10FA04D2012014
:1077F000334981F8390103E00020314981F839012A
:107800002F4890ED6C0AD0ED6F0A20EE200AD0F8D8
:10781000180180ED000A2A4890ED6C0AD0ED6F0A3D
:1078200020EE200AD0F8180180ED070A244890EDD8
:107830006C0AD0ED6F0A20EE200AD0F8180180ED16
:107840000E0A1F4890ED6C0AD0ED6F0A20EE200A58
:10785000D0F8180180ED150A194890ED6D0AD0EDA9
:107860006F0A20EE200AD0F8180180ED1C0A144897
:1078700090ED6D0AD0ED6F0A20EE200AD0F81801C5
:1078800080ED230A0E4890ED6E0AD0F81C0180EDC1
:10789000000A0B4890ED6E0AD0F81C0180ED040A36
:1078A000074890ED6E0AD0F81C0180ED080A0448E4
:1078B000001D01F0D9F90248406890ED000A19E076
:1078C00058580020000000008096184B6F12833A31
:1078D00074020020780200207C020020D8DE00081C
:1078E00080020020D05900209A99993ECDCC1441B5
:1078F000CDCC2441734880ED540A406890ED010AD4
:10790000704880ED550A406890ED020A6D4880EDA0
:10791000560A406890ED030A6A4880ED570A4068AD
:1079200090ED040A674880ED580A406890ED050A1A
:10793000644880ED590A1FED1D0A80ED5A0A90ED4A
:10794000541A21EE011AD0ED551A90ED552A01EE88
:10795000821AF7EE001AB0EE002A52EE011AF0EE8B
:10796000610A90ED541AD0ED571A21EE211AD0ED8C
:10797000551A90ED562A01EE821AF0EE001A21EE09
:10798000211AB0EE410A03F017FADFED4F0A20EE9C
:10799000200A4C4880ED6A0A90ED541A21EE011A33
:1079A000D0ED571A90ED572A01EE821AF7EE001A21
:1079B000B0EE002A52EE011AF0EE610A90ED541A70
:1079C000D0ED551A21EE211AD0ED561A90ED572A16
:1079D00001EE821AF0EE001A21EE211AB0EE410AF1
:1079E00003F0EAF9DFED380A20EE200A354880ED91
:1079F000690AD0ED550A90ED571A60EE810A90EDB4
:107A0000541AD0ED561A41EE610AB8EE001A60EE33
:107A1000810AB0EE600A03F039F9DFED2B0A20EE9F
:107A2000200A284880ED680A90ED6A0AD0ED740AB1
:107A300030EE600ADFED250AB4EEE00AF1EE10FA4E
:107A400007DDB0F8CC01401E00B21E49A1F8CC0100
:107A500014E01C4890ED6A0AD0ED740A30EE600A1A
:107A6000DFED1B0AB4EEE00AF1EE10FA06D2B0F830
:107A7000CC01401C00B21349A1F8CC01114890ED93
:107A80006A0AB0F9CC0100EE900AF8EEE00A9FED28
:107A9000111A01EE200A0B4880ED6B0A90ED6A0A7C
:107AA00080ED740AD0F84821D0F84C01521C40F106
:107AB00000000449C1F84821C1F84C01BDEC088B15
:107AC00010BD000058580020E12E654200003443EC
:107AD000000034C30000B44310B5044654F8EC0F62
:107AE00090ED000A854880ED000A206890ED010ABB
:107AF000834880ED000A206890ED020A814880EDFD
:107B0000000A54F8EC0990ED030A7F4880ED000A62
:107B10007A48D0ED000A60EEA00A794890ED001A8C
:107B2000D0ED001A41EE210A764890ED001AD0ED12
:107B3000001A41EE210A744890ED001AD0ED001AA7
:107B400041EE210AB0EE600A04F008FB6F4880EDB8
:107B5000000A002012E0D4F8EC1001EB800191ED56
:107B6000000A6A49D1ED000A20EE200AD4F8EC1090
:107B700001EB800181ED000A411CC8B20428EADB58
:107B800054F8F80F90ED1C0A6148D0ED720A80EEAF
:107B9000201A206880ED1C1A206890ED230A5C48AA
:107BA000D0ED720A80EE201A206880ED231A54F876
:107BB000F80990ED1C0ADFED570AB4EEE00AF1EE89
:107BC00010FA05DD9FED530AD4F8F80080ED1C0A89
:107BD000D4F8F80090ED230ADFED4E0AB4EEE00A87
:107BE000F1EE10FA05DD9FED4B0AD4F8F80080EDB8
:107BF000230A474890ED6F0A4148D0ED000A20EE75
:107C0000200AF0EE000A80EE201A04F58074206845
:107C100080ED041A3E4890ED6F0A3A48D0ED000A14
:107C200020EE200AF0EE000A80EE201A206880ED97
:107C3000051A374890ED6F0A3048D0ED000AF1EE92
:107C4000600A20EE200AF0EE000A80EE201A20687A
:107C500080ED0A1A2E4890ED6F0A2B48D0ED000AED
:107C600020EE200AF0EE000A80EE201A206880ED57
:107C70000B1A274890ED6F0A2348D0ED000AF1EE69
:107C8000600A20EE200AF0EE000A80EE201A20683A
:107C900080ED101A1E4890ED6F0A1848D0ED000ACA
:107CA000F1EE600A20EE200AF0EE000A80EE201AC3
:107CB000206880ED111A164890ED6F0A1148D0ED3A
:107CC000000A20EE200AF0EE000A80EE201A20685A
:107CD00080ED161A0E4890ED6F0A0948D0ED000AA3
:107CE000F1EE600A20EE200AF0EE000A80EE201A83
:107CF0002068A4F5807480ED171A10BD840200205E
:107D0000880200208C0200209002002094020020B3
:107D10005858002000401C4670B52DED028B0446DB
:107D200004F1800104F17800F8F762FF84F8C800DC
:107D3000B4F87800A4F8A8005A20015BAA200153E7
:107D400004F1A80204F1580104F17800F8F72EFEBE
:107D500084F8C800B4F8A800A4F8B0008220015B41
:107D6000B220015304F1B00204F1800104F1A80033
:107D7000F8F71CFE84F8C800B4F89000A4F8A0003E
:107D80009220015BA220015304F1A00204F19001B2
:107D900004F1B000F8F7EAFA84F8C80004F1B00181
:107DA00004F1A000F8F76AFBAC342077206C90ED6A
:107DB000000AFD4880ED000A206C90ED010AFB48A6
:107DC00080ED000A206C90ED020AF94880ED000A6F
:107DD000206C90ED030AF74880ED000A34F8340C6B
:107DE000A081AC3C0121BA200153F04890ED000A7B
:107DF000F048D0ED000A20EE200AEB48D0ED000A52
:107E0000EB4890ED001A00EEC10AF0EE000A20EEF9
:107E1000200AD4F82C0180ED000AE34890ED000A16
:107E2000E248D0ED000A20EE200AE148D0ED000A39
:107E3000E04890ED001A00EE810AF0EE000A20EE14
:107E4000200AD4F82C0180ED010AD74890ED000AF1
:107E500020EE000AD548D0ED000A90ED001A00EEA1
:107E6000C10AD348D0ED000A90ED001A00EEC10A15
:107E7000D048D0ED000A90ED001A00EE810AD4F847
:107E80002C0180ED020A002512E0D4F82C0100EB51
:107E9000850090ED000AB0EEC00AB0EE408A02F014
:107EA00069FEC54800EB850080ED000A681CC5B27C
:107EB000032DEADBB4F84800A4F8C0000121C22079
:107EC000015304F1C00204F1B80104F14800F8F7CD
:107ED0000BFE84F8C800B4F8C000A4F8A800012183
:107EE000AA20015304F1A80204F1C00104F1B0007A
:107EF000F8F75CFDB8342074012020802189B83C5B
:107F0000BA20015304F1B80104F1C000F8F770FE83
:107F100084F8C8000120A4F8A8000121AA20015378
:107F200004F1A80204F1C00104F1B800F8F73EFD25
:107F300084F8C800AC20005990ED000A9F4880EDFD
:107F4000700A90ED700AD0ED710AB6EE001A60EE7C
:107F5000810AB4EEE00AF1EE10FA03D2012097494B
:107F600081F83801954890ED700AD0ED710AB4EEB1
:107F7000E00AF1EE10FA46DD90F83801002842D010
:107F80008E4890F8390168B18C48D0F84021D0F87B
:107F90004401521C40F100008849C1F84021C1F859
:107FA000440105E00020854AC2F84001C2F84401BE
:107FB0008248D0F84031D0F844110020D3F1320289
:107FC000884106D200207D4981F8380184F82C00D0
:107FD0004AE0237B7A4D2D8803FB05F2D4E93A0170
:107FE000F8F7C1FE237B764D2D886B43257B03FB81
:107FF00005F2D4E93E01F8F7B6FE012084F82C0022
:10800000BDEC028B70BD6D4890ED700AD0ED710A29
:108010009FED6C1A60EE810AB4EEE00AF1EE10FA00
:1080200014DD90F8380188B1644890ED710AD0ED04
:10803000700A30EE600AD0ED710A9FED631A60EEAF
:10804000810A80EE201A80ED671A04E0B7EE000A7C
:108050005A4880ED670A0021584AC2F84011C2F818
:108060004411002084F82C00B4F85800A4F8A800AB
:108070008220015BAA20015304F1A80204F18001CF
:1080800004F15800F8F792FC84F8C80004F1980253
:1080900004F1B00104F1A800F8F788FC84F8C800E6
:1080A000002012E0D4F81C1101EB800191ED000AD0
:1080B0004249D1ED670A20EE200AD4F81C1101EBE9
:1080C000800181ED000A411CC8B2B4F898109A22D0
:1080D000125B51438142E5DC042025E000211FE0D2
:1080E000021F354B03EB8202D2ED000A9FED371AD7
:1080F00080EE810A00EB40030B44D4F81C2102EB14
:108100008302D2ED000A20EE200A00EB40030B446C
:10811000D4F81C2102EB830282ED000A4A1CD1B282
:108120000329DDDB411CC8B20628D7DBB4F8980070
:10813000A4F8B8000121BA20015304F1B80204F1F7
:10814000C00104F19800F8F731FC84F8C8001B481E
:1081500090F8380138B3042055E0BC21095901EBEF
:10816000800191ED000A1549D1ED6F0A9FED181AB3
:1081700060EE810AB4EEE00AF1EE10FA0BDD91ED4B
:108180006F0ADFED130A20EE200ABC21095901EB2A
:10819000800181ED000ABC21095901EB800191EDBC
:1081A000000A064916E030E0A8020020AC020020D8
:1081B000B0020020B4020020DC59002058580020F2
:1081C000DC010020CDCCCC3D6666663FDA0FC93FAE
:1081D0000AD7233CD1ED6F0A9FED151A60EE810A94
:1081E000B4EEE00AF1EE10FA0BD291ED6F0ADFED7A
:1081F000100A20EE200ABC21095901EB800181ED13
:10820000000A411CC8B20728A7DB9FED0A0ABC2060
:10821000005980ED030A04F1300204F1B80104F1C1
:108220003800F8F7A3F884F8C80000BFE8E60000BB
:108230000AD723BC0000000010B52DED028B1348B7
:10824000D0ED070AB0EE600A1148D0ED000A1148DF
:1082500001F00EFB0F48406B00EE100A03F09CFC8F
:1082600000EE100AB8EEC00AB0EE408A9FED0A1A7E
:10827000DFED0A0A03F07AFCBCEEC00A10EE100A29
:10828000074909684863BDEC028B10BD9857002070
:1082900088000020E40D00200000804F0000000056
:1082A000000A002010B5B7EE000A244880ED010A4C
:1082B000B7EE000A80ED020AB7EE000A80ED030A6D
:1082C0009FED1F0A80ED040A9FED1D0A80ED050A4F
:1082D0009FED1B0A80ED060A0120184908709FEDEA
:1082E000182AF7EE001A9FED171ADFED170AB2EE03
:1082F000040AFEF799FF00221146DFED114A9FEDB7
:10830000104ADFED0F3A9FED0E3ADFED0D2AB3EE86
:10831000042ADFED0E1A9FED0A1ADFED0D0A9FED1C
:108320000D0A0D4801F00CFC00210C48FEF7E4F8A2
:108330009FED0B0A0B4880ED130A10BDC80D0020FD
:10834000000000008096184B6F12833A00007A44B8
:10835000000096430000FA44E40D0020000A0020CB
:1083600096430B3C3C0D00200FB583B00420FE4922
:1083700008800820FD490880DDE90310087303998F
:10838000059848730399069888730021039801742F
:108390000698029003F036FF039948610698029010
:1083A0000398406901900299F8F7F6FCEE480088BE
:1083B00006994843029003F025FF03998861EA4833
:1083C00000880699484302900398806901900299B9
:1083D000F8F7E2FCE448008806994843029003F06D
:1083E00011FF0399C861E04800880699484302904C
:1083F0000398C06901900299F8F7CEFCDA4800882A
:1084000004994843029003F0FDFE03990862D648A0
:1084100000880499484302900398006A01900299E9
:10842000F8F7BAFC0698029003F0ECFE0399486254
:10843000069802900398406A01900299F8F7ACFC04
:10844000C948008804994843029003F0DBFE039971
:108450000860C54800880499484302900398006862
:1084600001900299F8F798FCBF48008806994843A4
:10847000029003F0C7FE03994860BB480088069944
:10848000484302900398406801900299F8F784FCF1
:10849000B548008805994843029003F0B3FE03995C
:1084A0008860B14800880599484302900398806825
:1084B00001900299F8F770FCAB4800880499484392
:1084C000029003F09FFE0399C1F8E800A6480088D7
:1084D0000499484302900398D0F8E800019002996B
:1084E000F8F75AFC0398D0F8E80002900398007B54
:1084F000019001220146DDE902303030F7F7BAFF82
:108500009948008804994843029003F07BFE039940
:10851000C1F8EC00944800880499484302900398FD
:10852000D0F8EC0001900299F8F736FC0398D0F8E7
:10853000EC0002900398007B019001220146DDE9E6
:1085400002303830F7F796FF059818B38648008850
:1085500005994843029003F055FE0399C1F8F000D5
:10856000814800880599484302900398D0F8F000AC
:1085700001900299F8F710FC0398D0F8F0000290EF
:108580000398407B019001220146DDE90230403032
:10859000F7F770FF7448008806994843029003F08B
:1085A00031FE0399C1F8F4006F48008806994843EA
:1085B00002900398D0F8F40001900299F8F7ECFBD0
:1085C0000398D0F8F40002900398807B0190012278
:1085D0000146DDE902304830F7F74CFF6248008879
:1085E000049948434843029003F00CFE0399C1F8F4
:1085F000F8005D4800880499484348430290039876
:10860000D0F8F80001900299F8F7C6FB0398D0F86B
:10861000F80002900398007B01900398007B009083
:108620000146DDE902305030019AF7F723FF4E484A
:108630000088049948434843029003F0E3FD0399FE
:10864000C1F8FC0048480088049948434843029018
:108650000398D0F8FC0001900299F8F79DFB03986D
:10866000D0F8FC0002900398007B01900398007BF7
:1086700000900146DDE902305830019AF7F7FAFE22
:1086800039480088049948434843029003F0BAFDF2
:108690000399C1F8000134480088049948434843CD
:1086A000029003F0AFFD0399C1F804012E48008841
:1086B00004994843484302900398D0F80001019080
:1086C0000299F8F769FB2848008804994843484311
:1086D00002900398D0F8040101900299F8F75CFB2E
:1086E0000398D0F8000102900398007B0190039852
:1086F000007B00900146DDE902306030019AF7F717
:10870000B9FE0398D0F8040102900398007B019011
:108710000398007B00900146DDE902306830019A41
:10872000F7F7A8FE059878B30F48008804994843E6
:1087300005994843029003F065FD0399C1F80801CB
:1087400009480088049948430599484302900398D2
:10875000D0F8080101900299F8F71EFB0398D0F8B1
:1087600008010290039803E0DC010020DE010020F4
:10877000407B01900398007B00900146DDE90230C8
:108780007030019AF7F776FEB94800880699484399
:1087900004994843029003F035FD0399C1F80C0198
:1087A000B34800880499484306994843029003F06F
:1087B00029FD0399C1F81001AD4800880699484386
:1087C0000499484302900398D0F80C010190029953
:1087D000F8F7E2FAA6480088049948430699484306
:1087E00002900398D0F8100101900299F8F7D4FA9A
:1087F0000398D0F80C0102900398007B0190039835
:10880000807B00900146DDE902307830019AF7F76D
:1088100031FE0398D0F8100102900398807B0190FC
:108820000398007B00900146DDE902308030019A18
:10883000F7F720FE8E480088049948434843029089
:1088400003F0E0FC0399C1F81401894800880499F9
:108850004843484302900398D0F8140101900299CC
:10886000F8F79AFA0398D0F8140102900398007B65
:1088700001900398007B00900146DDE902308830CA
:10888000019AF7F7F7FD7A4800880699484348436C
:10889000029003F0B7FC0399C1F8180174480088EE
:1088A00006994843484302900398D0F81801019074
:1088B0000299F8F771FA0398D0F81801029003981A
:1088C000807B01900398807B00900146DDE90230B7
:1088D0009030019AF7F7CEFD654800880499484327
:1088E00006994843029003F08DFC0399C1F81C01DE
:1088F0005F480088049948430699484302900398CA
:10890000D0F81C0101900299F8F746FA0398D0F8C4
:108910001C0102900398807B01900398007B0090DB
:108920000146DDE902309830019AF7F7A3FD03987C
:10893000007B4F49098848430399097B48430290CB
:1089400003F060FC0399C1F820010398007B4849BB
:10895000098848430399097B4843029003F052FC7D
:108960000399C1F824010398007B414909884843D1
:108970000399097B4843029003F044FC0399C1F832
:1089800028010398007B3A4909884843029003F084
:1089900039FC0399C1F82C010398007B34490988FC
:1089A0004843029003F02EFC0399C1F8300103986C
:1089B000D0F8200102900398007B01900398007B7F
:1089C00000900146DDE90230A030019AF7F752FD30
:1089D0000398D0F8240102900398007B019003983B
:1089E000007B00900146DDE90230A830019AF7F7DC
:1089F00041FD0398D0F8280102900398007B019074
:108A00000398007B00900146DDE90230B030019A06
:108A1000F7F730FD0398D0F82C0102900398007B03
:108A2000019001220146DDE90230B830F7F722FD5E
:108A30000398D0F8300102900398007B0190012246
:108A40000146DDE90230C030F7F714FD002103983C
:108A500080F82810039880F82910039880F82A10CD
:108A6000039880F82B10039880F82C1007B000BDF5
:108A7000DC01002070B50446E07B18B12046FEF70B
:108A80007FF911E0A37B0E4D2D8803FB05F2616891
:108A9000D4F8F400F8F767F9A27B094B1B8802FBB6
:108AA00003F16068F8F778F9637B054D2D8803FBC7
:108AB00005F2A168D4F8F000F8F755F970BD000090
:108AC000DC01002010B5044694F82C0068BBB4F813
:108AD0009800A4F8A8007A20015BAA200153B4F8FA
:108AE000A800A4F8B0005A20015BB220015304F1A1
:108AF000A80204F1780104F19800F7F757FF84F811
:108B0000C80004F1B00204F1580104F1A800F7F71D
:108B10004DFF84F8C80004F1500204F1B00104F1E3
:108B20005800F7F7E1FF84F8C80010BD10B50446FF
:108B300094F8290068BB04F1680104F16000F8F7BB
:108B400057F884F8C80004F1580204F1500104F108
:108B50006000F7F72BFF84F8C800B4F85800A4F8B9
:108B6000A8006A20015BAA20015304F1A80204F1C5
:108B7000680104F15800F7F719FF84F8C80004F100
:108B8000580204F1880104F1A800F7F7EFFB84F81C
:108B9000C80010BD10B5044694F82A00002861D121
:108BA00004F1800104F17800F8F722F884F8C80095
:108BB000B4F87800A4F8A8005A20015BAA20015359
:108BC00004F1A80204F1580104F17800F7F7EEFE71
:108BD00084F8C800B4F8A800A4F8B0008220015BB3
:108BE000B220015304F1B00204F1800104F1A800A5
:108BF000F7F7DCFE84F8C800B4F89000A4F8A000F1
:108C00009220015BA220015304F1A00204F1900123
:108C100004F1B000F7F7AAFB84F8C80004F1B00132
:108C200004F1A000F7F72AFC84F8C800B4F8580053
:108C3000A4F8A8008220015BAA20015304F1A80235
:108C400004F1800104F15800F7F7B0FE84F8C80081
:108C500004F1980204F1B00104F1A800F7F7A6FEB0
:108C600084F8C80010BD000070B504462046FFF728
:108C700001FFD4F8CC0018B12046D4F8CC108847B6
:108C8000204600F085F8D4F8D00018B12046D4F87A
:108C9000D01088472046FFF749FFD4F8D40018B118
:108CA0002046D4F8D4108847207C08B9E07BB8B9B6
:108CB0002046FFF76FFFD4F8D80018B12046D4F84B
:108CC000D8108847204600F0A1F8D4F8DC0018B18D
:108CD0002046D4F8DC1088472046FFF7F3FE13E067
:108CE000237B2A4D2D8803FB05F2D4E93A01F8F7DE
:108CF0003AF8237B254D2D886B43257B03FB05F23A
:108D0000D4E93E01F8F72FF8D4F8E00018B1204676
:108D1000D4F8E0108847002022E0227B00FB02020A
:108D2000D4F8F81001EB820191ED000A216A01EB01
:108D30008001D1ED000AB4EEE00AF1EE10FA0DD296
:108D4000216A01EB800191ED000A227B00FB020207
:108D5000D4F8F81001EB820181ED000A411CC8B281
:108D6000217B8142D9DC237B084D2D8803FB05F252
:108D7000D4F8E8102068F7F7F6FFD4F8E40018B14B
:108D80002046D4F8E4108847206870BDDC0100203C
:108D900010B5044694F8280060BB607B00282ADDEB
:108DA000207BA4F8B8000121BA20015304F1B802D5
:108DB00004F1300104F16000F7F7F8FD84F8C80011
:108DC000207BA4F8C0000121C220015304F1C0029D
:108DD00004F1400104F17000F7F7E8FD84F8C800E1
:108DE00004F1380204F1C00104F1B800F7F7BEFA4B
:108DF00084F8C80009E004F1380204F1300104F1FC
:108E00006000F7F7D3FD84F8C80010BD10B5044624
:108E100094F82B00E0BBB4F87800A4F8B800012166
:108E2000BA20015304F1B80204F1380104F17800CA
:108E3000F7F7BCFD84F8C800B4F84800A4F8C000F7
:108E40000121C220015304F1C00204F1B80104F170
:108E50004800F7F749FE84F8C800B4F89800A4F871
:108E6000B8000121BA20015304F1B80204F1C00195
:108E700004F19800F7F79AFD84F8C80004F1300275
:108E800004F1B80104F13800F7F770FA84F8C8006B
:108E900010BD000010B50E480E4908600320486060
:108EA00000210C488160C1604FF4102101614FF432
:108EB000001141610021017641768176C17601770A
:108EC0004177FBF708F908B1FAF775FE10BD00000D
:108ED000006400406C07002010B50E480E49086081
:108EE0000320486000210C488160C1604FF41021CC
:108EF00001614FF4001141610021017641768176D4
:108F0000C17601774177FBF7E6F808B1FAF753FE2F
:108F100010BD0000006800409407002008B500BFA5
:108F2000002000902A48006840F40010284908609A
:108F30000846006800F40010009000BF00BF00BFAA
:108F4000002000900846006840F480000860084651
:108F5000006800F48000009000BF00BF00220521DF
:108F60000C20FCF727F80C20FCF714F80022052150
:108F70003920FCF71FF83920FCF70CF800220521F6
:108F80003A20FCF717F83A20FCF704F800220521F4
:108F90003B20FCF70FF83B20FBF7FCFF00220521EC
:108FA0004420FCF707F84420FBF7F4FF00220521DA
:108FB0004520FBF7FFFF4520FBF7ECFF00220521D2
:108FC0004620FBF7F7FF4620FBF7E4FF08BD000053
:108FD0003038024000B59DB01C22184916A8F7F79A
:108FE000C2FE002116A803F05EF9154908601C2294
:108FF00012491C310FA8F7F7B6FE00210FA803F0A5
:1090000052F9104908601C220C49383108A8F7F7BA
:10901000AAFE002108A803F046F90B4908601C22AB
:109020000649543101A8F7F79EFE002101A803F07C
:109030003AF9064908601DB000BD000014DB0008C5
:10904000040000200C00002010000020140000206C
:1090500000B587B0142102A8F7F79EFE00BF0020DC
:1090600001906648006840F00200644908600846C4
:10907000006800F00200019000BF00BF00BF0020A8
:1090800001900846006840F040000860084600680B
:1090900000F04000019000BF00BF00BF0020019021
:1090A0000846006840F0010008600846006800F0CB
:1090B0000100019000BF00BF00BF002001900846E2
:1090C000006840F0080008600846006800F00800EA
:1090D000019000BF00BF00BF00200190084600685B
:1090E00040F0040008600846006800F004000190A9
:1090F00000BF00BF00BF002001900846006840F09C
:10910000800008600846006800F08000019000BF01
:1091100000BF00BF002001900846006840F020001A
:1091200008600846006800F02000019000BF00BF02
:10913000012240213248FBF727FD0122102131484E
:10914000FBF722FD012211462F48FBF71DFD4020B1
:109150000290012003900490059002A92848FBF793
:1091600019FC092002904FF4041003900120049090
:1091700002A92348FBF70EFC102002900120039067
:1091800004900220059002A91E48FBF703FC302042
:1091900002904FF4041003900120049002A91B4890
:1091A000FBF7F8FB01200290039004900220059049
:1091B00002A91548FBF7EEFB002205210620FBF76C
:1091C000F9FE0620FBF7E6FE002205210920FBF749
:1091D000F1FE0920FBF7DEFE002205210A20FBF745
:1091E000E9FE0A20FBF7D6FE002205211720FBF737
:1091F000E1FE1720FBF7CEFE07B000BD303802407D
:109200000018024000000240000402400008024032
:1092100010B50B480B4908600B484860002109480D
:109220008160C1604FF48041016100214161816131
:10923000C1610162FBF7B4FC08B1FAF7BCFC10BDD8
:10924000005C0040BC070020801A060010B50E48E4
:109250000E4908604FF48270486000210B4881601D
:10926000C160016101214161490281613821C1610F
:1092700000210162416281620A21C162FCF79CFA0D
:1092800008B1FAF798FC10BD00300140100800202A
:1092900000B587B01C216846F7F77EFD15481649D2
:1092A00008600020486000211348816041F2873146
:1092B000C160002101618161FCF73AFD08B1FAF754
:1092C0007AFC0D48FDF7E3F808B1FAF774FC60206A
:1092D0000090002001900290049000226946064808
:1092E000FDF753F808B1FAF766FC0348FCF7A8FF4E
:1092F00007B000BD00440140000A002000B58DB059
:10930000002009900A900B900C90079008901C2167
:109310006846F7F741FD2048204908600020486072
:1093200000211E48816042F2CF01C160002101612D
:109330008161FCF7FDFC08B1FAF73DFC4FF4805069
:10934000099009A91548FCF729FE08B1FAF733FC82
:109350001248FDF79CF808B1FAF72DFC00200790A1
:10936000089007A90D48FCF789FC08B1FAF723FC1F
:10937000602000900020019002900490082269462D
:109380000648FDF702F808B1FAF715FC0348FCF7A8
:1093900057FF0DB000BD0000000400402809002068
:1093A00000B58DB0002009900A900B900C900790AA
:1093B00008901C216846F7F7EFFC20482049086018
:1093C000A720486000211E4881604FF6FF71C160F0
:1093D000002101618161FCF7ABFC08B1FAF7EBFBFE
:1093E0004FF48050099009A91548FCF7D7FD08B142
:1093F000FAF7E1FB1248FDF74AF808B1FAF7DBFB90
:1094000000200790089007A90D48FCF737FC08B129
:10941000FAF7D1FB602000900020019002900490A8
:10942000082269460648FCF7B0FF08B1FAF7C3FB0B
:109430000348FCF705FF0DB000BD00000008004028
:109440007009002000B595B0002011901290139083
:1094500014900F9010901C2108A8F7F79DFC202174
:109460006846F7F799FC2B482B490860A72048600D
:1094700000212948816044F61F61C160002101611B
:1094800041618161FCF754FC08B1FAF794FB4FF499
:109490008050119011A92048FCF780FD08B1FAF71F
:1094A0008AFB1D48FCF7F3FF08B1FAF784FB0020A4
:1094B0000F9010900FA91848FCF7E0FB08B1FAF7DD
:1094C0007AFB60200890002009900A900B900C9085
:1094D0000D900E90002208A90F48FCF756FF08B126
:1094E000FAF769FB0020009001900290039004902D
:1094F0004FF4005005900020079069460648FCF79D
:1095000082FB08B1FAF757FB0348FCF799FE15B048
:1095100000BD000000040140B809002010B50B4850
:109520000B4908604FF4E130486000210848816031
:10953000C16001610C21416100218161C161FDF7C0
:10954000E1F908B1FAF737FB10BD00000010014047
:10955000480A002010B50A480A4908600A484860CD
:10956000002108488160C16001610C214161002136
:109570008161C161FDF7C6F908B1FAF71CFB10BDA6
:10958000004800408C0A0020A086010010B50B485E
:109590000B4908604FF4E1304860002108488160C1
:1095A000C16001610C21416100218161C161FDF750
:1095B000A9F908B1FAF7FFFA10BD00000014014044
:1095C000D00A002000BFFEE700BFFEE710B52DED7A
:1095D000028B0446B0EE408AF0EE608AD4F80600B2
:1095E00090ED010A8A4880ED000A00201DE054F841
:1095F000062F411C02EB810191ED000A8449D1ED57
:10960000000A30EE600A216801EB800181ED000A5A
:109610006268411C02EB810191ED000AA41F02EB7C
:10962000800181ED000A411C88B22188491E8142D7
:10963000DDDCD4F806102088801E01EB800090ED60
:10964000000A30EE080A2088401E01EB800080ED01
:10965000000AD4F80A102088401E01EB8000C0EDFB
:10966000008AD4F802002188884204D2D4F802008B
:10967000401CC4F80200102104F11A00F7F78CFB1B
:1096800021886288891A88B24AE054F8061F01EBE3
:109690008001D1ED000A216801EB800191ED001AF3
:1096A000616900EE101A00EE810A10EE101A616175
:1096B00054F8061901EB8001D1ED000AD4F81E1010
:1096C00000EE101A30EE800A10EE101AC4F81E10C8
:1096D000D4F8061001EB8001D1ED000AD4F80A108D
:1096E00001EB800191ED001AD4F8221000EE101A5F
:1096F00000EE810A10EE101AC4F82210D4F80A10F5
:1097000001EB8001D1ED000AD4F8261000EE101A0A
:1097100030EE800A10EE101AC4F82610411C88B2F0
:1097200021888142B1DCD4F8220000EE100A2088A2
:1097300000EE900AF8EE600A20EE200AD4F81E002F
:1097400000EE900AD4F8260001EE100A00EEC10ADD
:10975000D4F81A0000EE900A208801EE100AB8EE44
:10976000411A20EE811AD4F81E0000EE900A01EE94
:10977000900A00EEE11AC0EE010A10EE900AC4F859
:109780000E009FED240A10EE100AC4F8160021887E
:109790006288891A88B221E054F8061F01EB800123
:1097A00091ED001AE16800EE101AA16800EE901A1F
:1097B00000EE810A616801EB8001D1ED000A30EE14
:1097C000600AF0EEC00A216900EE101A30EE800A3D
:1097D00010EE101A2161A41F411C88B22188814219
:1097E000DADCD4F8160000EE100A208800EE900AA9
:1097F000B8EE601AC0EE010A10EE900AC4F8160026
:10980000D4F80E0000EE100ABDEC028B10BD000073
:10981000D40100200000000070B504460D46A41CD1
:1098200024F8025C00202060A80002F0B9FF60600C
:10983000A80002F0B5FFA0609FED0C0A10EE100A20
:10984000E0609FED0A0A10EE100A2061A90060682E
:10985000F7F7A2FAA900A068A41EF7F79DFA102155
:1098600004F11A00F7F798FA70BD0000000000003C
:1098700010B52DED028B0446B0EE408AF0EE608A02
:1098800094F8980000F0800010B1204602F036F8FD
:1098900004F18C00F8F7EAF910EE100AC4F8900011
:1098A00018EE100A206118EE900A2060206800EE81
:1098B000100A206900EE900A30EE600A10EE100ADD
:1098C000A061D4F8A20018B1D4F8A21020468847AD
:1098D000A06900EE100AB5EEC00AF1EE10FA03DD41
:1098E000A06900EE100A04E0A06900EE100AB1EED3
:1098F000400AA06C00EE900AB4EEE00AF1EE10FA15
:109900007EDDD4F8940098BB606800EE100AA06970
:1099100000EE900A20EE200A10EE100A6062A068A5
:1099200000EE100AA06900EE900A60EE200AD4F85A
:10993000900000EE100A20EE800A10EE100A20635C
:10994000B4F86000022814DDA06900EE900AD4F893
:10995000900000EE100A04F16200FFF737FEE068A5
:1099600000EE900A20EE200A10EE100AE0627FE07E
:1099700016E0A06900EE100AE06900EE900A70EEB1
:10998000600AE06800EE100A20EE801AD4F8900019
:1099900000EE100AC1EE000A10EE900AE06267E0E5
:1099A000606800EE100AD4F89400006800EE900A97
:1099B00070EE200AA06900EE100A20EE800A10EE78
:1099C000100A6062A06800EE100AD4F894004068A3
:1099D00000EE900A70EE200AA06900EE100A60EE18
:1099E000800AD4F8900000EE100A20EE800A10EEF3
:1099F000100A2063B4F8600002281CDDA06900E0B2
:109A00008EE000EE900AD4F8900000EE100A04F107
:109A10006200FFF7DBFDE06800EE900AD4F89400E6
:109A2000806801EE100A70EE810A20EE200A10EE26
:109A3000100AE0621CE0E06800EE100AD4F894001E
:109A4000806800EE900A30EE201AA06900EE100A3D
:109A5000E06900EE900A30EE600A21EE001AD4F8B8
:109A6000900000EE100AC1EE000A10EE900AE062CB
:109A7000D4F8A60018B1D4F8A6102046884794F868
:109A8000980000F0040010B1204601F0B4FF94F8F3
:109A9000980000F0200010B1204601F04BFD94F832
:109AA000980000F0020010B1204601F0E6FD94F8A5
:109AB000980000F0400010B1204601F0B3FD94F88A
:109AC000980000F0010010B1204601F051FEA06A9C
:109AD00000EE100A206B00EE900A30EE200A10EE25
:109AE000100AA062606A00EE100AA06A00EE900AF6
:109AF00070EE200AE06A00EE100A30EE800A10EEE6
:109B0000100A606394F8980000F0100010B120462D
:109B100001F0A6FE204601F0CEFE204601F048FFEF
:109B200020696061606BA063E06AE063A069E06146
:109B3000206B2062606B00EE100ABDEC028B10BD42
:109B400070B52DED0A8B0446B0EE408AF0EE608AC7
:109B5000B0EE419AF0EE619AB0EE42AAF0EE62AA3F
:109B6000B0EE43BAF0EE63BAB0EE44CAF0EE64CAA7
:109B70000D46164619EE100AA06418EE900A6064AD
:109B800018EE100A20649FED1C0A10EE100A2060E7
:109B900019EE900A60601AEE100AA0601AEE900AA0
:109BA000E0609FED150A10EE100A20631BEE100A0C
:109BB00020651BEE900A60651CEE100AA0651CEE85
:109BC000900AE065A4F86050294604F16200FFF7AE
:109BD00023FE00208D3444F8010CE6720021E16080
:109BE00021618D3CA12001559FED030A10EE100A62
:109BF0006063BDEC0A8B70BD0000000010B5234B04
:109C00001B685B6943F04003204C246863611F4B71
:109C10001B68DB6843F010031C4C2468E3601C4B9A
:109C20001B681B6823F00103194C2468236007E0BC
:109C3000174B1B681B6823F00103154C2468236035
:109C4000134B1B681B6803F00103002BF0D1114B71
:109C50000F4C2468A3600E4B1B68D8600C4B1B682C
:109C600019610B4B1B685A60094B1B681B6843F456
:109C70008023074C24682360054B1B681B6843F056
:109C80000103034C2468236010BD00008C0A0020EF
:109C9000D40B0020044800407CB504460D4616460F
:109CA000164800681821B0FBF1F01549B0FBF1F03F
:109CB0004FF47A71484301906068B0F5827F0DD10E
:109CC0002B46002280212046009600F01BF898B118
:109CD000606D40F02000606503207CBD00BF0198EE
:109CE00000B908E00198401E019020688068C0F328
:109CF000C0100028F3D100BF0020EEE728000020AC
:109D000040420F002DE9F84F04460D4690461E468E
:109D1000DDF82890FAF73EFFA0EB0900371AFAF7B2
:109D200039FF82462C480068C0F3CB30784300905E
:109D300045E0701C002842D0FAF72CFFA0EB0A0087
:109D4000B84200D2A7BB2068406820F0E00021683C
:109D500048606068B0F5827F0DD1A068B0F5004F13
:109D600003D0A068B0F5806F05D12068006820F0AE
:109D7000400021680860A06AB0F5005F0DD100BF07
:109D80002068006820F4005021680860206800689E
:109D900040F400502168086000BF012084F85100A1
:109DA00000BF002084F8500000BF0320BDE8F88FFA
:109DB000FFE7009800B900270098401E0090206837
:109DC00080682840A84201D1012000E000204045E1
:109DD000AFD10020EAE700002800002010B500BF46
:109DE000502080F31188BFF34F8FBFF36F8F00BFF8
:109DF00003F06AFD18B14FF080500449086000BFBD
:109E0000002080F3118800BF10BD000004ED00E0C9
:109E100000B593B0302107A8F6F7BEFF142102A8C1
:109E2000F6F7BAFF00BF002001902548006840F017
:109E30008050234908600846006800F08050019077
:109E400000BF00BF00BF002001901E48006840F422
:109E500080401C4908600846006800F4804001907A
:109E600000BF00BF0220079001200A9010200B9035
:109E700002200D9000210E9108210F91A821109130
:109E8000022111910421129107A8FBF747FA08B1AA
:109E9000F9F791FE0F200290022003900020049019
:109EA0004FF4A05005904FF480500690052102A871
:109EB000FBF7D2F808B1F9F77EFE13B000BD000041
:109EC00040380240007000400348006840F47000D1
:109ED000014908607047000088ED00E010B50248B5
:109EE000FCF7E3F810BD0000F40C002010B5026888
:109EF000294B98420ED0B0F1804F0BD0274B98429F
:109F000008D0274B984205D0264B984202D0264BCA
:109F1000984203D122F070024B681A431E4B9842BC
:109F200020D0B0F1804F1DD01C4B98421AD01C4B52
:109F3000984217D01B4B984214D01B4B984211D01B
:109F40001A4B98420ED01A4B98420BD0194B98429C
:109F500008D0194B984205D0184B984202D0184BA4
:109F6000984203D122F44072CB681A4322F0800356
:109F70004C6943EA040202608B68C3620B68836227
:109F8000054B984202D0084B984201D10B690363FC
:109F90000123436110BD00000000014000040040A7
:109FA00000080040000C0040000401400040014057
:109FB000004401400048014000180040001C0040DF
:109FC0000020004030B501F01F05012404FA05F31C
:109FD000046A9C430462046A01F01F0502FA05F555
:109FE0002C43046230BD30B50C46816821F47F41BA
:109FF00042EA032525432943816030BD0A46816832
:10A0000021F0700142F0070319438160704700009E
:10A0100030B5056A25F001050562026A4368846966
:10A0200024F0700424F003040D682C4322F0020293
:10A030008D682A43104DA84200D103E00F4DA8427D
:10A0400006D100BF22F00802CD682A4322F00402A4
:10A05000094DA84202D0094DA84207D123F48073CC
:10A0600023F400734D692B438D692B434360846156
:10A070004D684563026230BD0000014000040140AC
:10A0800030B5056A25F010050562026A43688469E7
:10A0900024F4E04424F440740D6844EA052422F0DA
:10A0A00020028D6842EA0512124DA84200D103E059
:10A0B000114DA84207D100BF22F08002CD6842EACC
:10A0C000051222F040020B4DA84202D00A4DA842D0
:10A0D00009D123F4806323F400634D6943EA8503C7
:10A0E0008D6943EA8503436084614D68856302623C
:10A0F00030BD0000000001400004014030B5056A99
:10A1000025F480750562026A4368C46924F070040E
:10A1100024F003040D682C4322F400728D6842EA97
:10A120000522124DA84200D103E0114DA84207D1EB
:10A1300000BF22F40062CD6842EA052222F4806268
:10A140000A4DA84202D00A4DA84209D123F48053F7
:10A1500023F400534D6943EA05138D6943EA05135F
:10A160004360C4614D68C563026230BD00000140B8
:10A170000004014030B5056A25F480550562036A84
:10A180004468C26922F4E04222F440720D6842EA57
:10A19000052223F400538D6843EA0533084DA84295
:10A1A00002D0084DA84204D124F480444D6944EA09
:10A1B00085144460C2614D680564036230BD0000CF
:10A1C000000001400004014030B50B461446026A0D
:10A1D000056A25F001050562816921F0F00141EA77
:10A1E000041122F00A021A438161026230BD30B5C7
:10A1F0000B461446056A25F0100505628169026A5E
:10A2000021F4704141EA043122F0A00242EA031233
:10A210008161026230BD70B50546AC6B0020E085FF
:10A22000E0842046FCF7FCF970BD70B506460025B9
:10A23000B46B20684069C0F3C01594F83D00212834
:10A2400005D125B10020E084204600F08FF8206879
:10A250004069C0F3801594F83E00222805D125B14D
:10A260000020E085204600F03BF8206C40F0100014
:10A2700020642046FCF7D4F970BD70B50546AC6B80
:10A280002868006800F48070F8B90020E08400BFFE
:10A2900000BF2168143151E8001F21F080002168BF
:10A2A000143141E80002002AF3D100BF00BF00BF13
:10A2B00021680C3151E8001F41F0400021680C3149
:10A2C00041E80002002AF3D102E02046FCF756FDE7
:10A2D00070BD70B50446A56B2846FCF750FD70BDF7
:10A2E00000BF00BF02680C3252E8002F22F49071C8
:10A2F00002680C3242E80013002BF3D100BF00BF0C
:10A3000000BF0268143252E8002F22F001010268F7
:10A31000143242E80013002BF3D100BF016B012976
:10A320000ED100BF00BF02680C3252E8002F22F0AD
:10A33000100102680C3242E80013002BF3D100BF79
:10A34000202180F83E1000210163704710B50446BB
:10A350002068C06820F040002168C860202084F890
:10A360003D002046FCF70AFD002010BD00BF00BFE5
:10A3700002680C3252E8002F22F0C00102680C3251
:10A3800042E80013002BF3D100BF202180F83D10DC
:10A3900070472DE9F04104460D461646002794F813
:10A3A0003E70202F26D105B116B90120BDE8F081FD
:10A3B00000BF94F83C00012801D10220F6E70120FB
:10A3C00084F83C0000BFA562A685002020642268B6
:10A3D000111D33462A46A06BFAF750FA20684069EF
:10A3E00040F040002168486100BF002084F83C0034
:10A3F00000BFDBE70220D9E7F8B5044694F83E0039
:10A40000222873D1A068B0F5805F0CD1206950B9C3
:10A410000025A66A20684068C0F308003080A06A62
:10A42000801CA06215E0A56A0026A068B0F5805FD8
:10A4300003D0A06828B9206918B92068406828703E
:10A4400004E02068406800F07F002870A06A401C8B
:10A45000A062E08D401E80B2E085002844D12068D3
:10A46000C06820F020002168C8602068C06820F41F
:10A4700080702168C8602068406920F00100216870
:10A480004861202084F83E00206B012826D100205E
:10A49000206300BF00BF21680C3151E8001F21F08C
:10A4A000100021680C3141E80002002AF3D100BFFE
:10A4B0002068006800F0100010280AD100BF0020BA
:10A4C000009020680068009020684068009000BFFD
:10A4D00000BFA18D2046FCF7A2F802E02046FCF761
:10A4E000F5FB0020F8BD01E00020FBE70220F9E7C2
:10A4F0002DE9F84F04462068006920F44050E168D7
:10A500000843216808612169A0680843616908431C
:10A51000E169084300902068C06849F20C618843F3
:10A52000009908432168C8602068406920F44070A1
:10A53000A16908432168486176492068884203D0B0
:10A5400075492068884203D1FAF780FE814602E00F
:10A55000FAF76CFE8146E069B0F5004F6CD102203D
:10A560006168A0FB015003461920A9FB0070014659
:10A570002A463846F6F7C6FB6421B0FBF1F04FEAF5
:10A58000001A02206168A0FB01510B461920A9FBAB
:10A5900000712A463846F6F7B5FB8346022061680B
:10A5A000A0FB015003461920A9FB00712A4638463A
:10A5B000F6F7A8FB6421B0FBF1F000EBC00101EB62
:10A5C0000010ABEB8000322101EBC0006421B0FB36
:10A5D000F1F000F0F8000AEB400A02206168A0FBED
:10A5E000015003461920A9FB007001462A4638464F
:10A5F000F6F788FB834602206168A0FB0150034602
:10A600001920A9FB00712A463846F6F77BFB642126
:10A61000B0FBF1F000EBC00101EB0010ABEB8000F0
:10A62000322101EBC0006421B0FBF1F000F0070023
:10A630005044216888606AE004206168A0FB0150F2
:10A6400003461920A9FB007001462A463846F6F752
:10A6500059FB824604206168A0FB01500346192083
:10A66000A9FB007001462A463846F6F74BFB6421E9
:10A67000B0FBF1F000EBC00101EB0010AAEB800091
:10A68000322101EB00106421B0FBF1F000F0F00A80
:10A6900004206168A0FB017003461920A9FB00514A
:10A6A0003A462846F6F72EFB6421B0FBF1F00AEBA0
:10A6B000001A04206168A0FB01510B461920A9FB78
:10A6C00000712A463846F6F71DFB83460420616870
:10A6D000A0FB015003461920A9FB007001462A4641
:10A6E0003846F6F70FFB6421B0FBF1F000EBC00138
:10A6F00001EB0010ABEB8000322101EB0010642174
:10A70000B0FBF1F000F00F00504421688860BDE814
:10A71000F88F00000010014000140140014691F83C
:10A720003D00212828D18868B0F5805F0BD10869E9
:10A7300048B90A6A1088C0F308000B685860086AB4
:10A74000801C086205E00B6A581C086218780B68C8
:10A750005860C88C401E80B2C88458B90868C06868
:10A7600020F080000B68D8600868C06840F04000A6
:10A770000B68D860002070470220FCE708B5002075
:10A78000424908704248006800F01000002879D063
:10A7900000BF002000903F480068006800903D48DE
:10A7A00000684068009000BF00BF3A48806B0068B6
:10A7B000006800F4002090BB3648806B0068006899
:10A7C00020F001003349896B096808603148806BCB
:10A7D00000684068C0F500702F4908804FF4007091
:10A7E0002C49896B096848602A48806B00680068BA
:10A7F00040F400202749896B096808602548806B70
:10A800000068006840F001002249896B096808600F
:10A81000214802882149224801F055F932E0FFE73A
:10A820001C48806B0068006820F001001949896BA2
:10A83000096808601748806B00684068C0F50070C0
:10A84000154908804FF400701249896B0968486007
:10A850001048806B0068006820F400200D49896B67
:10A86000096808600B48806B0068006840F00100D0
:10A870000849896B0968086007480288094908483F
:10A8800001F021F90348FBF7CDFE08BD08010020C7
:10A8900000100140480A00200A0100200412002094
:10A8A000041600200414002010B50348FBF7BAFE7C
:10A8B000F7F714F910BD00008C0A002008B51848FD
:10A8C000184908604FF4E130486000211548816064
:10A8D000C16001610C21416100218161C161FCF70E
:10A8E00011F808B1F9F767F900BF002000900D4892
:10A8F0000068006800900B4800684068009000BF46
:10A9000000BF08480068C06840F0100005490968A9
:10A91000C860322204490348FFF73BFD08BD000030
:10A9200000140140D00A0020AC0F002010B500F048
:10A9300007F80248FBF776FE10BD0000D00A0020A1
:10A9400038B500256B480068006800F0100010283A
:10A9500077D168480068C06800F01000002870D007
:10A960006448806B0068006820F001006149896BD1
:10A970000968086000BF002000905E480068006819
:10A9800000905C4800684068009000BF00BF5948D4
:10A99000806B00685849884201D1202068E0554802
:10A9A000806B00685549884201D1202060E0514801
:10A9B000806B006850496031884201D1202057E007
:10A9C0004C48806B00684D496031884201D120209D
:10A9D0004EE04848806B006847491831884201D1F1
:10A9E000C01445E04348806B0068444918318842F0
:10A9F00001D1C0143CE03F48806B00683E4978318B
:10AA0000884201D1C01433E03A48806B00683B496A
:10AA10007831884201D1C0142AE03648806B006842
:10AA200035493031884202D14FF4001020E03148DE
:10AA3000806B006831493031884203D14FF40010F7
:10AA400016E055E02B48806B00682B499031884216
:10AA500002D14FF400100BE02648806B00682749B4
:10AA60009031884202D14FF4001001E04FF00060B5
:10AA700004462048806B00684068C0F13200C5B2CF
:10AA80001F49204800F0C6FC1A48806B00681B492B
:10AA90004831884203D91948001F046018E015485E
:10AAA000806B00681449A831884203D913480838DC
:10AAB00004600DE00F48806B00680F494831884200
:10AAC00003D90D481038C46002E00B481038846088
:10AAD00032200849896B096848600648806B006825
:10AAE000006840F001000349896B0968086000BFF5
:10AAF00038BD0000D00A00201060024010640240FF
:10AB0000980F0020AC0F002000BFFEE741000802B4
:10AB100018BF04200A0E18BF40F001004FF07F421A
:10AB200032EA010108BF40F00200012808BF0520F9
:10AB30007047000002480068C0F302207047000020
:10AB40000CED00E010B5002804DB0A07130E054ADF
:10AB5000135406E00A07140E034A00F00F031B1FEC
:10AB6000D45410BD00E400E018ED00E0EFF31080D5
:10AB70007047000010B510EE104A4FF01A402DED4E
:10AB8000028B00EB4400B0F1C85F4AD84FF0FC40A4
:10AB9000B0EB440F22D2B0EEC00AF7EE000A30EE5E
:10ABA000C00AF6EE000A20EE208A18EE100A02F023
:10ABB00095F800EE100A14F0004F1DBF9FED281A03
:10ABC000DFED280AB1EE400A9FED271A08BFF0EE2C
:10ABD000410AF8EE001A20EE210A05E020EE008A74
:10ABE0009FED221ADFED220ADFED221A9FED222AC5
:10ABF00070EEC00A20EE080A08EE212ADFED1F1AC7
:10AC000048EE021A9FED1E2A08EE212ADFED1D1ADA
:10AC100048EE021ABDEC028B40EE610A30EE810A6A
:10AC200010BD4FF0CC40B0EB440F82BF9FED160A31
:10AC3000BDEC028B10BD4FF07F40B0EB440F05D24E
:10AC4000BDEC028BBDE8104000F0FBB9012000F024
:10AC500021FABDEC028BBDE8104000F0F9B900000C
:10AC60000000494022AA7D3A000000000000C93FD0
:10AC700022AAFD3924FE1C3DC78AD83C1E67383DF8
:10AC80001B93993DAFAA2A3EDB0FC93F10B54FF089
:10AC90000E402DED028BB0EE408A18EE104A00EB0C
:10ACA0004400B0F1506F4AD84FF0FC40B0EB440F75
:10ACB00022D2B0EEC80AF7EE000A30EEC00AF6EE75
:10ACC000000A60EE208A18EE900A02F007F801EE02
:10ACD000100A14F0004F1DBFDFED2D0A9FED2D0A65
:10ACE000B1EE411ADFED2C0A08BF9FED2C0AF8EEF9
:10ACF000001A21EE218A05E0DFED290A68EE088AB4
:10AD0000B0EE600A9FED271ADFED271A30EE080A31
:10AD100048EE811A9FED251A08EEA11ADFED241ADC
:10AD200048EE811A9FED231A08EEA11A68EE281A40
:10AD3000BDEC028B01EE810A30EE200A10BD4FF00F
:10AD4000E440B0EB440F0CD918EE100AFFF7DEFE1A
:10AD5000042808BF00F084F9B0EE480ABDEC028B6D
:10AD600010BD4FF07F40B0EB440F07D2B0EE480A61
:10AD7000BDEC028BBDE8104000F063B9012000F08B
:10AD800089F9BDEC028BBDE8104000F061B900000C
:10AD90000000C9BF22AAFDB90000C93F22AAFD399F
:10ADA0000000000024FE1C3DC78AD83C1E67383DC9
:10ADB0001B93993DAFAA2A3E10EE100A10B510EE73
:10ADC000901A4FF0684202EB40032DED028BB3F175
:10ADD000654F3CBF02EB4102B2F1654F7CD200BF30
:10ADE000C0F3C753C1F3C7529A1A1B2A09DD10F0EA
:10ADF000004F14BF9FED6E0A9FED6E0ABDEC028BF3
:10AE000010BD12F11A0F1BDA11F0004F09D010F02B
:10AE1000004F0CBF9FED680A9FED680ABDEC028BE6
:10AE200010BD80EE208A18EE100AFFF76FFE04288E
:10AE300008BF00F015F9B0EE480ABDEC028B10BD5A
:10AE40004200B2EB410F37D910F0004F19BFDFEDD0
:10AE50005C1A9FED5C1ADFED5C1A9FED5C1AB0EE98
:10AE6000602A0A46F1EE400A80F00041B0EE420A44
:10AE700010460A1A5200B2F1807F34D2484010F0D6
:10AE8000004FDFED532A9FED533A1DBFBEEE002A5F
:10AE900071EEE21A31EE431AB6EE002A04BF71EEEB
:10AEA000A21A31EE031AF0EE402A42EE602A40EE7A
:10AEB000020A82EEA02A18E011F0004F04BF9FEDB5
:10AEC000461AF0EE411AD4D010F0004F1CBFDFED4F
:10AED000431A9FED431A00E026E004BFDFED411A5C
:10AEE0009FED411AC5E780EE202A22EE020ADFED2F
:10AEF0003F0ADFED3F2ABDEC028B40EE202ADFED5A
:10AF00003D0A40EE220ADFED3C2A40EE202ADFED2A
:10AF10003B0A40EE220A22EE000A00EE201A31EE31
:10AF2000020A30EE210A10BD4FF07F42B2EB400F13
:10AF300028BFB2EB410F05D2BDEC028BBDE810403B
:10AF400000F082B840EA01035B0008BF41F0FF4116
:10AF50000BD0B2EB400F08BFB2EB410F08D120F08D
:10AF6000804000EE100A21F0804100EE901A37E791
:10AF7000B2EB400F12BF5FEA410240F0FF4001F028
:10AF800000413FF42DAF4A0092EA40033FF528AF5D
:10AF9000002AACBF9FED1A1A9FED1A1A20EE010A83
:10AFA00060EE810A10EE100A10EE901A18E7000009
:10AFB000DB0FC9BFDB0FC93FDB0F4940DB0F49C0C7
:10AFC0000000C9BF22AAFDB90000C93F22AAFD396D
:10AFD0000060ED3EC30ACE3700000000000049C00B
:10AFE00022AA7DBA0000494022AA7D3A2DAD65BD56
:10AFF0008FB8D53D0FB511BE61C84C3EA8AAAABEF8
:10B000000000804F0000802F10B52DED028BB1EEB7
:10B01000C08A18EE100A20F00040C0F1FF40C00FB7
:10B020000AD010EE100A20F00040C0F1FF40C00F1F
:10B0300004BF012000F02EF8B0EE480ABDEC028BF0
:10B0400010BD30EE000A704730EE200A7047000055
:10B05000DFED020A80EEA00A704700000000000049
:10B060009FED020A20EE000A704700000000001069
:10B0700002E008C8121F08C1002AFAD170477047C1
:10B08000002001E001C1121F002AFBD1704780F3AC
:10B0900010887047014908607047000014050020BF
:10B0A00070B505460C4600260DB1022C00D870BDC7
:10B0B000A11E06480288284600F074FE0646A01E1F
:10B0C0002E54310A601E295400BFF0E7E001002031
:10B0D00070B505460C4600260DB1022C00DC70BD93
:10B0E000601E81B2FF22284600F076FE0646601EF2
:10B0F0002E5400BFF3E7000010B5F5F7CDFE802019
:10B10000F6F7ACF85520F6F7A9F85520F6F7A6F8AB
:10B1100053490870F5F7B6FE9620F6F72CF8F5F7C8
:10B12000BBFE8020F6F79AF85520F6F797F85520E1
:10B13000F6F794F84A490870F5F7A4FE9620F6F75A
:10B140001AF8F5F7A9FEB6217E20F6F797F8F5F77D
:10B1500099FE5020F6F709F8F5F79EFE8020F6F7E5
:10B160007DF85520F6F77AF85520F6F777F83C4940
:10B170000870F5F787FE9620F5F7FDFFF5F78CFED2
:10B180008020F6F76BF85520F6F768F85520F6F7AB
:10B1900065F833490870F5F775FE9620F5F7EBFF73
:10B1A0002F4800781E2801D0FF2010BD00202D4917
:10B1B00008704EE0F5F770FE2A4A127802EB420260
:10B1C000294B1A445178274A127802EB4202985CC4
:10B1D000F6F754F8F5F756FE9620F5F7CCFFF5F79D
:10B1E0005BFE2049097801EB41011F4A515C41F0A7
:10B1F0008000F6F733F85520F6F730F85520F6F7CB
:10B200002DF817490870F5F73DFE9620F5F7B3FFC6
:10B210001448007800EB4000134908444078104976
:10B220000978884210D00F480078401E0D490870F8
:10B230000846007800EB40000B49084480780B4931
:10B24000097808430949087006480078401C0549F8
:10B250000870044800780628ACDB0020A5E7000051
:10B2600089010020880100208A0100207C01002043
:10B2700010B5F5F727FE45490020F5F7E2FFF5F791
:10B2800017FE9620F5F777FFF5F71CFE3F490020E3
:10B29000F5F7D7FFF5F70CFE9620F5F76CFFF5F7FD
:10B2A00011FEB6211420F5F7E9FFF5F701FE502055
:10B2B000F5F75BFFF5F706FE34490020F5F7C1FF0F
:10B2C000F5F7F6FD9620F5F756FFF5F7FBFD2F494C
:10B2D0000020F5F7B6FFF5F7EBFD9620F5F74BFFED
:10B2E0002A4800780F2801D0FF2010BD00202849EF
:10B2F000087045E0F5F7E6FD254A127802EB4202B8
:10B30000244B1A445178224A127802EB4202985C8C
:10B31000F5F7B4FFF5F7CCFD9620F5F72CFFF5F720
:10B32000D1FD1B49097801EB41011A4A505C1749CC
:10B33000F5F787FFF5F7BCFD9620F5F71CFF1448DD
:10B34000007800EB40001349084440780F49097821
:10B35000884210D00E480078401E0D4908700846FB
:10B36000007800EB40000C49084480780B490978CC
:10B3700008430A49087006480078401C04490870D0
:10B38000034800780628B5DB0020AEE789010020DD
:10B39000880100209C0100208A0100207C010020FF
:10B3A00010B50448FAF758FD08210248FBF7A4F845
:10B3B00010BD00007009002000B58BB0012009907D
:10B3C0000020079001200890002001900290039037
:10B3D00004900690059001A90C48F8F705FC0B486D
:10B3E000F9F715F802210948F8F7E8FB0E200A9052
:10B3F000069001A90648F8F7F7FB0548F9F707F8A2
:10B4000002210348F8F7DAFB0BB000BD6C070020FF
:10B410009407002070B506460C4600250EE0705DCE
:10B4200069280AD105F11300305C652805D171192E
:10B4300014222046F5F797FC02E06D1C322DEEDB5E
:10B4400000BF607810490870A07810490870E07853
:10B450000F49087020790F49087060790E4908700B
:10B46000A0790E490870E0790D490870207A0D49DD
:10B470000870607A0C490870A07A0C490870E07A6C
:10B480000B49087070BD0000D8000020D9000020D2
:10B49000DA000020DB000020DC000020DD000020BE
:10B4A000DE000020DF000020E0000020E10000209E
:10B4B000E6000020074800680749B0FBF1F00749A3
:10B4C0000870044800684FF47A71B0FBF1F0044949
:10B4D000086070472800002040420F002C00002028
:10B4E0003000002070B50346002400210020002217
:10B4F00000254FF0E02675690D4E367803FB06F403
:10B500004FF0E026B16910E04FF0E026B0698842C4
:10B510000BD0884202D20E1A324402E02E1A0E4498
:10B5200032440146A24200D300E0EDE700BF70BD07
:10B530002C000020816900EE101A816A00EE901A3A
:10B5400020EE200AB5EEC00AF1EE10FA65DD816941
:10B5500000EE101AB5EEC00AF1EE10FA03DD8169B3
:10B5600000EE101A04E0816900EE101AB1EE400AF4
:10B57000416D00EE901AB4EEE00AF1EE10FA00D838
:10B580007047016D00EE101A416D00EE901A70EEDA
:10B59000200A816900EE101AB5EEC00AF1EE10FA29
:10B5A00003DD816900EE101A04E0816900EE101AD3
:10B5B000B1EE400AF4EEC00AF1EE10FA28DB016D9C
:10B5C00000EE901A816900EE101AB5EEC00AF1EE95
:10B5D00010FA03DD816900EE101A04E0816900EEC3
:10B5E000101AB1EE400A70EEC00A416D00EE101A5A
:10B5F00030EE801A016D00EE101AC1EE000A016BE8
:10B6000000EE101A20EE800A10EE101A016304E01A
:10B610009FED030A10EE101A016300BFB0E70000AF
:10B620000000000050F82C1F00EE101A416E00EED2
:10B63000901A60EE201A016B00EE101A416E00EEB7
:10B64000901A30EE200A81EE801A016900EE101A7D
:10B65000016B00EE901A60EE201A00EE101A416E97
:10B6600000EE901A30EE200AC1EE800A31EE200A78
:10B6700010EE101A40F82C19704710B50446D4F893
:10B68000940090BBB4F86000022817DD206901EE39
:10B69000100AB1EE411AF0EE410AD4F8900000EE23
:10B6A000100A04F16200FDF791FFE06800EE900AD5
:10B6B00020EE200A10EE100AE06257E0606900EE0A
:10B6C000100A206900EE900A70EE600AE06800EE51
:10B6D000100A20EE801AD4F8900000EE100AC1EE95
:10B6E000000A10EE900AE06240E0FFE7B4F8600064
:10B6F00002281EDD206901EE100AB1EE411AF0EEBB
:10B70000410AD4F8900000EE100A04F16200FDF73F
:10B710005DFFE06800EE900AD4F89400806801EEC6
:10B72000100A70EE810A20EE200A10EE100AE06284
:10B730001CE0E06800EE100AD4F89400806800EE87
:10B74000900A30EE201A606900EE100A206900EEBF
:10B75000900A30EE600A21EE001AD4F8900000EE54
:10B76000900A81EE200A10EE100AE06210BD00007F
:10B77000816A00EE101A016B00EE901A30EE200A7A
:10B78000344981ED000A416A00EE101A816A00EE28
:10B79000901A70EE200AC16A00EE101A30EE800A8C
:10B7A0002D4981ED000A91ED000AB5EEC00AF1EED7
:10B7B00010FA02DD91ED000A04E0274991ED000A3C
:10B7C000B1EE400A016C00EE901AB4EEE00AF1EE20
:10B7D00010FA11DD816900EE101A816A00EE901AEC
:10B7E00020EE200AB5EEC00AF1EE10FA04DD9FED5E
:10B7F0001B0A10EE101A0163416C00EE101A154975
:10B80000D1ED000AB4EEE00AF1EE10FA06D29FED97
:10B81000130A10EE101A0163416C8162416C00EE54
:10B82000101AB1EE400A0B49D1ED000AB4EEE00A5D
:10B83000F1EE10FA0CDD9FED090A10EE101A01630B
:10B84000416C00EE101AB1EE400A10EE101A81623F
:10B8500070470000080500200405002000000000DB
:10B8600050F8341F00EE101AC16D00EE901A60EE11
:10B87000201A416A00EE101AC16D00EE901A30EEE7
:10B88000200A81EE801A416800EE101A416A00EE2B
:10B89000901A60EE201A00EE101AC16D00EE901A98
:10B8A00030EE200AC1EE800A31EE200A10EE101AA6
:10B8B00040F834197047416B00EE101A016C00EE2D
:10B8C000901AB4EEE00AF1EE10FA01DD016C41636A
:10B8D000416B00EE101A016C00EE901AF1EE600A56
:10B8E000B4EEE00AF1EE10FA07D2016C00EE101A85
:10B8F000B1EE400A10EE101A4163704710B5416B6B
:10B9000000EE101A016C00EE901A9FED261A60EE00
:10B91000810AB4EEE00AF1EE10FA0BD3016800EEF2
:10B92000101AB0EEC00ADFED200AB4EEE00AF1EE24
:10B9300010FA00D210BD016800EE101A016900EE85
:10B94000901A30EE600AF0EEC00A016800EE101A9C
:10B95000B0EEC00A80EE801A9FED140AB4EEC01A51
:10B96000F1EE10FA09DD50F8994F4168631C41F17E
:10B97000000103604160993804E00022C0F899207A
:10B98000C0F89D20D0F89940D0F89D304FF4FA725D
:10B990000021121B994102D20122A1210A5400BFA9
:10B9A000C8E700006F12833A17B7D1383333733FBB
:10B9B000416A00EE101A016C00EE901AB4EEE00A33
:10B9C000F1EE10FA01DD016C4162416A00EE101ADD
:10B9D000016C00EE901AF1EE600AB4EEE00AF1EEAE
:10B9E00010FA07D2016C00EE101AB1EE400A10EE08
:10B9F000101A41627047D0F89410D1B9816900EEF5
:10BA0000101AC16900EE901A30EE200AB0EE001A4A
:10BA1000C0EE010A816800EE101A60EE800AD0F8CC
:10BA2000901000EE101A20EE800A10EE101A01633A
:10BA300020E0816900EE101AC16900EE901A30EE24
:10BA4000200AF0EE000A80EE201A816800EE101A3B
:10BA5000D0F89410496800EE901A30EE200A61EE9A
:10BA6000000AD0F8901000EE101A20EE800A10EEB6
:10BA7000101A0163704770B504460026FFF776F888
:10BA8000054672B661682069884201D92068206144
:10BA9000206906782069401C2061A068401CA060D5
:10BAA000E068401EE0602846FFF7F1FA304670BDBE
:10BAB000034619608818401E58609A600020D860BC
:10BAC0001961596170472DE9F047044688461546CB
:10BAD000FFF74CF8824672B6B8F1000F00D13CE097
:10BAE000A06800B939E061686069884201D92068BE
:10BAF0006061A068A84201DD284600E0A068054614
:10BB000061696068401A461CAE4209DB2E46324627
:10BB100041466069F5F727F96069304460610FE0DC
:10BB2000A5EB0609324641466069F5F71CF908EBBA
:10BB300006014A462068F5F716F920684844606116
:10BB4000A068401BA060E0682844E0602F46504693
:10BB5000FFF79DFA3846BDE8F0875046FFF797FAA1
:10BB60004FF0FF30F7E70146C8687047F0EE401A23
:10BB7000F4EEE01AF1EE10FA02D2B0EE600A70476D
:10BB8000F4EEC11AF1EE10FA02DDB0EE410AF6E76A
:10BB9000B0EE610AF3E70000FDEEC00A0E48C0ED0A
:10BBA000000AD0ED000AF8EEE00A70EE600A0B48D9
:10BBB000C0ED000AD0ED000AB6EE001AF4EEC10A9C
:10BBC000F1EE10FA04DD04480068401C02490860E8
:10BBD0000148006870470000C8010020CC01002027
:10BBE0008A784B7842EA032200EE902ACA78120142
:10BBF0000B7942EA131200EE102A0A7802F00F02C3
:10BC000002700A7812114270B8EE601AF2EE041A4D
:10BC100021EE211AF0EE001A21EE211ADFED131A9F
:10BC200081EE212AB2EE041A32EE411A80ED011A99
:10BC3000B8EE401AF2EE041A21EE211A9FED0C2AFA
:10BC4000C1EE021AB1EE041A31EEC11A80ED021AE9
:10BC50004A790B7903F00F0342EA032201EE102A1E
:10BC6000B8EE411A80ED031A7047000000FF7F47CD
:10BC700000F07F458A784B7842EA032200EE902A52
:10BC8000CA7812010B7942EA131200EE102A0A78E0
:10BC900002F00F0202700A7812114270B8EE601AB8
:10BCA000F2EE041A21EE211AF0EE001A21EE211A0A
:10BCB000DFED131A81EE212AB2EE041A32EE411A98
:10BCC00080ED011AB8EE401AF2EE041A21EE211AA4
:10BCD0009FED0C2AC1EE021AB1EE041A31EEC11A20
:10BCE00080ED021A4A790B7903F00F0342EA03222E
:10BCF00001EE102AB8EE411A80ED031A70470000D9
:10BD000000FF7F4700F07F458A784B7842EA0322A4
:10BD100000EE902ACA7812010B7942EA131200EE63
:10BD2000102A0A7802F00F0202700A78121142708B
:10BD3000B8EE601AF2EE041A21EE211AF0EE001AA3
:10BD400021EE211ADFED131A81EE212AB2EE041A38
:10BD500032EE411A80ED011AB8EE401AF2EE041AE2
:10BD600021EE211A9FED0C2AC1EE021AB1EE041A3F
:10BD700031EEC11A80ED021A4A790B7903F00F03F4
:10BD800042EA032201EE102AB8EE411A80ED031AAE
:10BD90007047000000FF7F4700F07F450048704774
:10BDA000640D002030B5034613B94FF6FF7030BD67
:10BDB00009E013F8014B82EA0400C0B2054D35F8E2
:10BDC000100080EA2222081EA1F10101F1D11046E3
:10BDD000EDE70000D6DC000830B5034605E013F8B7
:10BDE000010B80EA02040448025D081EA1F101056E
:10BDF000A9B2F4D1104630BDD5DB00080048704729
:10BE0000D857002000BFEFF3058008B1012070472C
:10BE10000020FCE710B509480021016001711B21D9
:10BE20000748F4F7B9FF10210648F4F7B5FF0648B4
:10BE30000021016081800548017010BDEF000020E5
:10BE4000D7110020F2110020FB000020010100208A
:10BE500086B0B14A07CA03AB07C30020F5F73CF828
:10BE6000FCF720FA57E1AD48F5F700FFAC4880ED4C
:10BE7000000AAC4890ED000AA948D0ED000A30EE67
:10BE8000200AA84880ED000A00BFA748F5F72EF861
:10BE9000A54890ED000AA54880ED070AA24890ED5C
:10BEA000010AA24880ED080A9F4890ED020A9F48C7
:10BEB00080ED090A9C4890ED030A9C4880ED040A35
:10BEC000994890ED040A994880ED050A964890ED4E
:10BED000050A964880ED060A00F11C0200F11001E7
:10BEE0009348FAF7E7FF914890ED091AF0EE410AFE
:10BEF00090ED071AB0EE410AFEF75EFFB1EE400A80
:10BF0000DFED8C0A20EE200ADFED8B0A80EE201A8E
:10BF1000864880ED1D1A90ED091AF0EE410A90ED69
:10BF2000081AB0EE410AFEF747FFDFED820A20EE65
:10BF3000200ADFED810A80EE201A7C4880ED1E1A6F
:10BF400090ED093AF0EE432A90ED083AB0EE432A1C
:10BF500090ED073AF0EE431A90ED063AB0EE431A30
:10BF600090ED053AF0EE430A90ED043AB0EE430A44
:10BF70006B4890ED003AFBF795FA6C496F48D0E9B1
:10BF80001534026DC06D81E81C00C8600A4650314E
:10BF90006B48F5F77DF9654A02F15C016948F5F7F0
:10BFA00077F9624A02F168016748F5F771F95F4A6B
:10BFB000694603A8F7F752FD002039E05B491C31C0
:10BFC00001EB800191ED000A694601EB8001D1EDA2
:10BFD000000A30EE600A5249D1ED000A60EE200AF4
:10BFE000524991ED130A4E4991ED001A30EE011AB3
:10BFF00080EE810A4D49343101EB8001D1ED000A18
:10C000004A4991ED131A60EE810A91ED131A4449E1
:10C01000D1ED001A31EE211AC0EE811A30EE210A5C
:10C020004249343101EB800181ED000A411CC8B264
:10C030000328C3DB3D4A02F14001A1F10C00F5F7F2
:10C0400027F9424890ED6A0A384880ED210A3F48B6
:10C0500090ED690A354880ED200A3C4890ED680A69
:10C06000324880ED1F0A394890ED6B0A2F4880ED69
:10C07000220A90ED210ADFED360A80EE201A80EDCB
:10C080000A1A90ED200ADFED320A80EE201A80EDC8
:10C090000B1A90ED1F0ADFED2E0A80EE201A80EDBC
:10C0A0000C1A00BF2B48007800F0010008B9FCF71B
:10C0B000C3F828480068401C264908601B4890EDDA
:10C0C000200ADFED1D0A20EE200ADFED1A0A80EEBD
:10C0D000201A214880ED091A144890ED1F0ADFED5F
:10C0E000160A20EE200ADFED130A80EE201A1A4805
:10C0F00080ED0A1A0D4890ED220ADFED0F0A20EEBE
:10C10000200ADFED0C0A80EE201A134880ED0B1A8E
:10C11000012000F0ADF8A6E6C8DB0008780000209A
:10C120007C00002080000020985700203C0D00205B
:10C13000C80D002000003443DB0F4940585900204F
:10C14000A4DB0008B0DB0008BCDB00085858002066
:10C15000E12E65428C000020900E0020F0EE400A97
:10C16000F6EE001A60EEA11AB0EE611AB0EE600AA7
:10C1700010EE100A0749A1EB600000EE100A21EE54
:10C18000002AF7EE081A42EE401A61EE801AB0EE6D
:10C19000610A7047865A375FF8F75AFEFDF738FE96
:10C1A000FCF756FFFCF7BAFEFCF774FEFCF794FEB2
:10C1B000FDF7B4F9FDF7CEF9FDF76AF8FDF7F0F8F1
:10C1C000FDF726F8FDF742F8FDF798F8FDF73AF984
:10C1D000FDF7DCF900F0C2FCFFF7EEF8FFF76AF9B3
:10C1E000FFF7DEF8A820F5F791FDFCF7F3FE00F06D
:10C1F0004BF800BFFEE701460020842901D0CA1C8D
:10C2000010447047F0B50B30154D20F007010024A5
:10C21000144A0FE003688B420BD38B4205D95E1A98
:10C2200043184768C3E9006700E04368136002C031
:10C2300004E0021D10680028ECD12046002802D13D
:10C24000286808B10020F0BD064A07481060074A78
:10C25000121A22F00702C0E9002401202860D7E763
:10C26000100500200C050020C45A0020C08A0020C0
:10C2700070B5044625460DB1294600E00121084667
:10C2800001F0C2F8002070BD10B501F0EBF80020FD
:10C2900010BD10B5FFF7B6FD10B101F00BFB10BDDE
:10C2A00001F002FBFBE77FB504460D46606998B1DB
:10C2B000A06988B1B4F90800FFF79DFF0646D4E9EC
:10C2C0000510CDE9006102902B462269D4E90010E7
:10C2D00001F08CFA039013E0B4F90800FFF78BFF2C
:10C2E000064603A8CDE90060238A9AB22B46D4E91A
:10C2F000001001F049FA012802D0002004B070BDFE
:10C300000398FBE72DE9F04105460E461F480768F4
:10C3100000201F49096881F852001D480068001D6F
:10C3200000F032FF50B91A48006890F82C10012034
:10C33000884018490968814316480160681C38B96B
:10C3400036B113480168091D134800F067FF1AE071
:10C350007C190F4800684460BC4207D20C48016851
:10C36000091D0E48006800F03FFF0CE00848016816
:10C37000091D0B48006800F037FF0A480068844236
:10C3800001D208480460BDE8F081000020010020CF
:10C390000C01002024010020841B00201401002037
:10C3A000100100203C01002010B5044600F042FFBF
:10C3B00023480068401C224908602248006840B9B0
:10C3C000204804600846006801280DD100F046F9B5
:10C3D0000AE01D48006838B91A480068C06AE16A76
:10C3E000884201D81748046018480068401C174963
:10C3F000086094F82C10012088401549096808430A
:10C4000013490860E16A01EB8101124A02EB8100E5
:10C41000211D00F003FF00F037FF0B48006868B1F2
:10C4200008480068C06AE16A884207D24FF080502D
:10C4300009490860BFF34F8FBFF36F8F10BD000035
:10C440001C0100200C0100202801002038010020E0
:10C4500024010020A81A002004ED00E010B516E029
:10C4600000F0E8FE0C48C068C468201D00F08CFE97
:10C470000A480068401E0949086009480068401ED3
:10C480000749086000F000FF204600F00BF8044860
:10C4900000680028E4D110BD701B00201C010020A2
:10C4A0001801002010B5044694F8510030B9206BF3
:10C4B00000F008FF204600F005FF1AE094F8510054
:10C4C000012803D1204600F0FDFE12E094F851004F
:10C4D000022801D1012000E0002050B900BF502007
:10C4E00080F31188BFF34F8FBFF36F8F00BF00BF82
:10C4F000FEE710BD30B54FF47053174800F0070445
:10C500002CB1C01D20F00700134C041B1B1B02465E
:10C51000124C22600024114D6C60D018083820F0B5
:10C5200007000F4C206000240D4D2D686C600C4DF1
:10C530002D682C601146441A4C60094C24680C602C
:10C54000084D4C682C60084D4C682C604FF000443E
:10C55000064D2C6030BD0000981B002048010020D3
:10C5600050010020580100205401002064010020E7
:10C5700000BFFFF773FF064800680128F9D94FF0A4
:10C58000805004490860BFF34F8FBFF36F8FF0E70F
:10C59000A81A002004ED00E02DE9F05F82460E4667
:10C5A00090469B460A9F0C9C4FEA8801A522206B6F
:10C5B000F4F7EBFBA8F10100216B01EB800929F0F6
:10C5C000070909F0070008B9012000E0002050B970
:10C5D00000BF502080F31188BFF34F8FBFF36F8FE0
:10C5E00000BF00BFFEE786B1002507E0715D04F1E2
:10C5F00034004155705D00B902E06D1C102DF5D37B
:10C6000000BF00214320015502E0002084F83400DF
:10C61000072F00D30627E76267640020A064201D6F
:10C6200000F0DFFD04F1180000F0DBFD2461C7F12C
:10C630000700A06164620020E06484F8500084F880
:10C6400052005A465146484600F050F920600B9877
:10C6500008B10B980460BDE8F09F000010B50024FD
:10C6600007E004EB84010F4A02EB810000F0ACFD0F
:10C67000641C072CF5D30C4800F0A6FD0B4800F015
:10C68000A3FD0B4800F0A0FD0A4800F09DFD0A48FC
:10C6900000F09AFD04480949086004480849086008
:10C6A00010BD0000A81A0020341B0020481B0020E9
:10C6B0005C1B0020701B0020841B00201001002048
:10C6C0001401002010B50146164800E00068036818
:10C6D0008B42FBD30246436813448B4204D1436828
:10C6E0004C682344436001460A464B68134404687F
:10C6F000A34211D10C4C03682468A34208D04B68B4
:10C700000468646823444B6003681B680B6005E0A1
:10C71000054B1B680B6001E003680B60884200D08A
:10C72000016010BD48010020500100200A4909683D
:10C73000096809B9012100E0002121B14FF0FF3162
:10C74000064A116006E004490968C968C868034AD6
:10C750004168116070470000100100203C0100207A
:10C760000E480068401C08B9012000E0002050B9C4
:10C7700000BF502080F31188BFF34F8FBFF36F8F3E
:10C7800000BF00BFFEE700BF502080F31188BFF359
:10C790004F8FBFF36F8F00BF00BFFEE7680100201F
:10C7A0002DE9F04104464FF0000800F0B3FE49487F
:10C7B000006808B9FFF79EFE47480068204000283F
:10C7C00070D1D4B1083404F00700B0B104F0070010
:10C7D000C0F10800044404F0070008B9012000E09B
:10C7E000002050B900BF502080F31188BFF34F8F55
:10C7F000BFF36F8F00BF00BFFEE7002C52D0374859
:10C80000006884424ED8364E3046056801E02E4618
:10C810002D686868A04202D228680028F7D12D4808
:10C82000006885423ED0306800F108082868306012
:10C830006868001B102819D92F1907F0070008B9DC
:10C84000012000E0002050B900BF502080F3118883
:10C85000BFF34F8FBFF36F8F00BF00BFFEE7686865
:10C86000001B78606C603846FFF72CFF1B49686836
:10C870000968081A194908600846006819490968D2
:10C88000884203D215480068164908601249686852
:10C890000968084368600020286013480068401C4D
:10C8A0001149086001F0B4F808F0070008B9012048
:10C8B00000E0002050B900BF502080F31188BFF382
:10C8C0004F8FBFF36F8F00BF00BFFEE74046BDE84C
:10C8D000F08100005001002064010020540100207C
:10C8E00048010020580100205C010020001F4FF08B
:10C8F00080730360001F21F001030360001F054BDC
:10C90000036014380260001F6FF0020303602038D8
:10C910007047000061C7000838B504460020009049
:10C9200000251E4821680160217901716D1D601983
:10C9300000880090AD1CBDF80000A0F2012008287E
:10C9400028D2DFE800F0040A27272723101C6119EA
:10C950001B221348F4F707FA1DE061191022114851
:10C96000F4F701FA17E001200F49087061190F4828
:10C970000A6802608A888280897981710BE0601977
:10C980000B4902680A608088888004E00948615D7C
:10C99000017000E000BF00BF38BD0000EF000020C4
:10C9A000D7110020F211002002010020F400002025
:10C9B000FB0000200101002070B50025A5264F4C8A
:10C9C00095E04F48FFF757F8054694F8860006288B
:10C9D0007ED2DFE800F003142038445FB5420AD16C
:10C9E0000120873404F8010C2188481C24F88709A9
:10C9F000A01D455402E00020A4F8870076E0A58041
:10CA0000B4F88710481CA4F88700A01D45540220E4
:10CA100084F886006AE0A08840EA0520A080B4F887
:10CA20008710481CA4F88700A01D4554A0887728CB
:10CA300003D2032084F8860004E0002084F88600F6
:10CA4000A4F8870052E034F8871F2088401C24F89F
:10CA50008709A01D4554042084F8860046E034F878
:10CA6000871F2088401C24F88709A01D4554B4F86E
:10CA7000870005280DD10521A01D00F0B9FD18B1D2
:10CA8000052084F8860004E0002084F88600A4F8DD
:10CA900087002BE0B4F88710A0880930814207D2C4
:10CAA00034F8871F2088401C24F88709A01D4554AE
:10CAB000B4F88710A0880930814210D3002084F890
:10CAC0008600A4F88700A08800F10901A01D00E0FD
:10CAD00006E000F06DFD10B1A01DFFF71DFF05E0A1
:10CAE000002084F88600A4F8870000BF00BF044837
:10CAF000FFF739F800287FF464AF70BD1C1A0020DE
:10CB000004160020FFF786F94FF480620E490F48A3
:10CB1000FEF7CEFF4FF400720D49A1F5007000F052
:10CB200083FA10E0FFF748FF0A480088401C0949D3
:10CB3000088008460088322802D101200649087082
:10CB40000A20FFF795FBEDE71C16002004160020D5
:10CB500004140020060100200801002010B5242242
:10CB60000449A1F12400FDF749F8FFF747F902490C
:10CB7000086010BD2D580020EE57002000B101B90B
:10CB800070470278437842EA0322C2F30A020A801D
:10CB90004278D210837842EA4312C2F30A024A80F2
:10CBA00082789211C37842EA8302037942EA8322AF
:10CBB000C2F30A028A8002795210437942EAC31210
:10CBC000C2F30A02CA804279C2F301128A72427920
:10CBD00012119308CB728279C37942EA032212B20E
:10CBE0008A81027A437A42EA032213B201F10C02EB
:10CBF000CB81827AC37A42EA032213B201F10C029A
:10CC00000B82037B8B74437BCB74827BC37B42EAB6
:10CC100003228A82027C437C42EA032212B20A8106
:10CC20000A88A2F5806212B20A804A88A2F5806260
:10CC300012B24A808A88A2F5806212B28A80CA88BB
:10CC4000A2F5806212B2CA800A89A2F5806212B28D
:10CC50000A8100BF94E7000010B50446A5201B49D7
:10CC600008700820A1F801001948007818490978CF
:10CC7000491C174A11701549C87040F20130A1F8DB
:10CC800005004FF48070A1F80700124801780F48A2
:10CC9000A0F809100F48007800F580700B49A1F842
:10CCA0000B0001204873084684730521FEF710FA33
:10CCB0000648B0F8010000F109010448FEF7F0F958
:10CCC000112202490448FAF703F810BD461100206A
:10CCD000E8000020D7110020480A002010B500EE1F
:10CCE000100A2DED028BB1EEC08A18EE100A20F06A
:10CCF0000040C0F1FF40C00F0AD010EE100A20F033
:10CD00000040C0F1FF40C00F04BF0120FEF7C2F990
:10CD100018EE100ABDEC028B10BD00004FF4FA6053
:10CD2000FFF7A6FAFFF7B5FA002406E0E0B2FFF736
:10CD300093FF2320FFF79CFA641C092CF6DB0122E9
:10CD4000AE49AF48F5F748F92320FFF791FA0122E1
:10CD5000AA49AB48F5F798FA2320FFF789FA012290
:10CD6000A649A748F5F7FCFB2320FFF781FA01222B
:10CD7000A249A348F5F75EFD2320FFF779FA0122C7
:10CD80009E499F48F5F7A0FE2320FFF771FA012284
:10CD90009A499B48F6F7F4FB2320FFF769FA2BE149
:10CDA0009848007898490978884211D197480078C6
:10CDB0009749097888420BD19648007896490978B6
:10CDC000884205D19548007895490978884203D072
:10CDD00001209449087002E00020924908709148AF
:10CDE0000078012813D18B4800788B490978884254
:10CDF0000ED00320FFF730FF2320FFF739FA01227E
:10CE00007E497F48F5F7ACFB2320FFF731FA7DE040
:10CE1000824800788249097888420ED00720FFF7BF
:10CE20001BFF2320FFF724FA012274497448F6F708
:10CE3000A7FB2320FFF71CFA68E0002406E0E0B21D
:10CE4000FFF70AFF2320FFF713FA641C092CF6DB17
:10CE50006D480078022810D1012268496848F5F72A
:10CE6000E9FC2320FFF704FA012264496448F5F73E
:10CE70002BFE2320FFF7FCF948E0654800780428E2
:10CE800008D101225D495E48F4F7DEFF2320FFF759
:10CE9000EFF90BE05E480078022807D101225749DC
:10CEA0005748F6F70DFA2320FFF7E2F9012253491C
:10CEB0005348F5F791F82320FFF7DAF901224F499B
:10CEC0004F48F5F7E1F92320FFF7D2F901224B494A
:10CED0004B48F5F745FB2320FFF7CAF901224749E4
:10CEE0004748F5F7A7FC2320FFF7C2F90122434981
:10CEF0004348F5F7E9FD2320FFF7BAF901223F493E
:10CF00003F48F6F73DFB2320FFF7B2F93E48007893
:10CF10003C4908703E4800783C4908703E4800781B
:10CF20003C4908703E4800783C4908703648007813
:10CF3000022818D1022231493148F5F77BFC232021
:10CF4000FFF796F902222D492D48F5F7BDFD232064
:10CF5000FFF78EF9022229492948F6F711FB232011
:10CF6000FFF786F948E02A480078042808D1022211
:10CF700022492348F4F768FF2320FFF779F90BE0F3
:10CF800023480078022807D102221C491C48F6F7E2
:10CF900097F92320FFF76CF9022218491848F5F792
:10CFA0001BF82320FFF764F9022214491448F5F70F
:10CFB0006BF92320FFF75CF9022210491048F5F7BE
:10CFC000CFFA2320FFF754F902220C490C48F5F759
:10CFD00031FC2320FFF74CF9022208490848F5F7F5
:10CFE00073FD2320FFF744F9022204490448F6F7B1
:10CFF000C7FA2320FFF73CF9D2E600009210002088
:10D00000DE0F0020E3000020D9000020E200002015
:10D01000DA000020E4000020DE000020E70000200D
:10D02000E6000020EE00002010B5394B1B685B695C
:10D0300043F04003364C24686361354B1B685B69E1
:10D0400043F08003324C24686361314B1B68DB681A
:10D0500043F010032E4C2468E3602E4B1B681B68C2
:10D0600023F001032B4C2468236007E0294B1B6845
:10D070001B6823F00103274C24682360254B1B68A1
:10D080001B6803F00103002BF0D1224B1B68224CDC
:10D09000A34204D9E314204C4C3C236019E01D4BFF
:10D0A0001B681E4CA34204D9E3141B4C503C236064
:10D0B0000FE0184B1B68194C603CA34204D9E314E1
:10D0C000164CB83CE36004E04FF40063134CB83CEA
:10D0D000A360134B0F4C2468A3600E4B1B68D860F1
:10D0E0000C4B1B6819610B4B1B685A60094B1B6882
:10D0F0001B6843F48023074C24682360054B1B689E
:10D100001B6843F00103034C2468236010BD00003A
:10D11000480A0020740B002058640240B8600240A6
:10D1200004100140FEF73AFE12490860FDF7C6FB05
:10D130000020114908701BE0A520104908700D4817
:10D1400000680068C1F8020002210C48FDF7C0FF2A
:10D1500008210A48FDF7A4FF0948084A06CA06C084
:10D16000082207490748F9F7B3FD0220FFF780F8C6
:10D17000E2E70000D0000020E5000020C000002011
:10D18000C8000020D00A002001460A69D1E9013018
:10D190009860D1E9010358605068884201D18868DD
:10D1A0005060002008611068401E106010687047D1
:10D1B000034B0360034B0B60802313607047000038
:10D1C000180500206C05002000F1080141604FF0B7
:10D1D000FF31816000F10801C1600161002101603F
:10D1E000704700210161704710B502460B685C1C56
:10D1F0000CB9106907E002F1080000E040684468DB
:10D2000024689C42FAD944684C604C68A1608860EC
:10D2100041600A611468641C146010BD42684A6071
:10D2200093688B60936859609160086103685B1C28
:10D230000360704700BF502080F31188BFF34F8F09
:10D24000BFF36F8F00BF0E480068401C0C49086098
:10D2500008460068012812D10A480068C0B208B91F
:10D26000012000E0002050B900BF502080F3118859
:10D27000BFF34F8FBFF36F8F00BF00BFFEE7704754
:10D280006801002004ED00E00D48006850B900BFBF
:10D29000502080F31188BFF34F8FBFF36F8F00BF13
:10D2A00000BFFEE706480068401E054908600846C2
:10D2B000006820B9002080F3118800BF00BF7047CC
:10D2C0006801002070B506463546002E44D0083D62
:10D2D0002C46224960680968084008B1012000E036
:10D2E000002050B900BF502080F31188BFF34F8F4A
:10D2F000BFF36F8F00BF00BFFEE7206808B90120B1
:10D3000000E0002050B900BF502080F31188BFF327
:10D310004F8FBFF36F8F00BF00BFFEE70F496068FC
:10D3200009680840C0B12068B0B90C496068096854
:10D330008843606000F0EEF80949606809680844B5
:10D34000074908602046FFF7BDF906480068401C01
:10D350000449086000F05CFB70BD0000640100201F
:10D36000540100206001002000204FF0E0210861FE
:10D370008861064800684FF47A71B0FBF1F0401EF6
:10D380004FF0E02148610720086170472800002025
:10D3900070B5F2F75FFF0446102C16D304F1E020BD
:10D3A00090F8F05315480078854201DB012000E039
:10D3B000002050B900BF502080F31188BFF34F8F79
:10D3C000BFF36F8F00BF00BFFEE70D48006800F499
:10D3D000E0600C490968884201D8012000E0002083
:10D3E00050B900BF502080F31188BFF34F8FBFF3B7
:10D3F0006F8F00BF00BFFEE770BD00006C01002012
:10D400000CED00E07001002070B504460025D4B199
:10D410001248006808B9012000E0002050B900BFA0
:10D42000502080F31188BFF34F8FBFF36F8F00BF81
:10D4300000BFFEE700F06EF800212046FEF762FF15
:10D4400000F0E6FA05463DB94FF080500449086007
:10D45000BFF34F8FBFF36F8F70BD000044010020FA
:10D4600004ED00E010B586B000200590049003AAFA
:10D4700004A905A8FFF79CFE0022DDE9041013466D
:10D48000CDE9002102901CA11D48039A00F0AEF9DD
:10D490001C4908600846006808B1012400E0002427
:10D4A000012C15D100BF502080F31188BFF34F8F9E
:10D4B000BFF36F8F00BF4FF0FF30134908600120AA
:10D4C0001249086000201249086000F0A9F810E035
:10D4D000601C08B1012000E0002050B900BF5020BE
:10D4E00080F31188BFF34F8FBFF36F8F00BF00BF72
:10D4F000FEE706B010BD000049444C4500000000A6
:10D5000071C50008400100203C01002028010020D6
:10D510002001002002480068401C01490860704753
:10D52000440100201D48006818B101201C49086012
:10D5300032E000201A4908601A480068B0FA80F00A
:10D54000C0F11F0101EB8100174A52F8200008B119
:10D55000012000E0002050B900BF502080F3118866
:10D56000BFF34F8FBFF36F8F00BF00BFFEE701EB2C
:10D5700081020D4B03EB820042685268426000F169
:10D5800008024368934202D142685268426042688E
:10D59000D268064B1A6000BF7047000044010020AB
:10D5A0003001002024010020A81A00200C010020D6
:10D5B00070B505460C4600260DB1022C01D800209E
:10D5C00070BDA11E094802882846FEF7EBFB0646FF
:10D5D000F1B2A01E285C814206D1601E285CB0EB2F
:10D5E000162F01D10120EBE70020E9E7E001002040
:10D5F00070B505460C4600260DB1022C01DC00205A
:10D6000070BD601E81B2FF222846FEF7E5FB06468C
:10D61000601E285CB04201D10120F1E70020EFE755
:10D620001CB5524800685249884201D0012000E0F0
:10D63000002050B900BF502080F31188BFF34F8FF6
:10D64000BFF36F8F00BF00BFFEE74848006848493E
:10D65000491E884201D0012000E0002050B900BFDF
:10D66000502080F31188BFF34F8FBFF36F8F00BF3F
:10D6700000BFFEE73F49084600780190FF200A46B8
:10D6800010700846007800909DF8000000F0F0004F
:10D690009DF80020904201D1012000E0002050B907
:10D6A00000BF502080F31188BFF34F8FBFF36F8FFF
:10D6B00000BF00BFFEE79DF8000000F050002E4ABA
:10D6C000107007202D4A106009E02C480068401EA9
:10D6D0002A4A10609DF800004006000E00909DF858
:10D6E000000000F080008028EFD024480068C0F1DE
:10D6F0000700042801D1012000E0002050B900BF3C
:10D70000502080F31188BFF34F8FBFF36F8F00BF9E
:10D7100000BFFEE7194800680002184A1060104672
:10D72000008800F4E0601060124A019810700F4801
:10D730002030006840F470000C4920310860084631
:10D74000006840F070400860FFF70EFE00200C49B2
:10D750000860F2F747FD0B48006840F04040094977
:10D760000860F2F72BFD00201CBD000000ED00E07A
:10D7700071C20F4100E400E06C0100207001002044
:10D780006801002034EF00E02DE9FF4F85B08046AE
:10D7900089461746DDE912ABB800FFF701F80646E7
:10D7A00056B15420FEF7FCFF04460CB1266304E09A
:10D7B0003046FFF787FD00E000248CB1002084F89C
:10D7C0005100CDE900ABCDE902403A46494640461A
:10D7D000089BFEF7E1FE2046FEF7E6FD012501E08D
:10D7E0004FF0FF35284609B0BDE8F08F2DE9F04F26
:10D7F00085B00746884691469A46DDE90EB6109CEC
:10D800000EB1012000E0002050B900BF502080F38D
:10D810001188BFF34F8FBFF36F8F00BF00BFFEE7CC
:10D820000CB1012000E0002050B900BF502080F36F
:10D830001188BFF34F8FBFF36F8F00BF00BFFEE7AC
:10D84000542003900398542801D1012000E00020C7
:10D8500050B900BF502080F31188BFF34F8FBFF342
:10D860006F8F00BF00BFFEE700BFB4B1AEB1254669
:10D870002C462E63022085F85100002004A953464F
:10D880004A46CDE900B1CDE9025041463846FEF79F
:10D8900083FE2846FEF788FD01E0002004900498EE
:10D8A00005B0BDE8F08F000001490868704700002E
:10D8B0002001002070B5FFF76BFD002501480468CA
:10D8C000204670BD200100202DE9F0414FF00008F6
:10D8D0004448006800287CD143480068451C424801
:10D8E000056015BB41480068006808B9012000E0E8
:10D8F000002050B900BF502080F31188BFF34F8F34
:10D90000BFF36F8F00BF00BFFEE738480768384895
:10D910000068364908603648076036480068401C91
:10D9200034490860FEF702FF00BF334800688542B3
:10D930003CD300BF2D480068006808B9012000E012
:10D94000002020B14FF0FF302B4908602DE0274820
:10D950000068C068C4686668B54202D2264806609E
:10D9600023E0201DFFF710FCA06A18B104F1180095
:10D97000FFF70AFC94F82C10012088401F49096821
:10D9800008431E490860E16A01EB81011C4A02EB71
:10D990008100211DFFF742FC1A49E06A0968C96A43
:10D9A0008842C7D34FF00108C4E700BF154800689C
:10D9B000C06A00EB8000124951F82000012801D90B
:10D9C0004FF001081048006808B14FF0010805E069
:10D9D000FFE70E480068401C0C4908604046BDE85F
:10D9E000F0810000440100202001002010010020EF
:10D9F00014010020340100203C01002024010020FB
:10DA0000A81A00200C010020300100202C01002069
:10DA100070B5002400263648006850B900BF502079
:10DA200080F31188BFF34F8FBFF36F8F00BF00BF2C
:10DA3000FEE7FFF7FFFB2E480068401E2C490860F8
:10DA40000846006800284FD12A48006800284BD0BB
:10DA500024E02948C068C46804F11800FFF794FB6B
:10DA6000201DFFF791FB94F82C10012088402349DA
:10DA70000968084321490860E16A01EB8101204AF5
:10DA800002EB8100211DFFF7C9FB1E49E06A09680E
:10DA9000C96A884202D301201B4908601648006801
:10DAA00008B9012000E000200028D2D00CB1FEF718
:10DAB0003DFE1648056865B100BFFFF705FF10B1D0
:10DAC0000120114908606D1E002DF6D100200F497C
:10DAD00008600D48006838B1012630070C4908601D
:10DAE000BFF34F8FBFF36F8FFFF7CEFB304670BD94
:10DAF000440100201C0100205C1B002024010020A8
:10DB0000A81A00200C010020300100202C01002068
:10DB100004ED00E0A4E7000851BE0008000000008A
:10DB200000000000000400000000000000000000F1
:10DB30008CE7000825D1000800000000000000006C
:10DB400000010000000000000000000074E7000871
:10DB500005CB0008000000000000000000010000EC
:10DB600000000000000000006CE700081DCD000868
:10DB700000000000000000000002000000000000A3
:10DB8000000000000006101600061016000000003D
:10DB9000000000000102030406070809000000005D
:10DBA000010203040000803F0000000000000000AC
:10DBB000000000000000803F0000000000000000A6
:10DBC000000000000000803F000000000000000096
:10DBD000C3F51C41FF005EBCE2613FDD83C29C7E59
:10DBE00020A3FD1F419DC3217FFCA2401E5F01E3D6
:10DBF000BD3E6082DC237D9FC1421CFEA0E1BF5D73
:10DC00000380DE3C62BEE0025CDF81633D7C22C0BB
:10DC10009E1D43A1FF4618FAA427799BC584DA38D4
:10DC200066E5BB5907DB856739BAE406581947A58D
:10DC3000FB7826C49A653BD987045AB8E6A7F91B36
:10DC400045C6987A24F8A6441A99C7257B3A648673
:10DC5000D85B05E7B98CD2306EEDB3510F4E10F2A0
:10DC6000AC2F7193CD114FADF3702ECC92D38D6F3D
:10DC700031B2EC0E50AFF1134DCE90722C6D33D10A
:10DC80008F0C52B0EE326C8ED0530DEFB1F0AE4C23
:10DC90001291CF2D73CA947628ABF517490856B464
:10DCA000EA6937D58B5709EBB536688AD495CB2905
:10DCB00077F4AA4816E9B7550B88D6346A2B7597BE
:10DCC000C94A14F6A8742AC896154BA9F7B6E80AEB
:10DCD00054D7896B35000000891112239B322446EA
:10DCE000AD573665BF74488CC19D5AAFD3BE6CCA60
:10DCF000E5DB7EE9F7F88110080193331A22A55677
:10DD00002C47B7753E64C99C408DDBBF52AEEDDA3F
:10DD100064CBFFF976E802218B3010029913266755
:10DD2000AF763444BD554AADC3BC588ED19F6EEB1F
:10DD3000E7FA7CC8F5D983310A2091121803A77736
:10DD40002E66B5543C45CBBD42ACD99E508FEFFBFF
:10DD500066EAFDD874C904428D5316619F70200491
:10DD6000A9153227BB364CCEC5DF5EEDD7FC6888DF
:10DD7000E1997AABF3BA85520C4397711E60A114F6
:10DD80002805B3373A26CDDE44CFDFFD56ECE998BF
:10DD90006089FBBB72AA06638F7214409D512225D5
:10DDA000AB343006B9174EEFC7FE5CCCD5DD6AA99F
:10DDB000E3B8788AF19B87730E6295501C41A335B6
:10DDC0002A24B1163807CFFF46EEDDDC54CDEBB97F
:10DDD00062A8F99A708B088481951AA793B62CC211
:10DDE000A5D33EE1B7F04008C919522BDB3A644E87
:10DDF000ED5F766DFF7C899400859BB712A6ADD24E
:10DE000024C3BFF136E0C1184809D33B5A2AE55E66
:10DE10006C4FF77D7E6C0AA583B4188691972EE32C
:10DE2000A7F23CC0B5D14229CB38500AD91B666F46
:10DE3000EF7E744CFD5D8BB502A499961087AFF30D
:10DE400026E2BDD034C1C3394A28D11A580BE77F26
:10DE50006E6EF55C7C4D0CC685D71EE597F4288068
:10DE6000A1913AA3B3B2444ACD5B5669DF78600C06
:10DE7000E91D722FFB3E8DD604C79FF516E4A990CD
:10DE80002081BBB332A2C55A4C4BD7795E68E11CE6
:10DE9000680DF33F7A2E0EE787F61CC495D52AA1AC
:10DEA000A3B03882B193466BCF7A5448DD59622DC6
:10DEB000EB3C700EF91F8FF706E69DD414C5ABB18D
:10DEC00022A0B9923083C77B4E6AD5585C49E33DA6
:10DED0006A2CF11E780F00000000803F0000000057
:10DEE0000000000000000000000000000000000032
:10DEF000000000000000803F000000000000000063
:10DF00000000000000000000000000000000000011
:10DF10000000803F00000000000000000000000042
:10DF20000000000000000000000000000000803F32
:10DF300000000000000000000000000000000000E1
:10DF400000000000000000000000803F0000000012
:10DF500000000000000000000000000000000000C1
:10DF6000000000000000803F00000000920E493CCD
:10DF7000B10AC93C2BC3163D2EFB483D752B7B3D9A
:10DF800004A9963D80B6AF3D36BDC83D2FBCE13DEE
:10DF900073B2FA3D87CF093E8340163EB5AB223EB1
:10DFA000A2102F3ECF6E3B3EC2C5473E0115543EE8
:10DFB000135C603E7F9A6C3ECCCF783EC07D823E43
:10DFC000938E883E229A8E3E32A0943E86A09A3E40
:10DFD000E59AA03E128FA63ED47CAC3EEF63B23EE3
:10DFE0002A44B83E491DBE3E15EFC33E53B9C93E53
:10DFF000CA7BCF3E4136D53E80E8DA3E4F92E03EC6
:10E000007533E63EBBCBEB3EEA5AF13ECBE0F63E43
:10E01000275DFC3EE4E7003F3D9C033F824B063F0B
:10E020009BF5083F6B9A0B3FDA390E3FCDD3103F7B
:10E030002A68133FD9F6153FC07F183FC6021B3F21
:10E04000D17F1D3FCBF61F3F9967223F25D2243F4A
:10E050005636273F1594293F4AEB2B3FDE3B2E3F98
:10E06000BB85303FC9C8323FF304353F233A373FC1
:10E070004268393F3B8F3B3FF9AE3D3F67C73F3F6B
:10E0800070D8413F01E2433F03E4453F65DE473F2F
:10E0900012D1493FF8BB4B3F029F4D3F207A4F3F83
:10E0A0003D4D513F4918533F31DB543FE595563FB5
:10E0B0005348583F6AF2593F1A945B3F532D5D3FD6
:10E0C00005BE5E3F2146603F97C5613F5A3C633FB6
:10E0D00059AA643F880F663FD86B673F3CBF683FD3
:10E0E000A7096A3F0C4B6B3F5E836C3F93B26D3F59
:10E0F0009ED86E3F73F56F3F0809713F5213723F10
:10E100004714733FDD0B743F0BFA743FC6DE753F57
:10E1100007BA763FC58B773FF853783F9812793F1F
:10E120009DC7793F02737A3FBE147B3FCDAC7B3FE6
:10E13000283B7C3FC9BF7C3FAC3A7D3FCCAB7D3FA9
:10E1400023137E3FB0707E3F6DC47E3F580E7F3FED
:10E150006D4E7F3FAB847F3F0FB17F3F97D37F3FB3
:10E1600043EC7F3F11FB7F3F0000803F11FB7F3F6F
:10E1700043EC7F3F97D37F3F0FB17F3FAB847F3F1F
:10E180006D4E7F3F580E7F3F6DC47E3FB0707E3F27
:10E1900023137E3FCCAB7D3FAC3A7D3FC9BF7C3F74
:10E1A000283B7C3FCDAC7B3FBE147B3F02737A3F64
:10E1B0009DC7793F9812793FF853783FC58B773FD9
:10E1C00007BA763FC6DE753F0BFA743FDD0B743F2E
:10E1D0004714733F5213723F0809713F73F56F3F45
:10E1E0009ED86E3F93B26D3F5E836C3F0C4B6B3F8E
:10E1F000A7096A3F3CBF683FD86B673F880F663FFF
:10E2000059AA643F5A3C633F97C5613F2146603F2E
:10E2100005BE5E3F532D5D3F1A945B3F6AF2593F46
:10E220005348583FE595563F31DB543F4918533F1B
:10E230003D4D513F207A4F3F029F4D3FF8BB4B3F32
:10E2400012D1493F65DE473F03E4453F01E2433FCA
:10E2500070D8413F67C73F3FF9AE3D3F3B8F3B3FE3
:10E260004268393F233A373FF304353FC9C8323F4C
:10E27000BB85303FDE3B2E3F4AEB2B3F1594293FB9
:10E280005636273F25D2243F9967223FCBF61F3FC2
:10E29000D17F1D3FC6021B3FC07F183FD9F6153FF7
:10E2A0002A68133FCDD3103FDA390E3F6B9A0B3FEC
:10E2B0009BF5083F824B063F3D9C033FE4E7003F50
:10E2C000275DFC3ECBE0F63EEA5AF13EBBCBEB3E8F
:10E2D0007533E63E4F92E03E80E8DA3E4136D53E69
:10E2E000CA7BCF3E53B9C93E15EFC33E491DBE3E62
:10E2F0002A44B83EEF63B23ED47CAC3E128FA63EB9
:10E30000E59AA03E86A09A3E32A0943E229A8E3E86
:10E31000938E883EC07D823ECCCF783E7F9A6C3E05
:10E32000135C603E0115543EC2C5473ECF6E3B3E76
:10E33000A2102F3EB5AB223E8340163E87CF093E4A
:10E3400073B2FA3D2FBCE13D36BDC83D80B6AF3D4E
:10E3500004A9963D752B7B3D2EFB483D2BC3163DF6
:10E36000B10AC93C920E493C00000000920E49BC23
:10E37000B10AC9BC2BC316BD2EFB48BD752B7BBD96
:10E3800004A996BD80B6AFBD36BDC8BD2FBCE1BDEA
:10E3900073B2FABD87CF09BE834016BEB5AB22BEAD
:10E3A000A2102FBECF6E3BBEC2C547BE011554BEE4
:10E3B000135C60BE7F9A6CBECCCF78BEC07D82BE3F
:10E3C000938E88BE229A8EBE32A094BE86A09ABE3C
:10E3D000E59AA0BE128FA6BED47CACBEEF63B2BEDF
:10E3E0002A44B8BE491DBEBE15EFC3BE53B9C9BE4F
:10E3F000CA7BCFBE4136D5BE80E8DABE4F92E0BEC2
:10E400007533E6BEBBCBEBBEEA5AF1BECBE0F6BE3F
:10E41000275DFCBEE4E700BF3D9C03BF824B06BF07
:10E420009BF508BF6B9A0BBFDA390EBFCDD310BF77
:10E430002A6813BFD9F615BFC07F18BFC6021BBF1D
:10E44000D17F1DBFCBF61FBF996722BF25D224BF46
:10E45000563627BF159429BF4AEB2BBFDE3B2EBF94
:10E46000BB8530BFC9C832BFF30435BF233A37BFBD
:10E47000426839BF3B8F3BBFF9AE3DBF67C73FBF67
:10E4800070D841BF01E243BF03E445BF65DE47BF2B
:10E4900012D149BFF8BB4BBF029F4DBF207A4FBF7F
:10E4A0003D4D51BF491853BF31DB54BFE59556BFB1
:10E4B000534858BF6AF259BF1A945BBF532D5DBFD2
:10E4C00005BE5EBF214660BF97C561BF5A3C63BFB2
:10E4D00059AA64BF880F66BFD86B67BF3CBF68BFCF
:10E4E000A7096ABF0C4B6BBF5E836CBF93B26DBF55
:10E4F0009ED86EBF73F56FBF080971BF521372BF0C
:10E50000471473BFDD0B74BF0BFA74BFC6DE75BF53
:10E5100007BA76BFC58B77BFF85378BF981279BF1B
:10E520009DC779BF02737ABFBE147BBFCDAC7BBFE2
:10E53000283B7CBFC9BF7CBFAC3A7DBFCCAB7DBFA5
:10E5400023137EBFB0707EBF6DC47EBF580E7FBFE9
:10E550006D4E7FBFAB847FBF0FB17FBF97D37FBFAF
:10E5600043EC7FBF11FB7FBF000080BF11FB7FBF6B
:10E5700043EC7FBF97D37FBF0FB17FBFAB847FBF1B
:10E580006D4E7FBF580E7FBF6DC47EBFB0707EBF23
:10E5900023137EBFCCAB7DBFAC3A7DBFC9BF7CBF70
:10E5A000283B7CBFCDAC7BBFBE147BBF02737ABF60
:10E5B0009DC779BF981279BFF85378BFC58B77BFD5
:10E5C00007BA76BFC6DE75BF0BFA74BFDD0B74BF2A
:10E5D000471473BF521372BF080971BF73F56FBF41
:10E5E0009ED86EBF93B26DBF5E836CBF0C4B6BBF8A
:10E5F000A7096ABF3CBF68BFD86B67BF880F66BFFB
:10E6000059AA64BF5A3C63BF97C561BF214660BF2A
:10E6100005BE5EBF532D5DBF1A945BBF6AF259BF42
:10E62000534858BFE59556BF31DB54BF491853BF17
:10E630003D4D51BF207A4FBF029F4DBFF8BB4BBF2E
:10E6400012D149BF65DE47BF03E445BF01E243BFC6
:10E6500070D841BF67C73FBFF9AE3DBF3B8F3BBFDF
:10E66000426839BF233A37BFF30435BFC9C832BF48
:10E67000BB8530BFDE3B2EBF4AEB2BBF159429BFB5
:10E68000563627BF25D224BF996722BFCBF61FBFBE
:10E69000D17F1DBFC6021BBFC07F18BFD9F615BFF3
:10E6A0002A6813BFCDD310BFDA390EBF6B9A0BBFE8
:10E6B0009BF508BF824B06BF3D9C03BFE4E700BF4C
:10E6C000275DFCBECBE0F6BEEA5AF1BEBBCBEBBE8B
:10E6D0007533E6BE4F92E0BE80E8DABE4136D5BE65
:10E6E000CA7BCFBE53B9C9BE15EFC3BE491DBEBE5E
:10E6F0002A44B8BEEF63B2BED47CACBE128FA6BEB5
:10E70000E59AA0BE86A09ABE32A094BE229A8EBE82
:10E71000938E88BEC07D82BECCCF78BE7F9A6CBE01
:10E72000135C60BE011554BEC2C547BECF6E3BBE72
:10E73000A2102FBEB5AB22BE834016BE87CF09BE46
:10E7400073B2FABD2FBCE1BD36BDC8BD80B6AFBD4A
:10E7500004A996BD752B7BBD2EFB48BD2BC316BDF2
:10E76000B10AC9BC920E49BC0000008055495461F1
:10E77000736B000072656665726565636F6D6D75BC
:10E780006E69636174655461736B000075617372C7
:10E7900074636F6D6D756E69636174655461736BDD
:10E7A00000000000696D755461736B00CCE70008D0
:10E7B00000000020180500002C0E000888E8000862
:10E7C00018050020A8BA000080B00008012032100F
:10E7D0004201035F24F403DC20421AAA018180096C
:10E7E0003333EB3A58A08B3A5201157D04017C106B
:10E7F0000F0240AB034101055308065804070F16EA
:10E800000810810911160A15800B16650C18010DE8
:10E81000E3409C021B0733FFFF08081250C347CD9B
:10E82000CCCC3D0409531C110B1AC8421C01464BA9
:10E830004040041159040B14803F1C2918691C39ED
:10E84000080911347924091118A914092A30290456
:10E8500039847995C918A904092AC4691C094AC4CC
:10E86000A9A8E918E91CE9C46930E9D06918691C4C
:10E870000912E409169CA988A9040120A990E9803D
:08E88000A984A970A9E0A10020
:040000050800018965
:00000001FF
