:020000040800F2
:1000000020CA0020550300080D500008A54800082C
:1000100009500008A5090008D1940008000000005C
:100020000000000000000000000000009502000831
:100030003511000800000000F1020008EB5B000829
:100040006F0300086F0300086F0300086F030008C8
:100050006F0300086F0300086F0300086F030008B8
:100060006F0300086F0300086F0300086F030008A8
:10007000890E00086F030008990E00086F0300083E
:10008000A90E0008B90E00086F0300086F030008EE
:10009000A90900086F0300086F0300086F03000838
:1000A0006F0300086F0300086F0300086F03000868
:1000B0006F0300086F0300086F0300086F03000858
:1000C0006F0300086F0300086F0300086F03000848
:1000D0006F030008516A0008616A00086F03000896
:1000E0006F0300086F0300086F0300086F03000828
:1000F0006F0300086F0300086F0300086F03000818
:100100006F0300086F0300086F0300086F03000807
:100110006F0300086F0300086F0300086F030008F7
:100120006F030008C90E0008D90E00086F0300080D
:100130006F0300086F0300086F0300086F030008D7
:10014000B90900086F0300086F030008B5520008E2
:100150006F030008E90E0008F90E0008856B00081F
:100160006F0300086F0300086F0300086F030008A7
:100170006F0300086F0300086F0300080000000011
:100180006F0300086F0300088D6200086F0300080A
:100190006F0300086F0300086F0300086F03000877
:1001A00000000000000000006F03000800F002F8EB
:1001B00000F060F80AA090E8000C82448344AAF1A1
:1001C0000107DA4501D100F055F8AFF2090EBAE89F
:1001D0000F0013F0010F18BFFB1A43F0010318477B
:1001E0005C2001007C2001000A444FF0000C10F854
:1001F000013B13F0070408BF10F8014B1D1108BFA5
:1002000010F8015B641E05D010F8016B641E01F844
:10021000016BF9D113F0080F1EBF10F8014BAD1C94
:100220000C1B09D16D1E58BF01F801CBFAD505E0B2
:1002300014F8016B01F8016B6D1EF9D59142D6D30C
:10024000704700000023002400250026103A28BF34
:1002500078C1FBD8520728BF30C148BF0B60704738
:100260001FB511F0DFFB9DE8030000F045FA1FBD4C
:1002700010B510BD00F0C3FA1146FFF7F1FF0EF004
:1002800025FD00F0E1FA03B4FFF7F2FF03BC09F02B
:100290008AF900002C4B19680868B0E8F04F80F329
:1002A0000988BFF36F8F4FF0000080F3118870470B
:1002B0000000000008480068006880F308884FF0DC
:1002C000000080F3148862B661B6BFF34F8FBFF3AE
:1002D0006F8F00DF00BF00BF08ED00E0DFF80C000B
:1002E000016841F470010160704700BF88ED00E0D3
:1002F000EFF30980BFF36F8F134B1A681EF0100FD6
:1003000008BF20ED108A20E9F04F106009B44FF0CB
:10031000500080F31188BFF34F8FBFF36F8F0FF042
:10032000F5FE4FF0000080F3118809BC19680868D9
:10033000B0E8F04F1EF0100F08BFB0EC108A80F349
:100340000988BFF36F8F704734000020EFF30580FA
:10035000704700000948804709480047FEE7FEE76C
:10036000FEE7FEE7FEE7FEE7FEE7FEE7FEE7FEE765
:1003700004480549054A064B70470000B55C000873
:10038000AD010008208A002020CA002020AA0020F9
:1003900020AA00200180428043607047704770B5FA
:1003A000064600F08DF9056806F10B0020F0070401
:1003B000B4429CBF002070BD2B466A68BAB1106879
:1003C000A04210D304F1080188423CBF5068586035
:1003D00007D35168101941601168091B016058600A
:1003E0001460101D70BD13465268002AE7D12146E3
:1003F000284600F06DF90028DED170BD70B50446C6
:10040000051F00F05DF90068002C14BF446870BD42
:10041000002C18BFAC423CBF20466468F8D301688A
:100420000A18AA4218BF456003D12A68054611443C
:10043000016028684119A1421CBF6C6070BD6168F1
:10044000696021680844286070BD53EA020C00F01E
:1004500069802DE9F04B4FF00006002B1FBFB3FA67
:1004600083F503FA05F424FA05F65E4012BF16433D
:10047000B2FA82F502FA05F4C5F120051EBF22FA90
:1004800005FC44EA0C04203556EA044C4FEA1444B7
:1004900018BF641C4FF000084FF00009904271EB48
:1004A000030C39D3002919BFB1FA81F701FA07F615
:1004B000B0FA80F700FA07F6C7F120071EBF20FA4E
:1004C00007FC46EA0C062037B6FBF4FCA7EB050751
:1004D000103F07F01F0BCBF120060CFA0BFB2CFA98
:1004E00006F644BFB3460026202FA4BF5E464FF059
:1004F000000B5BEA060C08BF4FF0010B19EB0B0970
:10050000ABFB027C48EB0608C01B06FB02CC0BFBD6
:1005100003CC71EB0C01C1E70B460246414648464D
:10052000BDE8F08B13B54FF000004FF00001AFF3C2
:100530000080BDE81C407047032A40F2308010F074
:10054000030C00F0158011F8013BBCF1020F62446E
:1005500098BF11F801CB00F8013B38BF11F8013BFF
:10056000A2F1040298BF00F801CB38BF00F8013BAC
:1005700011F0030300F02580083AC0F0088051F81C
:10058000043B083A51F804CBA0E80810F5E7121D27
:100590005CBF51F8043B40F8043BAFF30080D20746
:1005A00024BF11F8013B11F801CB48BF11F8012B12
:1005B00024BF00F8013B00F801CB48BF00F8012B35
:1005C000704710B5203AC0F00B80B1E81850203ABF
:1005D000A0E81850B1E81850A0E81850BFF4F5AFE3
:1005E0005FEA027C24BFB1E81850A0E8185044BF6D
:1005F00018C918C0BDE810405FEA827C24BF51F8DA
:10060000043B40F8043B08BF7047D20728BF31F8CD
:10061000023B48BF11F8012B28BF20F8023B48BF1E
:1006200000F8012B70474FF000020429C0F012803F
:1006300010F0030C00F01B80CCF1040CBCF1020F95
:1006400018BF00F8012BA8BF20F8022BA1EB0C016A
:1006500000F00DB85FEAC17C24BF00F8012B00F860
:10066000012B48BF00F8012B70474FF0000200B586
:10067000134694469646203922BFA0E80C50A0E8C5
:100680000C50B1F12001BFF4F7AF090728BFA0E873
:100690000C5048BF0CC05DF804EB890028BF40F83F
:1006A000042B08BF704748BF20F8022B11F0804F81
:1006B00018BF00F8012B70477047704770477047AC
:1006C00000487047C48900207047704770477047E2
:1006D00038B504460A4600206946AFF3008000287A
:1006E00008BF38BD02460099204600F04FF80120AF
:1006F00038BD012000F07CB8F8B5AFF300800546A6
:1007000000200C46102000BF0646A819A0420DD9B3
:10071000324669460020AFF30080070008BF00F0B2
:1007200067F80098A04218BF0546C419FFF7C8FF34
:1007300005600746F01D20F007004619284600F026
:100740000AF8B44208BFF8BDA21B31463868BDE8BC
:10075000F84000F01BB800210160C0E901107047AB
:100760001020704710B500F00DF8006810BD10B5EE
:10077000044600F007F8046010BD00000048704710
:10078000BC89002000487047BC89002003464068AF
:100790008C46002818BF88423CBF03464068F8D307
:1007A00018681844884207D00CF1030020F00700B5
:1007B000001D411A521A0146081D0A60FFF71EBEAD
:1007C0001FB584B000200A9C06AB04AA02A90094BD
:1007D000AFF3008018B1DDE9020108B010BD034895
:1007E000204000F03FF800200146F6E70000207CA2
:1007F00010B500F03FF8BDE8104000F02EB8754687
:10080000FFF7BCFFAE4605006946534620F00700DF
:10081000854618B020B5FFF7ABFDBDE820404FF08E
:1008200000064FF000074FF000084FF0000B21F0DA
:100830000701AC46ACE8C009ACE8C009ACE8C009A7
:10084000ACE8C0098D46704710B50446AFF3008090
:100850002046BDE81040FFF716BD002801D008F083
:10086000A2BE704710B500F047F8BDE81040FFF792
:10087000F4BF000010B5012805D0002103A000F04E
:1008800021F8012010BD09A1F8E7000053494752A3
:10089000544D454D3A204F7574206F662068656150
:1008A00070206D656D6F7279000000003A20486518
:1008B0006170206D656D6F727920636F72727570F3
:1008C0007465640070B505460C460A2000E06D1C96
:1008D00008F06BFE35B128780028F8D102E0641CDE
:1008E00008F063FE14B120780028F8D1BDE870400C
:1008F0000A2008F05ABE000010B5022803D04101BA
:1009000003D50DA112E0002010BD010101D50FA1FA
:100910000CE0C10001D511A108E0810001D512A1B0
:1009200004E0400001D513A100E0002115A0FFF76D
:10093000C9FF012010BD0000496E76616C6964201A
:100940004F7065726174696F6E000000446976696A
:100950006465204279205A65726F00004F76657297
:10096000666C6F7700000000556E646572666C6F90
:1009700077000000496E6578616374205265737575
:100980006C7400005349474650453A2041726974DF
:10099000686D6574696320657863657074696F6EEE
:1009A0003A20000000BFFEE710B5024800F0F7FD56
:1009B00010BD00003407002010B5024800F0EFFD24
:1009C00010BD00005C0700201FB50446D4ED000AEE
:1009D000B0EE600A10209FED301ADFED300A0DF006
:1009E000A5FF80B2ADF80400D4ED010AB0EE600AB4
:1009F00010209FED2B1ADFED2B0A0DF097FF80B230
:100A0000ADF80600D4ED020AB0EE600A10209FEDAA
:100A1000241ADFED240A0DF089FF80B2ADF808003A
:100A2000D4ED030AB0EE600A10209FED1D1ADFED31
:100A30001D0A0DF07BFF80B2ADF80A004FF408707C
:100A40001949086000208860C86008200861BDF866
:100A50000400001215490870BDF804004870BDF884
:100A6000060000128870BDF80600C870BDF80800C6
:100A700000120871BDF808004871BDF80A000012A4
:100A80008871BDF80A00C8716B460A4606490848D5
:100A900000F083FB1FBD000000004842000048C278
:100AA000DA0FC940DA0FC9C0345C00202D010020E4
:100AB0005C0700207FB504460D461646D4ED040AB7
:100AC000B0EE600A10209FED271ADFED270A0DF027
:100AD0002DFF80B2ADF80C00D4ED050AB0EE600A2F
:100AE00010209FED201ADFED200A0DF01FFF80B2CD
:100AF000ADF80E0040F221201C49086000208860FB
:100B0000C86008200861BDF80C0000121849087080
:100B1000BDF80C004870BDF80E0000128870BDF8DA
:100B20000E00C8701348007818B9281208714D716A
:100B300007E010480078012803D100200C49087113
:100B400048710D4800780002094988710B4890F8F7
:100B50002007C8716B460A460449094800F01DFB8E
:100B60007FBD0000DA0FC940DA0FC9C0345C002035
:100B70002D01002038010020EC000020685C0020DE
:100B80005C0700200FB438B504460E48046000200E
:100B90000C498860C86008200861FF200A49087075
:100BA00048708870C870087148718871FD20C871DC
:100BB0006B460A46034905A800F0EFFA38BC5DF819
:100BC00014FB0000085C0020240100200FB438B59D
:100BD00004460E48046000200C498860C860082064
:100BE0000861FF200A49087048708870C870087151
:100BF00048718871FC20C8716B460A46034905A8F4
:100C000000F0CBFA38BC5DF814FB0000085C002053
:100C1000240100200FB42DED060B2DE9F0432DED3E
:100C2000068B81B0B0EE40AAB0EE608AF0EE418A49
:100C3000B0EE619AF0EE429A044610209FED2F1A12
:100C4000DFED2F0AB0EE4A0A0DF070FE85B20C20DF
:100C5000B3EE041AFBEE040AB0EE480A0DF066FE8D
:100C600086B20C209FED271ADFED270AB0EE680A46
:100C70000DF05CFE87B20C20B1EE041ADFED220A03
:100C8000B0EE490A0DF052FE1FFA80F80C20B2EEC9
:100C9000041AFAEE040AB0EE690A0DF047FE1FFAD4
:100CA00080F91A480460002018498860C86008204C
:100CB00008612812164908704D70C6F30710887035
:100CC0003007000E40EA2720C8700F71C8F30710E4
:100CD00048714FEA0870000E40EA2920887181F8B7
:100CE00007906B460A46094915A800F056FA01B06C
:100CF000BDEC068BBDE8F0035DF82CFBDC0F494032
:100D0000DC0F49C00000FA4300000000085C00202E
:100D100024010020F8B507460C4615461E464FF440
:100D200000700D49086000208860C86008200861D4
:100D3000380A0A4908704F70200A8870CC70280A57
:100D400008714D71300A8871CE716B460A460249AE
:100D5000034800F022FAF8BDF05B00201C010020DF
:100D60003407002038B5044640F2FF100C490860F3
:100D700000208860C86008200861200A09490870BE
:100D80004C7000208870C870087148718871C871F3
:100D90006B460A460249044800F0FFF938BD0000DE
:100DA000085C0020240100203407002038B50446E8
:100DB00040F2FF100C49086000208860C8600820DD
:100DC00008610020094908704870200A8870CC70BA
:100DD0000020087148718871C8716B460A46024943
:100DE000034800F0DAF938BD085C00202401002037
:100DF0005C0700200346042B15D007DC7BB1012BD8
:100E00000ED0022B0DD0032B12D10BE0202B0BD0D8
:100E1000212B0AD0222B09D0232B09D107E008E08F
:100E200007E006E005E004E003E002E001E000E0A6
:100E300000BF00BF002070470020704710B500229F
:100E40000449054806F0C3F90449034806F0B0F91F
:100E5000002010BDB87A0020DC6D0020B8720020A0
:100E600070B504460D462146034806F0A1F9024834
:100E700006F06AF9002070BDDC6D002010B5034655
:100E80000C460021084610BD10B5024801F0EAF8F2
:100E900010BD0000A409002010B5024801F0E2F8DE
:100EA00010BD00004409002010B5024801F0DAF836
:100EB00010BD0000C40A002010B5024801F0D2F8AD
:100EC00010BD0000240B002010B5024801F0CAF844
:100ED00010BD0000840B002010B5024801F0C2F8DC
:100EE00010BD0000040A002010B5024801F0BAF855
:100EF00010BD0000E40B002010B5024801F0B2F86C
:100F000010BD0000640A002001460878103818233C
:100F1000B0FBF3F20848805CC865032A05D908686D
:100F20006FF30900001D886503E008686FF309008E
:100F30008865886D704700004C1D0108014600203F
:100F40008A6A8B69CBB932B1012A0DD0022A03D04B
:100F5000032A10D10EE000BFCB6A03F08073B3F117
:100F6000807F00D1012007E0CB6AB3F1C07F00D1C0
:100F7000012001E000E000BF34E08B69B3F5005FC1
:100F80001AD132B1012A07D0022A03D0032A11D183
:100F90000AE000BF01200EE0CB6A03F08073B3F1DA
:100FA000807F00D1012006E0CB6AB3F1C07F00D181
:100FB000012000E000BF15E032B1012A05D0022A6D
:100FC00004D0032A0CD103E000BF00BF012008E0D9
:100FD000CB6A03F08073B3F1807F00D1012000E081
:100FE00000BF00BF704730B50468246824F4802433
:100FF00005682C60046863608468402C04D1046830
:10100000A2600468E16003E00468A1600468E26033
:1010100030BD000008B508484068009007490098B6
:101020000968884204D206480068401C04490860E8
:1010300002490098086008BD001000E0B8000020D8
:10104000B40000200C494868F0EE400A00BF0A498D
:101050004968091A01EE101AF8EE411A074991ED94
:10106000001AB8EE411A20EE811AF4EEC11AF1EE20
:1010700010FAECD370470000001000E0A800002038
:1010800010B52DED028B82B004460E4840680190E9
:1010900020680199081A00EE100AF8EE400A0A4882
:1010A00090ED000AB8EE400A80EE801AB0EE418A58
:1010B00001982060FFF7AEFFB0EE480A02B0BDEC29
:1010C000028B10BD001000E0A80000201249096842
:1010D00041F08071104A11600021104A51601146A0
:1010E000096841F0010111600D4941430D4A116049
:1010F000114609684FF47A72B1FBF2F10A4A1160A5
:1011000008490968064AB1FBF2F1084A116000215A
:10111000074A116070470000FCED00E0001000E09D
:1011200040420F00A8000020AC000020B0000020CA
:10113000B4000020704772B600BFFEE770B50A48E1
:101140000468001D0568001D0668344454B1082277
:101150000649204603F0A8FB042204491031284622
:1011600003F0A2FB70BD0000107AFF1F22040020D4
:1011700010B5024692F82030012B01D0022B06D187
:1011800010684069084314686061002010BD506A0F
:1011900040F4802050620120F8E7F0B504460D4687
:1011A0001E4694F8207020688368A86800B900E0A3
:1011B00000BF012F01D0022F7DD103F0806030B934
:1011C00003F0006018B903F0805000287ED0C3F30C
:1011D0000161012088403060A86860B9B5F800C09E
:1011E000E86840EA4C5C206800F5C07000EB011034
:1011F000C0F800C00FE0D5E901C040EACC00D5F846
:101200000CC040EA0C00D4F800C00CF5C07C0CEB1C
:10121000011CCCF80000D5F810C0206800F5C070A3
:1012200000EB0110C0F804C0287D01280ED1206811
:1012300000F5C07000EB0110406840F4807C20682D
:1012400000F5C07000EB0110C0F804C0D0790006B2
:1012500092F806C040EA0C4092F805C040EA0C2023
:1012600092F804C040EA0C00D4F800C00CF5C07C31
:101270000CEB011CCCF80C00D078000692F802C0F0
:1012800040EA0C4092F801C040EA0C2092F800C0FD
:1012900040EA0C00D4F800C00CF5C07C0CEB011C3B
:1012A000CCF80800206800F5C07000EB0110006861
:1012B00040F0010C01E00FE008E0206800F5C0708C
:1012C00000EB0110C0F800C00020F0BD606A40F4DF
:1012D000001060620120F8E7606A40F480206062DC
:1012E0000120F2E7F0B504460A46216894F8205040
:1012F000012D01D0022D7ED1424901F5007108680F
:1013000040F001000860086820F47C50086008681C
:10131000566A40EA06200860107D00F01F06012092
:1013200000FA06F3C8699843C861A1F50071D06955
:10133000C8B9D1F80C029843C1F80C02908880B269
:10134000968940EA064601F51070576940F8376003
:10135000108880B2168940EA064601F51070576978
:1013600000EBC7004660D069012819D1D1F80C0202
:101370001843C1F80C02908880B2168840EA0646ED
:1013800001F51070576940F83760908980B216896E
:1013900040EA064601F51070576900EBC700466049
:1013A000906928B9D1F804029843C1F8040204E016
:1013B000D1F804021843C1F80402106928B9D1F821
:1013C00014029843C1F8140204E0D1F8140218433F
:1013D000C1F81402106A012804D1D1F81C02184384
:1013E000C1F81C02D1F8000220F00100C1F800028F
:1013F0000020F0BDFFE7606A40F4802060620120B9
:10140000F7E7000000640040704770B5044694F8A8
:101410002050012D01D0022D7DD151B92068C06826
:1014200000F0030080B9606A40F40010606201209F
:1014300070BD2068006900F0030028B9606A40F4BC
:10144000001060620120F3E7206800F5D87000EB1F
:101450000110006800F004009060906840B92068B6
:1014600000F5D87000EB01100068400D106007E037
:10147000206800F5D87000EB01100068C0085060CB
:10148000206800F5D87000EB0110006800F0020041
:10149000D060206800F5D87000EB0110406800F0C3
:1014A0000F00082802D30820106108E0206800F52A
:1014B000D87000EB0110406800F00F001061206848
:1014C00000F5D87000EB0110406800F47F40000A7E
:1014D0009061206800F5D87000EB01104068000CA6
:1014E0005061206800F5D87000EB0110806818701A
:1014F000206800F5D87000EB0110806800F47F4090
:10150000000A5870206800F5D87000EB0110806860
:1015100000F47F0000E03CE0000C9870206800F5CB
:10152000D87000EB01108068000ED870206800F5BC
:10153000D87000EB0110C0681871206800F5D870F1
:1015400000EB0110C06800F47F40000A5871206869
:1015500000F5D87000EB0110C06800F47F00000CAB
:101560009871206800F5D87000EB0110C068000E7B
:10157000D87131B92068C06840F020002668F0605A
:1015800005E02068006940F02000266830610020F6
:101590004EE7606A40F480206062012048E72DE950
:1015A000F05F04460025206846692068D0F8049062
:1015B000206887682068D0F80CA02068D0F810B0A8
:1015C0002068D0F8188006F00100002855D007F0F8
:1015D0000100C0B101202168886007F0020018B145
:1015E000204600F0CEFC0EE007F0040010B145F4F8
:1015F000006508E007F0080010B145F4805502E0EE
:10160000204600F0BDFC07F48070C8B14FF4807034
:101610002168886007F4007018B1204600F0B3FC20
:101620000EE007F4806010B145F4005508E007F4BF
:10163000006010B145F4804502E0204600F0A2FCB5
:1016400007F48030C8B14FF480302168886007F417
:10165000003018B1204600F098FC0EE007F480201E
:1016600010B145F4004508E007F4002010B145F43E
:10167000803502E0204600F087FC06F0080038B113
:101680000AF0100020B145F4007510202168C860F0
:1016900006F0040040B10AF0080028B108202168D3
:1016A000C860204600F00EFA06F0020038B120684B
:1016B000C06800F0030010B1204600F005FA06F003
:1016C000400038B10BF0100020B145F480651020C7
:1016D0002168086106F0200040B10BF0080028B135
:1016E000082021680861204600F018FC06F0100070
:1016F00038B12068006900F0030010B1204600F006
:101700000EFC06F4003040B109F0100028B11020A2
:1017100021684860204600F003FC06F4803040B1A8
:1017200009F0080028B1082021684860204600F030
:101730002DFC06F4004088B309F0040078B306F4E9
:10174000807020B108F0010008B145F0010506F4F1
:10175000007020B108F0020008B145F0020506F45F
:10176000806020B108F0040008B145F0040506F4DB
:101770000060A0B108F0700088B108F07000402847
:1017800017D006DC10280BD020280CD0302819D117
:101790000CE0502810D0602814D110E01DE019E0B2
:1017A00045F008050FE045F010050CE045F0200578
:1017B00009E045F0400506E045F0800503E045F40A
:1017C000807500E000BF00BF2068806920F07000D5
:1017D000216888610420216848602DB1606A28432F
:1017E00060622046FFF710FEBDE8F09F70B504462A
:1017F0000CB9012070BD94F8200010B9204600F00B
:10180000AFF82068006840F001002168086000F02F
:1018100065FF05460DE000F061FF401B0A2808D96E
:10182000606A40F400306062052084F820000120E6
:10183000E0E72068406800F001000028EBD0206855
:10184000006820F002002168086000F047FF0546AC
:101850000DE000F043FF401B0A2808D9606A40F4FD
:1018600000306062052084F820000120C2E7206873
:10187000406800F002000028EBD1207E012806D14C
:101880002068006840F080002168086005E020685A
:10189000006820F0800021680860607E012806D181
:1018A0002068006840F040002168086005E020687A
:1018B000006820F0400021680860A07E012806D161
:1018C0002068006840F020002168086005E020687A
:1018D000006820F0200021680860E07E012806D121
:1018E0002068006820F010002168086005E020688A
:1018F000006840F0100021680860207F012806D1B0
:101900002068006840F008002168086005E0206851
:10191000006820F0080021680860607F012806D177
:101920002068006840F004002168086005E0206835
:10193000006820F0040021680860D4E9020108432F
:1019400021690843616908436168491E08432168A9
:10195000C86100206062012084F82000002049E76F
:1019600010B586B00446142101A8FEF77EFE4F494B
:101970002068884241D14E480068401C4C490860AC
:101980000846006801280FD100BF00200090494898
:10199000006840F00070474908600846006800F0A1
:1019A0000070009000BF00BF00BF002000904148C1
:1019B0001038006840F008003E49103908600846B9
:1019C000006800F00800009000BF00BF03200190F5
:1019D000022002900020039003200490092005902B
:1019E00001A9354800F064FD00220521142000F013
:1019F00009FF142000F0F2FE55E0304920688842CB
:101A000051D100BF002000902A48006840F080605B
:101A1000284908600846006800F08060009000BF18
:101A200000BF23480068401C214908600846006840
:101A300001280FD100BF002000901E48006840F030
:101A400000701C4908600846006800F000700090B3
:101A500000BF00BF00BF002000901648103800688B
:101A600040F002001349103908600846006800F091
:101A70000200009000BF00BF4FF4405001900220D0
:101A8000029000200390032004900920059001A9F2
:101A90000B4800F00DFD00220521402000F0B2FEB1
:101AA000402000F09BFE06B010BD00000064004026
:101AB0002000002040380240000C02400068004036
:101AC000000402407047000010B58AB0044601AB24
:101AD00003AA00212046FFF798FCFE48844276D1F5
:101AE0000398A0F2012005286FD2DFE800F003047C
:101AF0000506070000BF00BF00BF00BF0398401EDF
:101B0000F54908700846007800EB4000F34931F8C9
:101B1000200000B2F049097801EB4101EF4A02EBE5
:101B2000810108819DF805009DF8041040EA01201C
:101B3000E949097801EB410122F821009DF80700ED
:101B40009DF8061040EA012000B2E349097801EB54
:101B5000410102EB810148809DF809009DF80810C1
:101B600040EA012000B2DC49097801EB410102EBB7
:101B7000810188809DF80A00D749097801EB41016D
:101B800002EB81018871D448007804281AD11046EC
:101B9000018EB0F93800081AB0F5805F05DDD04835
:101BA000C06E401ECE49C8660CE0CC48018EB0F92C
:101BB0003800081A10F5805F04DAC948C06E401C6E
:101BC000C749C86602E002E0FFE700BFA4E1C548DC
:101BD0008442FBD1039802284BD0A0F2062020B10A
:101BE0002A287DD02B287CD11FE1BC48808F01B2F0
:101BF000BA48A0F844109DF805009DF8041040EA8A
:101C00000120B64988879DF807009DF8061040EA34
:101C1000012001B2B148C1879DF809009DF8081064
:101C200040EA012001B2AD48A0F840109DF80A102A
:101C300080F84210818FB0F94400081AB0F5805F37
:101C400007DDA748D0F88C00401EA549C1F88C00DC
:101C50000EE0A248818FB0F94400081A10F5805FA9
:101C600006DA9F48D0F88C00401C9D49C1F88C00D2
:101C700051E19DF806009DF8051040EA012000EEB4
:101C8000100A9DF8070000019DF8081040EA1110A5
:101C900000EE900A9DF809009DF8081001F00F0170
:101CA00040EA012001EE100A9DF8040000F0F00067
:101CB0008D4908749DF8040000F00F018A484174B2
:101CC0009DF80400011188488174F8EE401A9FEDD8
:101CD000872A61EE821AB0EE002A61EE821A01E0D4
:101CE00033E017E19FED822AC1EE822ADFED7F1AF1
:101CF00072EEE11AC0ED051AF8EE601AB3EE042A8E
:101D000061EE821AB0EE002A61EE821A9FED792A06
:101D1000C1EE822AF3EE041A72EEE11AC0ED061A41
:101D2000F8EE411AB2EE042A61EE821AB0EE002AF1
:101D300061EE821ADFED6F2A81EEA22AF2EE041A1A
:101D400072EE611AC0ED071AE5E09DF805009DF8F6
:101D5000041040EA012000EE100AB8EE400A66487E
:101D600080ED000A9DF807009DF8061040EA01206A
:101D700000EE100AB8EE400A5F4880ED010A9DF8B7
:101D800009009DF8081040EA012000EE100AB8EEA4
:101D9000400A594880ED020A9DF80B009DF80A1090
:101DA00040EA012000EE100AB8EE400A524880EDE9
:101DB000030A5248D0F8180890ED010A504880ED07
:101DC000000A4D4991ED010ABDEEC00A10EE100A5D
:101DD0001021DFED4C0A9FED4C0A0DF077FE4848CC
:101DE00080ED010A444991ED020ABDEEC00A10EEF1
:101DF000100A1021DFED430A9FED430A0DF066FE45
:101E00003F4880ED020A3C4991ED030ABDEEC00A4D
:101E100010EE100A1021DFED3B0A9FED3B0A0DF09A
:101E200055FE374880ED030A75E09DF805009DF8E2
:101E3000041040EA012000EE100AB8EE400A2E48D5
:101E400080ED040A9DF807009DF8061040EA012085
:101E500000EE100AB8EE400A274880ED050A9DF80A
:101E600009009DF8081040EA01202349088391EDFC
:101E7000040ABDEEC00A10EE100A1021DFED210A9F
:101E80009FED210A0DF022FE1D4880ED040A1A493B
:101E900091ED050ABDEEC00A10EE100A1021DFED2B
:101EA000190A9FED190A0DF011FE154880ED050A7B
:101EB000D0ED050AB0EE600A9FED141ADFED140AAA
:101EC0000CF0D4FE0E4880ED050A008B0449A1F801
:101ED0002C0720E0340700202C010020505B00205C
:101EE000685C00205C070020985B0020DC0F494004
:101EF00000FF7F4700F07F45D45B0020FC4D0020B1
:101F0000B85B0020DA0FC940DA0FC9C0DB0F4940C7
:101F1000DB0F49C000BF00BF0AB010BD704770475B
:101F2000704770B5044694F82000012822D10220A1
:101F300084F820002068006820F001002168086013
:101F400000F0CCFB05460DE000F0C8FB401B0A2862
:101F500008D9606A40F400306062052084F82000EF
:101F6000012070BD2068406800F001000028EBD11E
:101F70006062F6E7606A40F4002060620120F0E7EA
:101F8000704770477047704770477047704770B52B
:101F90000446A56D00F0A2FB064694F83500022821
:101FA00008D08020606500BF002084F8340000BFA6
:101FB000012070BD2068006820F0160021680860CC
:101FC0002068406920F0800021684861206C08B9D1
:101FD000A06C28B12068006820F008002168086023
:101FE0002068006820F001002168086010E000F01F
:101FF00075FB801B05280BD920206065032084F821
:10200000350000BF002084F8340000BF0320D0E773
:102010002068006800F001000028E8D194F85C1006
:102020003F208840A860012084F8350000BF0020D0
:1020300084F8340000BF00BFBBE7014691F83500CB
:10204000022803D08020486501207047052081F8D0
:1020500035000868006820F001000A681060002060
:10206000F3E70000F8B50446002000908C480068B3
:102070004FF41651B0FBF1F7A56D2E6894F85C1083
:1020800008208840304098B12068006800F00400C3
:1020900070B12068006820F004002168086094F89E
:1020A0005C1008208840A860606D40F00100606509
:1020B00094F85C1001208840304068B12068406985
:1020C00000F0800040B194F85C1001208840A860C6
:1020D000606D40F00200606594F85C100420884058
:1020E000304068B12068006800F0020040B194F808
:1020F0005C1004208840A860606D40F004006065BA
:1021000094F85C1010208840304078B32068006854
:1021100000F0080050B394F85C1010208840A860CC
:102120002068006800F4802080B12068006800F416
:10213000002028B9206CC8B12046216C884715E0E2
:10214000A06C98B12046A16C88470FE02068006819
:1021500000F4807028B92068006820F00800216829
:102160000860206C10B12046216C884794F85C1000
:10217000202088403040002865D02068006800F0AA
:10218000100000285FD094F85C1020208840A860E0
:1021900094F83500052828D12068006820F0160042
:1021A000216808602068406920F08000216848614B
:1021B000206C08B9A06C28B12068006820F00800E5
:1021C0002168086094F85C103F208840A8600120D6
:1021D00084F8350000BF002084F8340000BF206D73
:1021E00010B12046216D8847F8BD2068006800F4D2
:1021F000802080B12068006800F4002028B9606C5D
:1022000010B12046616C88471DE0E06BD8B12046D4
:10221000E16B884717E02068006800F4807068B9B7
:102220002068006820F0100021680860012084F810
:10223000350000BF002084F8340000BFE06B10B10F
:102240002046E16B8847606D38B3606D00F0010097
:10225000F0B1052084F835002068006820F0010006
:102260002168086000BF0098401C0090B84200D967
:1022700005E02068006800F001000028F3D100BFED
:10228000012084F8350000BF002084F8340000BF2E
:10229000E06C10B12046E16C884700BFA4E7000065
:1022A000300000202DE9F0410446002500F016FA28
:1022B000074614B90120BDE8F081606A00B100BF93
:1022C000022084F8350000BF002084F8340000BFED
:1022D0002068006820F00100216808600AE000F032
:1022E000FDF9C01B052805D920206065032084F86E
:1022F0003500E0E72068006800F001000028EED11A
:102300002068056821480540D4E901010843E168D7
:1023100008432169084361690843A1690843E169E9
:102320000843216A08430543606A042803D1D4E9BD
:102330000B0108430543206805602068456925F0C6
:102340000705606A0543606A04280DD1A06A054349
:10235000E06A48B12046FEF7F1FD28B140206065F3
:10236000012084F83500A6E7206845612046FEF785
:10237000CBFD064694F85C103F208840B0600020FA
:102380006065012084F83500002094E73F8010F05C
:102390002DE9F04104460D4616461F464FF0000851
:1023A00000BF94F83400012802D10220BDE8F0817A
:1023B000012084F8340000BF94F83500012811D1C1
:1023C000022084F83500002060653B4632462946ED
:1023D0002046FEF708FE2068006840F001002168F2
:1023E000086006E000BF002084F8340000BF4FF012
:1023F00002084046DAE72DE9F04704460D46164646
:102400001F464FF00008D4F8589000BF94F83400ED
:10241000012802D10220BDE8F087012084F83400B1
:1024200000BF94F83500012825D1022084F835003A
:10243000002060653B46324629462046FEF7D3FD24
:1024400094F85C103F208840C9F8080020680068B4
:1024500040F0160021680860206C28B120680068F0
:1024600040F00800216808602068006840F0010022
:102470002168086006E000BF002084F8340000BF37
:102480004FF002084046C6E770B5044600F026F952
:1024900006462546681C10B104480078054400BF74
:1024A00000F01CF9801BA842FAD370BD2C0000205C
:1024B000F8B502460B460025002400200021E0E08C
:1024C000012606FA01F51E6806EA0504AC4274D13D
:1024D0001E7906F00306012E04D01E7906F00306CD
:1024E000022E13D190684F000326BE40B0434F0028
:1024F000DE68BE4030439060506801268E40B04395
:102500001E79C6F300168E40304350601E7906F0E7
:102510000306032E09D0D0684F000326BE40B04307
:102520004F009E68BE403043D0601E7906F003061F
:10253000022E13D1CF0802F1200656F827004E07CD
:10254000F70E0F26BE40B0434F07FF0E1E69BE4078
:102550003043CF0802F1200646F8270010684F00EC
:102560000326BE40B0431E7906F003064F00BE406E
:10257000304310605E6806F44036002E1DD000BF68
:1025800000260096414E366846F480463F4F3E6036
:102590003E46366806F48046009600BF00BF3C4EBB
:1025A0008F0856F827008E07370F0F26BE40B0431E
:1025B000384EB24202D100262EE061E0364EB242E1
:1025C00001D1012628E0354EB24201D1022623E096
:1025D000334EB24201D103261EE0324EB24201D147
:1025E000042619E0304EB24201D1052614E02F4EE8
:1025F000B24201D106260FE02D4EB24201D107268C
:102600000AE02C4EB24201D1082605E02A4EB24221
:1026100001D1092600E00A268F073F0FBE40304354
:102620001B4E8F0846F82700244E3068A0435E6892
:1026300006F4801606B12043204E3060361D306807
:10264000A0435E6806F4001606B120431B4E361DFB
:1026500030601A4E361F3068A0435E6806F40036BC
:1026600006B12043154E361F3060361F3068A04338
:102670005E6806F4803606B12043104E083E306096
:10268000491C1029FFF41CAFF8BD0000443802407B
:1026900008380140000002400004024000080240E7
:1026A000000C0240001002400014024000180240DA
:1026B000001C02400020024000240240083C01406F
:1026C000024613690B400BB1012000E00020704767
:1026D0000AB1816101E00B04836170470148006821
:1026E000704700002400002003480068034909786F
:1026F0000844014908607047240000202C00002095
:1027000010B50D48006840F400700B490860084699
:10271000006840F4806008600846006840F48070FB
:102720000860032000F0ACF80F2000F007F800F07C
:102730002BF8002010BD0000003C024070B504469C
:102740000E4800784FF47A71B1FBF0F00C4909683B
:10275000B1FBF0F5284601F0AFFB08B1012070BDD8
:10276000102C07D200222146501E00F04BF80548DD
:10277000046001E00120F2E70020F0E72C000020D7
:10278000300000202800002008B500BF0020009085
:102790001148006840F480400F490860084600680E
:1027A00000F48040009000BF00BF00BF00200090F8
:1027B000081F006840F08050091F08600846006844
:1027C00000F08050009000BF00BF00220F21901E3B
:1027D00000F018F808BD00004438024001460846E1
:1027E00000280DDB00BF00BF00F01F0301229A404C
:1027F00043099B0003F1E023C3F8002100BF00BFA1
:1028000000BF70472DE9F05F80460D461646002751
:1028100006F060FE074639462A46334601F00700B7
:10282000C0F1070ABAF1040F02D94FF0040A01E01F
:10283000C0F1070AD14600F1040ABAF1070F02D22B
:102840004FF0000A01E0A0F1030AD4464FF0010A5C
:102850000AFA09FAAAF1010A0AEA020A0AFA0CFAC1
:102860004FF0010B0BFA0CFBABF1010B0BEA030B66
:102870004AEA0B042146404606F034FEBDE8F09FCC
:1028800000BF00F00702064B19684FF6FF0319401E
:10289000044B0B4343EA0221014B196000BF704710
:1028A0000CED00E00000FA05704702461068416236
:1028B00000207047F0B5034615461868446A21B9F0
:1028C00044EA05401E68B06219E01868806A04EBAB
:1028D0001044002208E0186800F5827050F82200C9
:1028E00004EB1044501CC2B2481E9042F3D844EA94
:1028F0000547186800F582704E1E40F826700020CB
:10290000F0BD10B50446D4F8E00405F056F910BD4A
:1029100070B504460D4605EBC50304F1140101EB47
:102920008301CA682946D4F8E00405F041F870BD77
:1029300070B504460D4605EBC50304F5157101EBB2
:102940008301CA682946D4F8E00405F0B5F870BDE3
:1029500010B50446D4F8E00405F032F910BD2DE9B5
:10296000F04104460D4605F08000802808D105F0AE
:102970000F0000EBC00104F1140000EB810607E03A
:1029800005F00F0000EBC00104F5157000EB8106A7
:102990003146206806F05EFB07463846BDE8F08108
:1029A00070B504460E4606F0800080280AD106F075
:1029B0000F0000EBC00104F1140000EB81050120C1
:1029C000687009E006F00F0000EBC00104F5157017
:1029D00000EB81050020687006F00F00287000BF32
:1029E00094F89404012801D1022070BD012084F8DC
:1029F000940400BF2946206805F0BAFE00BF0020FD
:102A000084F8940400BF00BFEFE770B504460E469B
:102A100006F00F002179884201D9012070BD06F02F
:102A2000800080280AD106F00F0000EBC00104F1FD
:102A3000140000EB81050120687009E006F00F002A
:102A400000EBC00104F5157000EB810500206870F3
:102A50000020A87006F00F00287000BF94F89404BE
:102A6000012801D10220D9E7012084F8940400BF95
:102A70002946206806F07AF800BF002084F8940404
:102A800000BF00BFCAE7024601F00F0000EBC00321
:102A900002F5157000EB8300406970472DE9F0479F
:102AA00005460E4690461F464FF0000906F080008E
:102AB00080280AD106F00F0000EBC00105F11400D8
:102AC00000EB81040120607009E006F00F0000EBCC
:102AD000C00105F5157000EB81040020607006F060
:102AE0000F002070C8F30A00A0602771607808B159
:102AF00020786083022F01D10020607100BF95F81B
:102B00009404012802D10220BDE8F087012085F855
:102B1000940400BF2146286805F03EFD00BF002058
:102B200085F8940400BF4846EEE72DE9F0410546DC
:102B30000E461746984606F00F0000EBC00105F55B
:102B4000157000EB8104E760C4F81080002060611C
:102B5000607006F00F002070A879012800D1E761AD
:102B6000AA792146286806F095F80020BDE8F08192
:102B700070B504460D4605F00F002179884201D951
:102B8000012070BD05F0800080280AD105F00F00FB
:102B900000EBC00104F1140000EB8106012070700D
:102BA00007E005EBC50104F5157000EB8106002078
:102BB00070700120B07005F00F00307000BF94F805
:102BC0009404012801D10220DBE7012084F8940459
:102BD00000BF3146206806F010F805F00F0028B954
:102BE000A17904F29C42206805F088FF00BF002014
:102BF00084F8940400BF00BFC3E72DE9F041054607
:102C00000E461746984606F00F0000EBC00105F18E
:102C1000140000EB8104E760C4F8108000206061BC
:102C20000120607006F00F002070A879012800D103
:102C3000E761AA792146286806F02CF80020BDE853
:102C4000F0812DE9FE4F0446D4F800B05E462068BE
:102C500006F0E2FA002874D1206806F01CFB08B9DF
:102C6000BDE8FE8F40F608008059C0F30D20C4F87F
:102C7000D404206806F00FFB00F00200022805D102
:102C80002068406900F0020021684861206806F071
:102C900002FB00F01000102845D12068806920F068
:102CA000100021688861DBF8209009F00F0000EB2C
:102CB000C00104F5157000EB810AC9F343400228F6
:102CC0001AD147F6F07009EA000030B3C9F30A12CE
:102CD0005846DAF80C1006F0E3FAC9F30A11DAF8EC
:102CE0000C000844CAF80C00C9F30A11DAF8140001
:102CF0000844CAF8140010E0C9F3434006280CD178
:102D0000082204F29C41584606F0CAFAC9F30A1197
:102D1000DAF814000844CAF814002068806940F00A
:102D2000100021688861206806F0B5FA00F40020E0
:102D3000B0F5002F7BD10025206806F07CFA0290C8
:102D400072E0E1E2029800F00100002868D0E9B2E8
:102D5000206806F093FA804608F0010048B101218E
:102D600006F5306000EB451081602946204602F0F0
:102D7000DBFA08F00800082809D1082106F53060C0
:102D800000EB451081602946204602F09BFA08F0CE
:102D90001000102805D1102106F5306000EB451019
:102DA000816008F00200022824D1DBF8140000F052
:102DB0008000802807D140F60400805940F48061EB
:102DC00040F60400815105EBC50104F5157000EBD8
:102DD000810A9AF80300012806D100208AF803002E
:102DE000E9B2204600F09BFA022106F5306000EBC4
:102DF0004510816008F02000202805D1202106F52B
:102E0000306000EB4510816008F40050B0F5005FC1
:102E100006D14FF4005106F5306000EB451081609B
:102E20006D1C029840080290029800288AD1206800
:102E300006F031FA00F48020B0F5802F7DD12068B3
:102E400006F0EFF9029000259AE0029800F00100E8
:102E5000002873D0E9B2206806F0F7F9804608F040
:102E60000100F0B305F00F0101208840019040F609
:102E700034008159019821EA000040F6340188515C
:102E8000012106F5106000EB45108160A079012852
:102E900024D105EBC50104F1140000EB810005EB22
:102EA000C502C16804F1140000EB8200806801448F
:102EB00005EBC50204F1140000EB8200C1606DB99E
:102EC00005EBC50104F1140000EB8100006928B98D
:102ED00004F29C420121206805F010FEE9B2204670
:102EE00000E001E0FFF714FD08F00800082805D114
:102EF000082106F5106000EB4510816008F0100015
:102F0000102805D1102106F5106000EB45108160F6
:102F100008F04000402805D1402106F5106000EB84
:102F20004510816008F0020002281DD1294658464C
:102F300006F035F905EBC50101E025E01CE004F1E0
:102F4000140000EB810A9AF80300012806D1002042
:102F50008AF80300E9B2204600F0D8F9022106F50C
:102F6000106000EB4510816008F08000802803D1DC
:102F70002946204602F07AFA6D1C02984008029019
:102F8000029800287FF461AF206806F084F900F011
:102F90000040B0F1004F1CD140F60400805920F0F1
:102FA000010140F60400815194F8CC04012807D1B6
:102FB000002084F8CC0400212046FFF775FC02E0D5
:102FC000204600F0D1FA2068406900F000402168F6
:102FD0004861206806F05FF900F40060B0F5006F0A
:102FE0000ED140F60800805900F0010010B12046D3
:102FF00000F012FB2068406900F40060216848611D
:10300000206806F048F900F48050B0F5805F7ED16A
:1030100040F60400805920F0010140F6040081517F
:103020001021206806F0BBF8002732E04FF67F3110
:1030300006F5106000EB4710816006F5106000EBAC
:103040004710006820F4001106F5106000EB4710EF
:1030500001604FF67F3106F5306000EB471081606C
:1030600006F5306000EB4710006820F4001106F50B
:10307000306000EB4710016006F5306000EB471050
:10308000006840F0006106F5306000EB4710016019
:103090007F1C2079B842C9D840F61C00805940F006
:1030A000011140F61C008151E07B70B1D6F8840814
:1030B00040F00B01C6F8841840F64400805940F0F7
:1030C0000B0140F6440081510FE040F61400805996
:1030D00042F22B01084340F614018851081F805921
:1030E00040F00B014FF401608151D6F8000820F444
:1030F000FE60C6F80008A17904F29C42206805F041
:10310000FDFC2068406900F48050216800E000E088
:103110004861206806F0BFF800F40050B0F5005F89
:1031200017D1206805F0A0FA206806F062F8E07177
:1031300000F04EFB0090E2792068009906F032F929
:10314000204600F0F9F92068406900F40050216839
:103150004861206806F09FF800F00800082808D1B0
:10316000204600F008FA2068406900F00800216855
:103170004861206806F08FF800F08000802818D1A0
:10318000DBF8180020F08000CBF8180001250DE0D6
:1031900005EBC50104F5157000EB8100C07801282E
:1031A00003D1E9B22046FFF7DAFB6D1C2079A84273
:1031B000EED8206806F06FF800F48010B0F5801F9C
:1031C0002DD1012522E006F5106000EB4510D0F866
:1031D000009005EBC50104F1140000EB81000079BB
:1031E000012812D109F00040B0F1004F0DD10121AA
:1031F00005EBC50204F1140000EB8200C170E8B2D7
:1032000040F080012046FFF7AAFB6D1C2079A84200
:10321000D9D82068406900F480102168486120688E
:1032200006F039F800F40010B0F5001F44D1012574
:1032300038E006F5306000EB4510D0F8009005EB63
:10324000C50104F5157000EB81000079012828D133
:1032500009F00040B0F1004F23D109F4803094F818
:10326000D41401F0010188421BD1012105EBC502F4
:1032700004F5157000EB8200C170DBF8180040F017
:103280008000CBF81800DBF8140000F0800040B993
:1032900040F60400805940F4007140F6040081516A
:1032A00003E06D1C2079A842C3D800BF20684069A4
:1032B00000F4001021684861206805F0ECFF00F080
:1032C0008040B0F1804F08D12046FFF71AFB2068FC
:1032D000406900F0804021684861206805F0DBFF0C
:1032E00000F0040004280FD12068D0F8049009F001
:1032F0000400042802D12046FFF72AFB206840681A
:1033000040EA09002168486000BFA9E470B504469E
:103310000D462946D4F8E00404F0BEFC70BD70B53B
:1033200004460D462946D4F8E00404F0D9FC70BDEB
:10333000F8B504460CB90120F8BD266894F8950448
:1033400028B9002084F89404204600F0A1F8032056
:1033500084F89504B6F1A04F01D10021A171206835
:1033600005F0C4FB207C8DF8000094E80F0005F008
:103370008FF920B1022084F895040120DCE70021B8
:10338000206805F0BDFF20B1022084F895040120DB
:10339000D2E7002531E0012105EBC50204F114005C
:1033A00000EB8200417005EBC50104F1140000F848
:1033B000215005EBC50100EB81004583002105EBA1
:1033C000C50204F1140000EB8200017105EBC50297
:1033D00004F1140000EB8200816005EBC50204F1EA
:1033E000140000EB8200C16005EBC50204F114007B
:1033F00000EB82000161681CC5B22079A842CADCDA
:1034000000252AE0002105EBC50204F5157000EB4C
:103410008200417005EBC50104F5157000F82150DC
:10342000002105EBC50200EB8200017105EBC5022E
:1034300004F5157000EB8200816005EBC50204F510
:10344000157000EB8200C16005EBC50204F5157034
:1034500000EB82000161681CC5B22079A842D1DC72
:10346000207C8DF8000094E80F0005F04BFA20B1A5
:10347000022084F8950401205EE70020607401209A
:1034800084F89504206805F02BFA002054E700002A
:1034900010B586B00446142101A8FDF7E6F82068AF
:1034A000B0F1A04F42D100BF00200090204800683A
:1034B00040F001001E4908600846006800F0010065
:1034C000009000BF00BF4FF4C05001900220029056
:1034D00000200390032004900A20059001A91548BC
:1034E000FEF7E6FF00BF1248001D006840F08000B4
:1034F0000F49091D086000BF002000900C481430DF
:10350000006840F480400A491431086008460068A9
:1035100000F48040009000BF00BF00BF00220521E2
:103520004320FFF76FF94320FFF758F906B010BDAD
:10353000303802400000024070B504460125E079B1
:1035400008B9002506E0E079022801D1012501E053
:10355000FDF7F1FD2946D4F8E00404F06AFCD4F844
:10356000E00404F011FC70BD10B50446D4F8E0048A
:1035700004F040FC10BD10B50446D4F8E00404F09B
:1035800044FC10BD70B504460D4600BF94F8940489
:10359000012801D1022070BD012084F8940400BFED
:1035A00065742946206805F0DFFE00BF002084F81E
:1035B000940400BF00BFEEE710B5044604F29C413E
:1035C000D4F8E00404F04CFC10BD70B50446256846
:1035D00000BF94F89404012801D1022070BD01209D
:1035E00084F8940400BFE86800F0400030B1607BCC
:1035F000012803D1A86B40F48030A863206805F04F
:103600009FFD206805F05AF900BF002084F894045B
:1036100000BF00BFE2E7000010B50446D4F8E004A4
:1036200004F07BFC2068D0F8000E40F00100216817
:10363000C1F8000EE07A28B10348006840F00600A7
:103640000149086010BD000010ED00E070B50446AF
:103650000D460CB9012070BD5848006800F00F00FD
:10366000A84209D255490D700846006800F00F00C5
:10367000A84201D00120EEE7207800F002000228E5
:103680001DD1207800F00400042805D14C480068C2
:1036900040F4E0504A490860207800F0080008280B
:1036A00005D14748006840F46040454908604448F7
:1036B000006820F0F000A1680843414908602078C4
:1036C00000F00100A8B36068012807D13C48083821
:1036D0000068C0F34040B8B90120BCE76068022828
:1036E00002D06068032807D1354808380068C0F365
:1036F000406048B90120AEE7314808380068C0F39F
:10370000400008B90120A6E72D48006820F003001A
:10371000616808432A490860FEF7E0FF064609E0B1
:10372000FEF7DCFF801B41F28831884202D903207A
:1037300091E707E02248006800F00C006168B0EBF8
:10374000810FEDD11D48006800F00F00A84209D993
:103750001A490D700846006800F00F00A84201D019
:10376000012078E7207800F00400042807D11448ED
:10377000006820F4E050E1680843114908602078AF
:1037800000F00800082808D10D48006820F46040C7
:10379000216940EAC1000A49086000F03FF8084981
:1037A0000968C1F30311074A515CC8400649086023
:1037B00006480068FEF7C2FF00204CE7003C0240CC
:1037C00008380240541D0108300000202800002065
:1037D00001480068704700003000002000B5FFF786
:1037E000F7FF04490968C1F38221034A515CC840CC
:1037F00000BD000008380240641D010800B5FFF755
:10380000E7FF04490968C1F34231034A515CC840EB
:1038100000BD000008380240641D01082DE9F04792
:10382000002400250026A1462548006800F00C0071
:1038300020B1042805D008283AD105E0DFF88490AB
:1038400039E0DFF8849036E01D48001F006800F082
:103850003F041B48001F006800F4800078B11A483C
:103860001749091F0968C1F38811A0FB01700146BF
:10387000224600233846FCF7E8FD05460EE01148D5
:103880000F49091F0968C1F38811A0FB01700146A7
:10389000224600233846FCF7D8FD05460848001F9D
:1038A0000068C0F30140401C4600B5FBF6F902E099
:1038B000DFF8109000BF00BF4846BDE8F087000069
:1038C000083802400024F400001BB700F8B5044695
:1038D0000CB90120F8BD207800F00100002874D058
:1038E000F948006800F00C0004280DD0F648006884
:1038F00000F00C00082813D1F348001F006800F402
:103900008000B0F5800F0BD1EF4808380068C0F395
:103910004040002859D06068002856D10120D9E7DE
:1039200000BF6068B0F5803F08D1E74808380068FC
:1039300040F48030E449083908601EE06068B0F562
:10394000A02F0DD1E0480838006840F48020DE49FF
:10395000083908600846006840F4803008600CE0D0
:10396000D9480838006820F48030D7490839086001
:103970000846006820F48020086000BF606890B1AD
:10398000FEF7ACFE054606E0FEF7A8FE401B6428E5
:1039900001D903209EE7CC4808380068C0F34040B6
:1039A0000028F1D011E0FEF799FE054606E0FEF78B
:1039B00095FE401B642801D903208BE7C2480838D4
:1039C0000068C0F340400028F1D1207800F00200E8
:1039D00002285FD1BC48006800F00C0058B1BA481A
:1039E000006800F00C0008281CD1B748001F0068D0
:1039F00000F48000B0B9B44808380068C0F3400053
:103A000020B1E068012801D0012063E7AE48083802
:103A1000006820F0F800216940EAC100AA4908398D
:103A2000086037E0E06800B30120A8490860FEF7AD
:103A300055FE054606E0FEF751FE401B022801D95F
:103A4000032047E7A04808380068C0F3400000287A
:103A5000F1D09D480838006820F0F800216940EA5C
:103A6000C10099490839086014E0002097490860AE
:103A7000FEF734FE054606E0FEF730FE401B022846
:103A800001D9032026E7904808380068C0F34000B9
:103A90000028F1D1207800F0080008282CD16069B6
:103AA000A8B101208A490860FEF718FE054606E025
:103AB000FEF714FE401B022801D903200AE78248C2
:103AC0006C300068C0F340000028F1D014E0002002
:103AD0007F490860FEF702FE054606E0FEF7FEFDA0
:103AE000401B022801D90320F4E677486C300068B7
:103AF000C0F340000028F1D1207800F00400042831
:103B000070D1002770483830006800F0805090B9BC
:103B100000BF002000906C483830006840F08050B2
:103B20006949383108600846006800F0805000900C
:103B300000BF00BF01276748006800F48070B0B97B
:103B40006448006840F4807062490860FEF7C6FD72
:103B5000054606E0FEF7C2FD401B022801D90320FE
:103B6000B8E65C48006800F480700028F2D000BF1E
:103B7000A068012808D154486830006840F001006E
:103B80005149683108601DE0A06805280DD14E48F4
:103B90006830006840F004004B496831086008460E
:103BA000006840F0010008600CE047486830006899
:103BB00020F001004449683108600846006820F0A0
:103BC0000400086000BFA068A8B1FEF787FD0546A5
:103BD00009E0FEF783FD401B41F28831884202D99B
:103BE000032077E626E0384868300068C0F34000DC
:103BF0000028EED013E0FEF771FD054608E0FEF761
:103C00006DFD401B41F28831884201D9032061E6F5
:103C10002D4868300068C0F340000028EFD1012F24
:103C200007D129483830006820F0805026493831C3
:103C3000086000BFA069002845D02348006800F054
:103C40000C0008285DD0A069022845D100201F493A
:103C50000866FEF743FD054606E0FEF73FFD401B04
:103C6000022801D9032035E6174808380068C0F358
:103C700040600028F1D1D4E907010843616A40EAB5
:103C800081110122A06AC2EB500041EA00412C20C0
:103C9000005D41EA00600C49091F086001200B49E2
:103CA0000866FEF71BFD054606E0FEF717FD401B04
:103CB000022801D903200DE6034808380068C0F344
:103CC00040600028F1D049E0083802400000474237
:103CD000800E474200700040002021490866FEF730
:103CE000FDFC054606E0FEF7F9FC401B022801D961
:103CF0000320EFE51B480068C0F340600028F2D1C4
:103D00002CE0A069012800D1E4E51648001D0668F2
:103D1000A069012820D006F48001E06981421BD10E
:103D200006F03F01206A814216D147F6C07030404C
:103D3000616AB0EB811F0FD106F440310122A06A05
:103D4000C2EB5000B1EB004F06D106F070612C20A1
:103D5000005DB1EB006F01D00120BBE50020B9E5AB
:103D6000000047420038024010B504460CB901205B
:103D700010BD606A38B96068B0F5827F00D105E097
:103D80000021E16102E00021216161610021A16265
:103D900094F8510028B9002084F85000204600F023
:103DA00047F8022084F851002068006820F04000A5
:103DB00021680860A08800F48270218901F4044120
:103DC0000843A18901F400610843217C01F002014C
:103DD0000843217D01F001010843218B01F40071AA
:103DE0000843217F01F0380108432021095D01F0DB
:103DF00080010843218D01F40051084321680860C7
:103E00000421A06901EA104094F8241001F0100187
:103E10000843216848602068C06920F40060216878
:103E2000C86100206065012084F8510000209FE7F0
:103E300010B586B00446142101A8FCF716FC1B49F6
:103E40002068884230D100BF0020009018480068E8
:103E500040F48010164908600846006800F480109D
:103E6000009000BF00BF00BF002000901048143831
:103E7000006840F020000E491439086008460068C8
:103E800000F02000009000BF00BF4FF46070019070
:103E9000022002900020039003200490052005904A
:103EA00001A90448FEF704FB06B010BD0050014014
:103EB000443802400014024070B504462546681E8E
:103EC000B0F1807F01D301200FE0681E4FF0E021A8
:103ED00048610F214FF0FF3005F004FB00204FF048
:103EE000E021886107200861002070BD704770479D
:103EF0002DE9F84F0446206805682068C6682068E8
:103F000047694FF00009CA4605F00F09B9F1000FE3
:103F10000AD105F0200038B106F0200020B120467B
:103F200002F08BFBBDE8F88FB9F1000F7CD007F0F1
:103F3000010018B906F49070002875D005F0010052
:103F400030B106F4807018B1606C40F0010060641C
:103F500005F0040030B107F0010018B1606C40F0CA
:103F60000200606405F0020030B107F0010018B1F2
:103F7000606C40F00400606405F0080048B106F091
:103F8000200010B907F0010018B1606C40F0080083
:103F90006064606C002846D005F0200028B106F06F
:103FA000200010B1204602F048FB20684069C0F3B1
:103FB000801A606C00F0080010B9BAF1000F2DD023
:103FC000204602F0AEFA2068406900F04000402828
:103FD00020D100BF00BF2168143151E8001F21F03B
:103FE00040002168143141E80002002AF3D100BFEB
:103FF000E06B50B17748E16B0865E06BFEF71DF8A8
:1040000088B1E06B016D88470DE02046FFF76FFF38
:1040100009E009E02046FFF76AFF04E02046FFF7C9
:1040200066FF002060647DE7206B012878D105F0F1
:104030001000002874D006F010000028FAD000BF4D
:104040000020009020680068009020684068009080
:1040500000BF00BF2068406900F04000402860D1E8
:10406000E06B006840681FFA80F8B8F1000F56D086
:10407000A08D404553DDA4F82E80E06BC069B0F5FB
:10408000807F43D000BF00BF21680C3151E8001F82
:1040900021F4807021680C3141E80002002AF3D13C
:1040A00000BF00BF00BF2168143151E8001F21F09C
:1040B00001002168143141E80002002AF3D100BF59
:1040C00000BF00BF2168143151E8001F21F04000FB
:1040D0002168143141E80002002AF3D100BF2020FA
:1040E00084F842000020206300BF00BF21680C312B
:1040F00051E8001F21F0100021680C3141E8000256
:10410000002AF3D100BFE06BFDF741FF022060639E
:10411000A08DE28D801A81B22046FFF7E7FE01E70D
:1041200042E0A08DE18D401A1FFA80F8E08DD0B3F7
:10413000B8F1000F37D000BF00BF21680C3151E843
:10414000001F21F4907021680C3141E80002002A20
:10415000F3D100BF00BF00BF2168143151E8001F38
:1041600021F001002168143141E80002002AF3D156
:1041700000BF202084F842000020206300BF00BF61
:1041800021680C3151E8001F21F0100021680C312A
:1041900041E80002002AF3D100BF022060634146DB
:1041A0002046FFF7A3FEBDE605F0800030B106F023
:1041B000800018B1204602F0D5FBB3E605F04000C0
:1041C00030B106F0400018B1204602F0E0F9A9E64F
:1041D00000BFA7E65964000810B504460CB90120D9
:1041E00010BDA06900B100E000BF94F8410028B9FB
:1041F000002084F84000204600F02AF8242084F8AB
:1042000041002068C06820F400502168C860204642
:1042100002F092FA2068006920F490402168086159
:104220002068406920F02A00216848612068C06841
:1042300040F400502168C86000206064202084F8A9
:10424000410084F842000020606300BFC8E700001E
:1042500010B586B00446142101A8FCF706FAFE4901
:10426000206888424DD100BF00200090FB480068C4
:1042700040F48010F94908600846006800F4801096
:10428000009000BF00BF00BF00200090F34810382E
:10429000006840F00400F1491039086008460068E1
:1042A00000F00400009000BF00BF00BF002000909D
:1042B0000846006840F0080008600846006800F002
:1042C0000800009000BF00BF8814019002200290F7
:1042D00000200390032004900820059001A9E048E5
:1042E000FEF7E6F8042001900220029000200390DF
:1042F000032004900820059001A9DA48FEF7D8F8B9
:104300001EE2D9492068884275D100BF0020009084
:10431000D248006840F08040D049086008460068F4
:1043200000F08040009000BF00BF00BF0020009060
:10433000CA481038006840F01000C84910390860B9
:104340000846006800F01000009000BF00BF4FF466
:10435000C07001900220029000200390032004907E
:104360000820059001A9C148FEF7A2F8C048C1493C
:1043700008604FF0206048600021BE488160C16045
:104380004FF480610161002141618161C16101627D
:104390004162FDF787FF08B1FCF7CDFE00BFB548CD
:1043A000E063846300BFB2483038B34908608005D9
:1043B00048604021B04881600021C1604FF48061B5
:1043C0000161002141618161C16101624162FDF7CA
:1043D00069FF08B1FCF7AFFE00BFA748A063846384
:1043E00000BF002205215220FEF70CFA5220FEF7F2
:1043F000F5F9A5E1FFE7A149206888427DD100BF1A
:10440000002000909548001D006840F0100093497E
:10441000091D08600846006800F01000009000BF09
:1044200000BF00BF002000908C481038006840F0AA
:1044300002008A49103908600846006800F002004E
:10444000009000BF00BFC020019002200290002019
:104450000390032004900720059001A98848FEF7E7
:1044600027F88848884908604FF0006048600021BC
:1044700085488160C1604FF4806101610021416124
:104480008161C1614FF44031016200214162FDF759
:1044900009FF08B1FCF74FFE00BF7B48E06384636F
:1044A00000BF78487830794908604FF00060486074
:1044B0004021764881600021C1604FF48061016134
:1044C000002141618161C1614FF4403101620021ED
:1044D0004162FDF7E7FE08B1FCF72DFE00BF6B4817
:1044E000A063846300BF002205212520FEF78AF91E
:1044F0002520FEF773F923E1FFE76549206888422C
:104500007CD100BF002000905448006840F4003087
:10451000524908600846006800F40030009000BF6F
:1045200000BF00BF002000904C481038006840F0E9
:1045300008004A49103908600846006800F0080081
:10454000009000BF00BF6020019002200290002078
:104550000390032004900720059001A94148FDF72E
:10456000A7FF434830304B4908604FF00060486077
:10457000002148488160C1604FF4806101610021E1
:1045800041618161C1614FF44031016200214162AA
:10459000FDF788FE08B1FCF7CEFD00BF3D48E063A3
:1045A000846300BF324848303B4908604FF00060E8
:1045B00048604021384881600021C1604FF480612B
:1045C0000161002141618161C1614FF440310162AB
:1045D00000214162FDF766FE08B1FCF7ACFD00BFAB
:1045E0002D48A063846300BF002205212620FEF72A
:1045F00009F92620FEF7F2F8A2E0FFE72749206834
:104600008842F9D100BF002000901448001D0068C6
:1046100040F020001149091D08600846006800F0BC
:104620002000009000BF00BF00BF002000900B489A
:104630001038006840F0400008491039086008460A
:10464000006800F04000009000BF00BF4FF48440BD
:1046500001900220029023E00050004040380240C8
:1046600000080240000C02400078004000100240A8
:104670005860024044090020A409002000100140B5
:104680000004024040640240040A0020640A002042
:1046900000440040C40A0020240B00200014014004
:1046A00000200390032004900820059001A92548CC
:1046B000FDF7FEFE2448254908608005486000217A
:1046C00022488160C1604FF4806101610021416135
:1046D0008161C1614FF40031016200214162FDF747
:1046E000E1FD08B1FCF727FD00BF1848E0638463D3
:1046F00000BF15487830164908604FF020604860C8
:104700004021134881600021C1604FF48061016144
:10471000002141618161C16101624162FDF7C2FD19
:1047200008B1FCF708FD00BF0948A063846300BF1F
:10473000002205214720FEF765F84720FEF74EF8D6
:1047400006B010BD0018024028640240840B00200F
:10475000E40B002070472DE9F84F04460E4617463B
:1047600099464FF0000A94F84100202850D106B134
:1047700017B90120BDE8F88F00206064212084F87B
:104780004100FDF7ABFF8246A784E784A068B0F53F
:10479000805F04D1206910B90025B04602E035469B
:1047A0004FF000081EE05346002280212046CDF83D
:1047B000009002F007F920B1202084F84100032086
:1047C000D8E745B9B8F80000C0F308002168486090
:1047D00008F1020803E02878216848606D1CE08C2D
:1047E000401EE084E08C0028DDD1534600224021A9
:1047F0002046CDF8009002F0E5F820B1202084F8A2
:1048000041000320B6E7202084F841000020B1E7F2
:104810000220AFE7F7B50446154694F8410020287A
:1048200036D1019800B10DB90120FEBD019820627A
:10483000A584E58400206064212084F841001548A7
:10484000A16BC8631448A16B08641448A16BC864C9
:104850000020A16B086501AE23681A1D31682B4644
:10486000A06BFDF7C8FD6FF040002168086000BF35
:1048700000BF2168143151E8001F41F08000216819
:10488000143141E80002002AF3D100BF0020CCE738
:104890000220CAE7BD640008156500086D640008C1
:1048A0007047704700BFFEE730B50B46002100BFE0
:1048B00016E00A24B4EB107F05D9302404EB107401
:1048C00003F8114005E0412404EB10740A3C03F89E
:1048D0001140000100254C00641C1D554C1CE1B228
:1048E0009142E6DB30BD000030B599B0044660224D
:1048F0006D4901A8FBF765FE00201FE001A901EB4F
:10490000001191ED000A04EB800181ED000A01A97C
:1049100001EB001191ED010A04F1180101EB800196
:1049200081ED000A01A901EB001191ED020A04F1E9
:10493000300101EB800181ED000A401C0628DDDB1F
:10494000002517E04020FBF72AFD04F17C0141F827
:10495000250051F825004021FBF787FE04F17C017A
:1049600051F82530303901EBC50004221146FBF720
:1049700011FD6D1C062DE5DB002517E04020FBF73F
:104980000EFD04F1EC0141F8250051F8250040210D
:10499000FBF76BFE04F1EC0151F82530103901EB07
:1049A000C50004221146FBF7F5FC6D1C022DE5DB6A
:1049B0002420FBF7F4FC44F8A80F24212068FBF71F
:1049C00054FE54F8A8390322114604F1A000FBF765
:1049D000E1FC2420FBF7E3FC44F8B40F2421206819
:1049E000FBF743FE54F8B4390322114604F1AC003E
:1049F000FBF7D0FC2420FBF7D2FC44F8C00F2421A5
:104A00002068FBF732FE54F8C0390322114604F146
:104A1000B800FBF7BFFC2420FBF7C1FC44F89C0F57
:104A200024212068FBF721FE54F89C39032211460B
:104A300004F19400FBF7AEFC2420FBF7B0FC44F833
:104A4000FC0F24212068FBF710FE54F8FC390322E8
:104A5000114604F1F400FBF79DFC0C20FBF79FFCD2
:104A600044F8CC0F0021206801604160816054F857
:104A7000CC390122032104F1C400FBF78BFC0C208C
:104A8000FBF78DFC44F8D80F0021206801604160DD
:104A9000816054F8D8390122032104F1D000FBF7DA
:104AA00079FC19B030BD0000801E010810B50E4819
:104AB0000E4908600320486000210C488160C160F5
:104AC0004FF4102101614FF4001141610021017682
:104AD00041768176C17601774177FCF787FE08B190
:104AE000FCF729FB10BD00000064004034070020E3
:104AF00010B50E480E4908600320486000210C489C
:104B00008160C1604FF4102101614FF400114161D7
:104B10000021017641768176C17601774177FCF7F5
:104B200065FE08B1FCF707FB10BD000000680040FF
:104B30005C07002008B500BF002000902E480068E8
:104B400040F400102C4908600846006800F400108A
:104B5000009000BF00BF00BF002000900846006822
:104B600040F4800008600846006800F4800000906F
:104B700000BF00BF002205210C20FDF743FE0C20E2
:104B8000FDF72CFE002205210E20FDF73BFE0E2036
:104B9000FDF724FE002205211020FDF733FE102032
:104BA000FDF71CFE002205211120FDF72BFE112030
:104BB000FDF714FE002205213920FDF723FE3920E0
:104BC000FDF70CFE002205213A20FDF71BFE3A20DE
:104BD000FDF704FE002205214520FDF713FE4520C8
:104BE000FDF7FCFD002205214620FDF70BFE4620C7
:104BF000FDF7F4FD08BD00003038024000B5ABB051
:104C00001C22244924A8FBF7DCFC002124A80AF07C
:104C1000A5F9214908601C221E491C311DA8FBF77B
:104C2000D0FC00211DA80AF099F91C4908601C223B
:104C30001849383116A8FBF7C4FC002116A80AF061
:104C40008DF9174908601C22124954310FA8FBF74F
:104C5000B8FC00210FA80AF081F9124908601C2253
:104C60000C49703108A8FBF7ACFC002108A80AF039
:104C700075F90C4908601C2206498C3101A8FBF724
:104C8000A0FC002101A80AF069F9074908602BB0CF
:104C900000BD0000A41C010800000020040000204A
:104CA0000C000020100000201C00002000B587B080
:104CB000142102A8FBF7D9FC00BF00200190634833
:104CC000006840F04000614908600846006800F054
:104CD0004000019000BF00BF00BF002001900846C7
:104CE000006840F0040008600846006800F0040016
:104CF000019000BF00BF00BF00200190084600687F
:104D000040F0010008600846006800F001000190D2
:104D100000BF00BF00BF002001900846006840F0BF
:104D2000020008600846006800F00200019000BF21
:104D300000BF00BF002001900846006840F0080056
:104D400008600846006800F00800019000BF00BF3E
:104D500000BF002001900846006840F08000086015
:104D60000846006800F08000019000BF00BF00BF4F
:104D7000002001900846006840F0200008600846C6
:104D8000006800F02000019000BF00BF00BF0020BD
:104D900001900846006840F010000860084600686E
:104DA00000F01000019000BF00BF0122042128483C
:104DB000FDF78EFC002210212548FDF789FC00221A
:104DC0004FF488612348FDF783FC00224FF48041B3
:104DD0002148FDF77DFC14200290012003900490EF
:104DE0000220059002A91A48FDF762FB40200290BC
:104DF0000120039000200490059002A91548FDF7BA
:104E000057FB4FF480600290012003900490022031
:104E1000059002A90F48FDF74BFB0C2002900020E3
:104E200003900120049002A90C48FDF741FB4FF4C8
:104E30008040029001200390022004900020059001
:104E400002A90548FDF734FB07B000BD3038024029
:104E5000001C02400014024000100240000002400A
:104E600010B50E480E4908604FF48270486000216A
:104E70000B488160C160016141614FF40071816143
:104E80003021C16100210162416281620A21C16257
:104E9000FEF76AFF08B1FCF74EF910BD0050014063
:104EA0008407002010B50B480B4908604FF4E1302F
:104EB0004860002108488160C16001610C214161A6
:104EC00000218161C161FFF787F908B1FCF733F96F
:104ED00010BD000000500040DC07002010B50B485A
:104EE0000B4908604FF4E1304860002108488160B8
:104EF000C16001610C21416100218161C161FFF745
:104F00006BF908B1FCF717F910BD000000780040FC
:104F10002408002010B50B480B4908604FF46120AD
:104F20004860002108488160C16001610C21416135
:104F300000218161C161FFF74FF908B1FCF7FBF86F
:104F400010BD0000001001406C08002010B50B4897
:104F50000B4908604FF461204860002108488160D7
:104F6000C16001610C21416100218161C161FFF7D4
:104F700033F908B1FCF7DFF810BD00000044004031
:104F8000B408002010B50B480B4908604FF4E1301D
:104F90004860002108488160C16001610C214161C5
:104FA00000218161C161FFF717F908B1FCF7C3F86F
:104FB00010BD000000140140FC08002010B50022C4
:104FC0000D490E4802F0B1FC08B1FCF7B4F80C49E9
:104FD0000A4802F0E3FF08B1FCF7ADF809490748B9
:104FE00002F0DAF808B1FCF7A6F8044803F0D8F8A4
:104FF00008B1FCF7A0F810BDEC030020DC6D002028
:10500000600400203C04002000BFFEE700BFFEE774
:1050100010B52DED028B0446B0EE408AF0EE608AAA
:10502000D4F8060090ED010A8A4880ED000A0020BD
:105030001DE054F8062F411C02EB810191ED000A9E
:105040008449D1ED000A30EE600A216801EB80014D
:1050500081ED000A6268411C02EB810191ED000ABA
:10506000A41F02EB800181ED000A411C88B2218857
:10507000491E8142DDDCD4F806102088801E01EB39
:10508000800090ED000A30EE080A2088401E01EBF7
:10509000800080ED000AD4F80A102088401E01EB41
:1050A0008000C0ED008AD4F802002188884204D232
:1050B000D4F80200401CC4F80200102104F11A00C8
:1050C000FBF7B1FA21886288891A88B24AE054F85D
:1050D000061F01EB8001D1ED000A216801EB800180
:1050E00091ED001A616900EE101A00EE810A10EECF
:1050F000101A616154F8061901EB8001D1ED000A24
:10510000D4F81E1000EE101A30EE800A10EE101ABD
:10511000C4F81E10D4F8061001EB8001D1ED000A8E
:10512000D4F80A1001EB800191ED001AD4F8221096
:1051300000EE101A00EE810A10EE101AC4F82210C8
:10514000D4F80A1001EB8001D1ED000AD4F8261042
:1051500000EE101A30EE800A10EE101AC4F8261075
:10516000411C88B221888142B1DCD4F8220000EED3
:10517000100A208800EE900AF8EE600A20EE200A5D
:10518000D4F81E0000EE900AD4F8260001EE100AB2
:1051900000EEC10AD4F81A0000EE900A208801EE51
:1051A000100AB8EE411A20EE811AD4F81E0000EE63
:1051B000900A01EE900A00EEE11AC0EE010A10EE2C
:1051C000900AC4F80E009FED240A10EE100AC4F8ED
:1051D000160021886288891A88B221E054F8061FD7
:1051E00001EB800191ED001AE16800EE101AA16850
:1051F00000EE901A00EE810A616801EB8001D1EDAA
:10520000000A30EE600AF0EEC00A216900EE101AC2
:1052100030EE800A10EE101A2161A41F411C88B2E2
:1052200021888142DADCD4F8160000EE100A2088CA
:1052300000EE900AB8EE601AC0EE010A10EE900A75
:10524000C4F81600D4F80E0000EE100ABDEC028B74
:1052500010BD0000E00300200000000070B504460F
:105260000D46A41C24F8025C00202060A800FBF777
:1052700096F86060A800FBF792F8A0609FED0C0A1A
:1052800010EE100AE0609FED0A0A10EE100A20618D
:10529000A9006068FBF7E9F9A900A068A41EFBF764
:1052A000E4F9102104F11A00FBF7BDF970BD00000C
:1052B0000000000010B50248FDF7C3FC10BD00005F
:1052C000B88200202DE9F04704460D46266837468F
:1052D000D6F8408007F5306000EB4510D0F8089014
:1052E000104880450BD909F40040B0F5004F06D1B5
:1052F0004FF4004107F5306000EB45108160204617
:10530000FEF75AF90748804508D9A079012805D148
:1053100004F29C420121206803F0F0FB0020BDE86C
:10532000F08700000A30544F2DE9F04705460C463F
:10533000D5F800904E46D9F840A006F5306000EB55
:105340004410D0F80880A879012855D108F0080049
:1053500008280FD1434882450BD908F40040B0F526
:10536000004F7BD14FF4004106F5306000EB441054
:10537000816073E008F02000202806D1202106F586
:10538000306000EB4410816068E008F028000028DD
:1053900064D1344882450CD908F40040B0F5004F80
:1053A00007D14FF4004106F5306000EB44108160F6
:1053B00054E004EBC40105F5157000EB810706F518
:1053C000306000EB4410396A0069C0F31200081A1B
:1053D000786164B9386930B905F29C4201212868C6
:1053E00003F08CFB03E07969F8680844F860E1B2E7
:1053F0002846FDF79DFA31E01B4882451BD108F491
:105400000040B0F5004F07D14FF4004106F5306081
:1054100000EB4410816021E008F02000202805D135
:10542000202106F5306000EB44108160E1B228468F
:10543000FDF77EFA12E06CB904EBC40105F51570B6
:1054400000EB8100006928B905F29C420021286820
:1054500003F054FBE1B22846FDF76AFA0020BDE8EC
:10546000F08700000A30544F0A31544F2DE9F84FAD
:1054700007460E46D7F80090C84606EBC60107F16E
:10548000140000EB8104D4E90410884202D9012001
:10549000BDE8F88FD4E90401451AA068A84200D2FB
:1054A000A568E81C4FEA900A17E0D4E90401451A00
:1054B000A068A84200D2A568E81C4FEA900AB87913
:1054C000ABB2F2B200904846E16803F0DFFFE0685B
:1054D0002844E06060692844606108F5106000EBD2
:1054E0004610806980B2504506D3D4E90410884242
:1054F00002D220690028D8D1D4E9040188420ED80C
:1055000006F00F01012000FA01FB40F6340050F8CC
:10551000080020EA0B0040F6340141F808000020A2
:10552000B6E710B52DED028B0446B0EE408AF0EEE2
:10553000608A94F8980000F0800010B1204609F0CD
:1055400081F804F18C00FBF79BFD10EE100AC4F803
:10555000900018EE100A206118EE900A2060206872
:1055600000EE100A206900EE900A30EE600A10EE9C
:10557000100AA061D4F8A20018B1D4F8A2102046F5
:105580008847A06900EE100AB5EEC00AF1EE10FAE5
:1055900003DDA06900EE100A04E0A06900EE100A25
:1055A000B1EE400AA06C00EE900AB4EEE00AF1EE13
:1055B00010FA7EDDD4F8940098BB606800EE100A03
:1055C000A06900EE900A20EE200A10EE100A606238
:1055D000A06800EE100AA06900EE900A60EE200AB2
:1055E000D4F8900000EE100A20EE800A10EE100AA7
:1055F0002063B4F86000022814DDA06900EE900A70
:10560000D4F8900000EE100A04F16200FFF700FDEC
:10561000E06800EE900A20EE200A10EE100AE06228
:105620007FE016E0A06900EE100AE06900EE900A43
:1056300070EE600AE06800EE100A20EE801AD4F8DE
:10564000900000EE100AC1EE000A10EE900AE0622F
:1056500067E0606800EE100AD4F89400006800EE7D
:10566000900A70EE200AA06900EE100A20EE800A6F
:1056700010EE100A6062A06800EE100AD4F89400E0
:10568000406800EE900A70EE200AA06900EE100A51
:1056900060EE800AD4F8900000EE100A20EE800A36
:1056A00010EE100A2063B4F8600002281CDDA06927
:1056B00000E08EE000EE900AD4F8900000EE100AB0
:1056C00004F16200FFF7A4FCE06800EE900AD4F851
:1056D0009400806801EE100A70EE810A20EE200A24
:1056E00010EE100AE0621CE0E06800EE100AD4F848
:1056F0009400806800EE900A30EE201AA06900EE57
:10570000100AE06900EE900A30EE600A21EE001AFD
:10571000D4F8900000EE100AC1EE000A10EE900AD4
:10572000E062D4F8A60018B1D4F8A6102046884745
:1057300094F8980000F0040010B1204608F0FFFF34
:1057400094F8980000F0200010B1204608F096FD73
:1057500094F8980000F0020010B1204608F031FEE5
:1057600094F8980000F0400010B1204608F0FEFDCB
:1057700094F8980000F0010010B1204608F09CFE5B
:10578000A06A00EE100A206B00EE900A30EE200AAC
:1057900010EE100AA062606A00EE100AA06A00EE25
:1057A000900A70EE200AE06A00EE100A30EE800ADD
:1057B00010EE100A606394F8980000F0100010B129
:1057C000204608F0F1FE204608F019FF204608F0B8
:1057D00093FF20696061606BA063E06AE063A06989
:1057E000E061206B2062606B00EE100ABDEC028B62
:1057F00010BD000010B52DED028B0446B0EE408ABE
:10580000F0EE608A94F8980000F0800010B1204615
:1058100008F018FF04F18C00FBF732FC10EE100AC0
:10582000C4F8900018EE100A206118EE900A20606B
:10583000206800EE900A206901EE100A70EEC10A9D
:10584000B0EE600A9FEDA31ADFEDA30A09F00EFA8D
:1058500010EE100AA061D4F8A20018B1D4F8A2107A
:1058600020468847A06900EE100AB5EEC00AF1EEA6
:1058700010FA03DDA06900EE100A04E0A06900EE52
:10588000100AB1EE400AA06C00EE900AB4EEE00AF5
:10589000F1EE10FA7EDDD4F8940098BB606800EE5B
:1058A000100AA06900EE900A20EE200A10EE100AFD
:1058B0006062A06800EE100AA06900EE900A60EE37
:1058C000200AD4F8900000EE100A20EE800A10EEB4
:1058D000100A2063B4F86000022814DDA06900EE0D
:1058E000900AD4F8900000EE100A04F16200FFF76D
:1058F0008FFBE06800EE900A20EE200A10EE100AFE
:10590000E0627FE016E0A06900EE100AE06900EEB8
:10591000900A70EE600AE06800EE100A20EE801A2D
:10592000D4F8900000EE100AC1EE000A10EE900AC2
:10593000E06267E0606800EE100AD4F89400006846
:1059400000EE900A70EE200AA06900EE100A20EE28
:10595000800A10EE100A6062A06800EE100AD4F807
:105960009400406800EE900A70EE200AA06900EEF4
:10597000100A60EE800AD4F8900000EE100A20EEC3
:10598000800A10EE100A2063B4F8600002281CDDC3
:10599000A06900E08EE000EE900AD4F8900000EEDE
:1059A000100A04F16200FFF733FBE06800EE900A92
:1059B000D4F89400806801EE100A70EE810A20EE9F
:1059C000200A10EE100AE0621CE0E06800EE100A07
:1059D000D4F89400806800EE900A30EE201AA06996
:1059E00000EE100AE06900EE900A30EE600A21EE47
:1059F000001AD4F8900000EE100AC1EE000A10EE72
:105A0000900AE062D4F8A60018B1D4F8A610204697
:105A1000884794F8980000F0040010B1204608F080
:105A20008EFE94F8980000F0200010B1204608F097
:105A300025FC94F8980000F0020010B1204608F010
:105A4000C0FC94F8980000F0400010B1204608F027
:105A50008DFC94F8980000F0010010B1204608F089
:105A60002BFDA06A00EE100A206B00EE900A30EECB
:105A7000200A10EE100AA062606A00EE100AA06A06
:105A800000EE900A70EE200AE06A00EE100A30EE96
:105A9000800A10EE100A606394F8980000F010007D
:105AA00010B1204608F080FD204608F0A8FD2046F1
:105AB00008F022FE20696061606BA063E06AE06329
:105AC000A069E061206B2062606B00EE100ABDEC03
:105AD000028B10BDDB0F4940DB0F49C070B52DEDC7
:105AE0000A8B0446B0EE408AF0EE608AB0EE419A2E
:105AF000F0EE619AB0EE42AAF0EE62AAB0EE43BABE
:105B0000F0EE63BAB0EE44CAF0EE64CA0D46164633
:105B100019EE100AA06418EE900A606418EE100ADC
:105B200020649FED1C0A10EE100A206019EE900A06
:105B300060601AEE100AA0601AEE900AE0609FED15
:105B4000150A10EE100A20631BEE100A20651BEEEA
:105B5000900A60651CEE100AA0651CEE900AE065D4
:105B6000A4F86050294604F16200FFF777FB00209B
:105B70008D3444F8010CE6720021E16021618D3C16
:105B8000A12001559FED030A10EE100A6063BDECE1
:105B90000A8B70BD0000000030B501460A4613783C
:105BA000521C147843EA042030BD0000F0EE400A95
:105BB000F5EEC00AF1EE10FA02DDB7EE000A70470A
:105BC000F5EEC00AF1EE10FA02D2BFEE000AF6E7D7
:105BD0009FED010AF3E7000000000000FFF7EEF977
:105BE00000BF012009F09CF9FBE710B5FCF77CFD34
:105BF0000AF068FC012801D00AF0BAFB10BD0000D1
:105C000000B593B0302107A8FAF72FFD142102A8A0
:105C1000FAF72BFD00BF002001902448006840F0F7
:105C20008050224908600846006800F080500190CA
:105C300000BF00BF00BF002001901D48006840F475
:105C400040401B4908600846006800F4404001904D
:105C500000BF00BF012007900004089002200D90B3
:105C600041050E9106210F91A82110910221119159
:105C70000721129107A8FDF729FE08B1FBF75BFA8F
:105C80000F20029002200390002004904FF4A050B7
:105C900005904FF480500690052102A8FDF7D6FC30
:105CA00008B1FBF748FA13B000BD000040380240CD
:105CB000007000400348006840F47000014908602B
:105CC0007047000088ED00E010B52DED108B88B016
:105CD0000446F0EE409A9FED7B0AB0EE408A9FEDBD
:105CE000790AF0EE408A9FED770AB0EE409A9FED78
:105CF000750AF0EE40FA9FED730A8DED070A9FEDED
:105D0000710AB0EE40FA9FED6F0A8DED060A94ED30
:105D1000070A30EE690A8DED060A94ED020AD4ED09
:105D2000000A20EE200A84ED010A94ED030AD4ED66
:105D3000010A20EE200AD4ED010A20EE200AB0EE7E
:105D4000408A94ED010AD4ED060A20EE200AF0EE16
:105D5000408A9DED060A30EE280AB0EE409A19EE10
:105D6000100A0BF0A9FDCDE900019DED000B03F039
:105D7000D0FB8DED020B9FED540B53EC102B9DEDE2
:105D8000020B51EC100B0AF0C1FF41EC1E0B18EE98
:105D9000100A0BF091FD53EC1E2BCDE904019DED93
:105DA000040B51EC100B0AF035FE41EC1C0B18EE05
:105DB000100A0BF081FD41EC1D0B53EC1C2B0AF07B
:105DC000A5FF41EC1B0BB0EE4B0AF0EE6B0A03F0A3
:105DD000AAFBB0EE40AAF0EE60AA51EC1A0B0AF052
:105DE000B7FC0FEE900AB0EE490AFFF7DFFE7FEE38
:105DF000C80A60EE200AB0EE001A80EE810A30EE8A
:105E0000280A8DED070AF0EE480AB0EE490A08F0BC
:105E1000BBFD78EE890A60EE202AF0EE480AB0EE6B
:105E2000490A08F0B1FDF7EE000A70EEC00A9DEDD8
:105E3000070A40EE202AB0EE62FA8FEE080AD4ED8F
:105E4000030AF1EE600A60EE202AF0EE480AB0EE96
:105E50004F0A08F099FD62EE802AB0EE4F0AFFF774
:105E6000A5FED4ED030A20EE203AF0EE480AB0EE8B
:105E70004F0A08F089FDF7EE000A30EEC00A43EE43
:105E8000402AC4ED042A94ED040A84ED050A94ED39
:105E9000060AD4ED000A94ED051A00EE810A84ED9D
:105EA000060A94ED070AD4ED000A94ED061A00EEF6
:105EB000810A84ED070A94ED060A08B0BDEC108B48
:105EC00010BD0000000000000000000000002040A5
:105ED00010B52DED108B88B00446B0EE408A9FEDD2
:105EE0009C0AF0EE408A9FED9A0AB0EE409A9FED30
:105EF000980AF0EE409A9FED960A8DED070A9FED05
:105F0000940A8DED060A9FED920AB0EE40FA9FEDDD
:105F1000900AF0EE40FA94ED070A30EE480AF0EEEF
:105F200040FA1FEE900A0BF0C7FC41EC1B0BB0EEE1
:105F30004B0AF0EE6B0A03F0ECFAB0EE40AAF0EE7A
:105F400060AA9FED840B53EC102B51EC1A0B0BF055
:105F50007CF81CD2B5EEC08AF1EE10FA06D29FEDA5
:105F60007F0A38EE000AB0EE408A0AE0B5EEC08A39
:105F7000F1EE10FA05DD9FED790A38EE400AB0EE39
:105F8000408A94ED070A30EE480AF0EE40FA94EDAC
:105F9000020AD4ED000A20EE200A84ED010A94EDF5
:105FA000030AD4ED010A20EE200AD4ED010A20EE06
:105FB000200AF0EE408A94ED010AD4ED060A20EEA4
:105FC000200AB0EE409A3FEE890AF0EE409A19EEB0
:105FD000900A0BF071FCCDE900019DED000B03F080
:105FE00098FAB0EE40EAF0EE60EA9FED5D0B53ECFC
:105FF000102B51EC1E0B0AF089FECDE9040118EEBE
:10600000900A0BF059FCCDE902019DED040B53EC15
:10601000102B9DED020B51EC100B0AF0FBFC41EC38
:106020001C0B18EE900A0BF047FC41EC1D0B53ECD7
:106030001C2B0AF06BFE41EC1B0BB0EE4B0AF0EE92
:106040006B0A03F070FAB0EE40AAF0EE60AA51ECD1
:106050001A0B0AF07DFB0790B0EE690AFFF7A6FD68
:10606000DDED070A70EEE80A60EE200AB0EE001AD5
:1060700080EE810A30EE090A8DED060AF0EE680A1C
:10608000B0EE690A08F080FC79EE290A60EE202A59
:10609000F0EE680AB0EE690A08F076FCF7EE000A46
:1060A00070EEC00A9DED060A40EE202AB0EE62FABC
:1060B0008FEE280AD4ED030AF1EE600A60EE202A82
:1060C000F0EE680AB0EE4F0A08F05EFC62EE802A3D
:1060D000B0EE4F0AFFF76AFDD4ED030A20EE203A36
:1060E000F0EE680AB0EE4F0A08F04EFCF7EE000A38
:1060F00030EEC00A43EE402AC4ED042A94ED040AAF
:1061000084ED050A94ED060AD4ED000A94ED051A13
:1061100000EE810A84ED060A94ED070AD4ED000A28
:1061200094ED061A00EE810A84ED070AD4ED070A01
:10613000B0EE600A9FED0C1ADFED0C0A08F096FD38
:1061400084ED070A94ED060A08B0BDEC108B10BD73
:106150000000000000000060FB210940DB0FC94087
:106160000000000000002040DB0F4940DB0F49C069
:1061700080ED030A80ED001AC0ED020A9FED052AAA
:1061800080ED052A9FED032A80ED062AC0ED071A4F
:10619000704700000000000080ED030A704780EDAA
:1061A000070A704710B52F4890F81E072D4991F83F
:1061B0001C1740EA01202C4908802C4890EDFA0A6F
:1061C000084680ED010A294890EDFB0A084680ED5B
:1061D000020A264890EDFC0A084680ED030A23488F
:1061E00090EDFD0A084680ED040A204890EDFE0A75
:1061F000084680ED050A1D4890EDFF0A084680ED2F
:10620000060A1848B0F82207488069201849087023
:10621000144890F81C074870124890F81E078870C0
:10622000104890F82007C8701248007808710821BB
:106230001148FCF745FA0E49487104210E48FCF755
:106240003FFA0B4988710D480078C8710C480078F6
:1062500008720C48007848720B48007888726520F4
:10626000C87410BD685C00204C5C0020FC5100200C
:10627000205C0020EC0000200000024039010020DA
:10628000ED00002038010020F800002038B56C48EF
:106290000068006800F01000102877D16848006896
:1062A000C06800F01000002870D000BF00200090EF
:1062B000634800680068009061480068406800908A
:1062C00000BF00BF5E48C06B00685E49884201D1D4
:1062D000202068E05A48C06B00685B49884201D1C1
:1062E000202060E05648C06B006856496031884203
:1062F00001D1202057E05248C06B006852496031FC
:10630000884201D120204EE04D48C06B00684D49C5
:106310001831884201D1C01445E04948C06B00687B
:1063200049491831884201D1C0143CE04448C06B4F
:10633000006844497831884201D1C01433E04048B4
:10634000C06B006840497831884201D1C0142AE00E
:106350003B48C06B00683B493031884202D14FF462
:10636000001020E03648C06B006837493031884261
:1063700002D14FF4001016E03148C06B006831497B
:106380009031884203D14FF400100CE056E02C48C5
:10639000C06B00682C499031884202D14FF4001044
:1063A00001E04FF0006004462548C06B006840687B
:1063B000C0F16400254908802148C06B006800686E
:1063C00020F001001E49C96B096808602049214876
:1063D00007F032FF1A48C06B00681B4948318842F9
:1063E00003D91948001F046018E01548C06B006805
:1063F0001449A831884203D91348083804600DE0D5
:106400000F48C06B00680F494831884203D90D48D6
:106410001038C46002E00B481038846064200849DA
:10642000C96B096848600648C06B0068006840F0A6
:1064300001000349C96B0968086000BF38BD00004E
:106440002408002010600240106402405401002023
:10645000016400208164002070B50546AC6B00200B
:10646000E085E0842046FDF742FD70BD70B506462C
:106470000025B46B20684069C0F3C01594F8410052
:10648000212805D125B10020E084204600F08FF8B6
:1064900020684069C0F3801594F84200222805D195
:1064A00025B10020E085204600F03BF8606C40F00C
:1064B000100060642046FDF71AFD70BD70B50546FA
:1064C000AC6B2868006800F48070F8B90020E084A4
:1064D00000BF00BF2168143151E8001F21F0800087
:1064E0002168143141E80002002AF3D100BF00BF47
:1064F00000BF21680C3151E8001F41F040002168C5
:106500000C3141E80002002AF3D102E02046FEF7F8
:10651000C7F970BD70B50446A56B2846FEF7C1F9F2
:1065200070BD00BF00BF02680C3252E8002F22F499
:10653000907102680C3242E80013002BF3D100BFC7
:1065400000BF00BF0268143252E8002F22F00101A0
:106550000268143242E80013002BF3D100BF016B34
:1065600001290ED100BF00BF02680C3252E8002F93
:1065700022F0100102680C3242E80013002BF3D124
:1065800000BF202180F8421000210163704710B540
:1065900004462068C06820F040002168C8602020C0
:1065A00084F841002046FEF77BF9002010BD00BFB3
:1065B00000BF02680C3252E8002F22F0C0010268CE
:1065C0000C3242E80013002BF3D100BF202180F8E9
:1065D000411070472DE9F04104460D46164600274C
:1065E00094F84270202F26D105B116B90120BDE8DC
:1065F000F08100BF94F84000012801D10220F6E7A5
:10660000012084F8400000BFA562A68500206064D8
:106610002268111D33462A46E06BFBF7B9FE20685D
:10662000406940F040002168486100BF002084F8C4
:10663000400000BFDBE70220D9E7F8B5044694F834
:106640004200222875D1A068B0F5805F0CD1206986
:1066500050B90025A66A20684068C0F30800308061
:10666000A06A801CA06215E0A56A0026A068B0F5AB
:10667000805F03D0A06828B9206918B920684068F5
:10668000287004E02068406800F07F002870A06A4D
:10669000401CA062E08D401E80B2E085002846D1FB
:1066A0002068C06820F020002168C8602068C068A9
:1066B00020F480702168C8602068406920F00100E3
:1066C00021684861202084F8420000206063206B2C
:1066D000012826D10020206300BF00BF21680C31B3
:1066E00051E8001F21F0100021680C3141E8000240
:1066F000002AF3D100BF2068006800F010001028C5
:106700000AD100BF00200090206800680090206837
:106710004068009000BF00BFA18D2046FDF7E6FB5A
:1067200002E02046FEF716F80020F8BD01E0002048
:10673000FBE70220F9E700002DE9F84F0446206846
:10674000006920F44050E16808432168086121692C
:10675000A068084361690843E16908430090206824
:10676000C06849F20C618843009908432168C860F9
:106770002068406920F44070A1690843216848619D
:1067800076492068884203D075492068884203D141
:10679000FDF734F8814602E0FDF720F88146E06914
:1067A000B0F5004F6CD102206168A0FB0150034698
:1067B0001920A9FB007001462A463846F9F745FE24
:1067C0006421B0FBF1F04FEA001A02206168A0FBDF
:1067D00001510B461920A9FB00712A463846F9F7EA
:1067E00034FE834602206168A0FB01500346192055
:1067F000A9FB00712A463846F9F727FE6421B0FB51
:10680000F1F000EBC00101EB0010ABEB8000322196
:1068100001EBC0006421B0FBF1F000F0F8000AEBDE
:10682000400A02206168A0FB015003461920A9FB21
:10683000007001462A463846F9F707FE83460220D3
:106840006168A0FB015003461920A9FB00712A468C
:106850003846F9F7FAFD6421B0FBF1F000EBC00116
:1068600001EB0010ABEB8000322101EBC000642192
:10687000B0FBF1F000F007005044216888606AE046
:1068800004206168A0FB015003461920A9FB007099
:1068900001462A463846F9F7D8FD82460420616849
:1068A000A0FB015003461920A9FB007001462A46AF
:1068B0003846F9F7CAFD6421B0FBF1F000EBC001E6
:1068C00001EB0010AAEB8000322101EB00106421E3
:1068D000B0FBF1F000F0F00A04206168A0FB017049
:1068E00003461920A9FB00513A462846F9F7ADFDA9
:1068F0006421B0FBF1F00AEB001A04206168A0FBF0
:1069000001510B461920A9FB00712A463846F9F7B8
:106910009CFD834604206168A0FB015003461920BA
:10692000A9FB007001462A463846F9F78EFD64211E
:10693000B0FBF1F000EBC00101EB0010ABEB80000D
:10694000322101EB00106421B0FBF1F000F00F00E8
:10695000504421688860BDE8F88F000000100140B5
:1069600000140140014691F84100212828D188688F
:10697000B0F5805F0BD1086948B90A6A1088C0F386
:1069800008000B685860086A801C086205E00B6A02
:10699000581C086218780B685860C88C401E80B27A
:1069A000C88458B90868C06820F080000B68D860B7
:1069B0000868C06840F040000B68D860002070474D
:1069C0000220FCE72DE9F84304460D461746984699
:1069D000089E31E0701C70B3FBF780FEA0EB08004E
:1069E000B04200D816B90320BDE8F8832068C0681B
:1069F00000F00400F8B1802D1ED0402D1CD020687E
:106A00000068C0F3C000B0B100BF00200090206853
:106A10000068009020684068009000BF00BF2046DA
:106A2000FFF77FFD0820606400BF002084F840006D
:106A300000BF0120D8E7FFE7206800682840A8428F
:106A400001D1012000E00020B842C3D00020CBE7F4
:106A500010B50248FDF74CFA10BD00006C0800208C
:106A600008B540480068006800F0200060B100BF31
:106A7000002000903B48006800680090394800689A
:106A80004068009000BF69E03748006800F01000DF
:106A9000002863D000BF00200090324800680068E2
:106AA0000090304800684068009000BF00BF2F4849
:106AB0000068006800F4002048BB2C4800680068AB
:106AC00020F00100294909680860284800684068EA
:106AD000C0F12A00264908802A2024490968486014
:106AE00022480068006840F40020204909680860D6
:106AF0001E480068006840F001001C4909680860F1
:106B00001B4802881B491C4807F081FE26E01748F5
:106B10000068006820F00100144909680860134803
:106B200000684068C0F12A00114908802A200F49F6
:106B3000096848601148806A20F400200F49886283
:106B40000A480068006840F00100084909680860C8
:106B5000074802880A49084807F059FE0148FDF72E
:106B6000C7F908BDB408002000440040C40A002052
:106B700086010020F4640020F468002000600240D8
:106B8000F466002008B53F48006800F010000028B7
:106B900073D000BF002000903B4800680068009060
:106BA000394800684068009000BF00BF3648C06B9D
:106BB0000068006800F4002078BB3348C06B0068B0
:106BC000006820F001003049C96B096808604FF483
:106BD00000702D49C96B096848602B48C06B00687C
:106BE000006840F400202849C96B096808602648FD
:106BF000C06B0068006840F001002349C96B096858
:106C000008600821214809F0C7FAB0B320481F499D
:106C10000A680260496841602FE0FFE71A48C06BCC
:106C20000068006820F001001749C96B0968086016
:106C30004FF400701449C96B096848601248C06B72
:106C40000068006820F400200F49C96B09680860DB
:106C50000D48C06B0068006840F001000A49C96B2C
:106C60000968086008210B4809F096FA28B108491C
:106C7000084802680A60406848600348FDF738F930
:106C800008BD000000140140FC08002098490020C5
:106C9000E2000020984B00202DE9F04104460D460B
:106CA000D4F8C87204F53070D4F8D41250F821002A
:106CB00010B90320BDE8F08104F53070D4F8D41287
:106CC00050F8216005F00F0000EB800104F1140082
:106CD00000EB8100406838B305F00F0000EB800145
:106CE00004F1140000EB8100416805F00F0000EB97
:106CF000C00207F1140000EB82008068B1FBF0F2E3
:106D000000FB121080B9002105F00F0000EB80029B
:106D100004F1140000EB8200416000231A4629466A
:106D2000204601F008F917E00020C6F8140204F527
:106D30003170D4F8D41250F82100006960B1D6F84F
:106D4000080204F53171D4F8D42251F822102A46F1
:106D50000B6906F5047198470020ABE770B504464F
:106D60000E4604F53070D4F8D41250F82150D4F8FF
:106D7000D41250F8210008B9032070BD31462046D6
:106D800000F031FFC5F80C02D5F8040204F53171AA
:106D9000D4F8D43251F82310CA6805F5037190472E
:106DA0000020EAE770B504460D46304801782046D9
:106DB00000F0EBFD00212D48007800F00F0000EB03
:106DC000800204F1140000EB82000182284801785F
:106DD000204600F0DAFD00212548007800F00F0081
:106DE00000EB800204F5AA7000EB820001822148CA
:106DF0000178204600F0C9FD00211E48007800F00F
:106E00000F0000EB800204F1140000EB820001820D
:106E10001848007800F00F0000EB800204F1140025
:106E200000EB8200418204F53070D4F8D41250F89F
:106E30002100C8B104F53171D4F8D42251F82210E0
:106E40004868804704F53071D4F8D42251F8220004
:106E500001F09AFB002104F53070D4F8D42240F8F8
:106E600022100020C4F8BC02002070BDDB0400200A
:106E7000DC040020DD04002070B5044604F5307009
:106E8000D4F8D41250F821500DB9032070BD04F588
:106E90003170D4F8D41250F8210098B195F800025E
:106EA000FF280FD095F8012295F8000204F5317102
:106EB000D4F8D46251F826108B6829469847FF20F1
:106EC00085F800020020E1E701460A200880014819
:106ED00070470000540400202DE9F041044682214F
:106EE0000D4800F06EFC054601210B4800F069FCDE
:106EF00006468121084800F064FC07460DB11020C9
:106F0000A8710EB14020B0800FB14020B88043205E
:106F100020800148BDE8F081980400202DE9F0416F
:106F2000044682210E4800F04CFC054601210C4825
:106F300000F047FC06468121094800F042FC074664
:106F40000DB11020A87116B14FF40070B08017B1C8
:106F50004FF40070B880432020800148BDE8F081E4
:106F6000980400202DE9F041044682210D4800F0EC
:106F700028FC054601210B4800F023FC0646812130
:106F8000084800F01EFC07460DB11020A8710EB194
:106F90004020B0800FB14020B880432020800148BD
:106FA000BDE8F0819804002070B504460E464FF409
:106FB000077001F0EBFA054645B9002104F5307081
:106FC000D4F8D42240F82210022070BD4FF407718B
:106FD0002846F9F74AFB04F53070D4F8D41240F88B
:106FE0002150D4F8D41250F82100C4F8BC02207CFF
:106FF00098BB4FF40073022250480178204600F0FD
:1070000093FE01214D48007800F00F0000EB800254
:1070100004F1140000EB820001824B020222484876
:107020000178204600F080FE01214548007800F0FC
:107030000F0000EB800204F5AA7000EB82000182D1
:1070400010214048007800F00F0000EB800204F1AE
:10705000140000EB8200418232E0FFE7402302226D
:1070600036480178204600F05FFE01213348007861
:1070700000F00F0000EB800204F1140000EB82002E
:107080000182402302222E480178204600F04CFE67
:1070900001212B48007800F00F0000EB800204F57E
:1070A000AA7000EB8200018210212648007800F0CF
:1070B0000F0000EB800204F1140000EB820041821B
:1070C000082303221F480178204600F02DFE0121ED
:1070D0001C48007800F00F0000EB800204F114005F
:1070E00000EB820001820020C5F8040204F5317132
:1070F000D4F8D42251F82210086880470020C5F83F
:107100001402C5F81802D5F8040208B902205CE799
:10711000207C48B94FF40073094801782046D5F81F
:10712000042200F019FE07E04023054801782046BC
:10713000D5F8042200F010FE002046E7DB04002012
:10714000DC040020DD04002070B5044604F5307036
:10715000D4F8D41250F82150D4F8D41250F82100A9
:1071600008B9032070BD207C48B94FF4007309486A
:1071700001782046D5F8042200F0EEFD07E0402318
:10718000044801782046D5F8042200F0E5FD0020EF
:10719000E8E70000DC040020024609B9032070473C
:1071A00002F53170D2F8D43240F823100020F6E70F
:1071B00010B5024602F53070D2F8D44250F82430AF
:1071C0000BB9032010BDC3F804120020FAE730B554
:1071D00003460C4603F53070D3F8D45250F825100E
:1071E00009B9032030BDC1F80842C1F810220020BF
:1071F000F8E72DE9FC4105460C4605F53070D5F859
:10720000D41250F82160002001900090804616B9F9
:107210000320BDE8FC81207800F0600000283DD00C
:1072200020287CD1E08868B3207800F08000B8B1D5
:10723000E288607805F53171D5F8D4C251F82C1088
:107240008B6831469847E088072801D9072000E07D
:10725000E08807463A463146284600F0E2F81CE04E
:10726000607886F80002E088402801D2E08800E0DB
:10727000402086F8010296F801223146284600F0A7
:10728000AFF80AE0607805F53171D5F8D42251F8ED
:10729000221000228B682146984747E0607830B181
:1072A000012832D00A2813D00B282FD121E095F8DD
:1072B0009C02032805D102226946284600F0B1F855
:1072C00005E02146284600F07FF84FF0030824E04F
:1072D00095F89C02032805D1012201A9284600F057
:1072E000A0F805E02146284600F06EF84FF00308AC
:1072F00013E095F89C02032805D02146284600F0AB
:1073000063F84FF0030808E009E006E0214628464C
:1073100000F05AF84FF0030800BF00BF06E0214616
:10732000284600F051F84FF0030800BF00BF404668
:107330006FE770B504460D460026D4F8B80229461A
:1073400042682046904700B10326304670BD70B5B4
:1073500004460D4694F89C02012804D0022803D06C
:1073600003280CD101E000BF00BF6888012805D1C7
:107370000020C4F8A402204600F064F804E0294686
:10738000204600F021F800BF00BF70BD024600207B
:10739000704702460020704770B506460C461546F9
:1073A0002B4622460021304600F0D6FC002070BD5E
:1073B00070B506460C4615462B462246002130463F
:1073C00000F0B9FD002070BD70B504460D46802167
:1073D000204600F080FD0021204600F07CFD70BDBD
:1073E00070B504460E4615460320C4F894024FF4C7
:1073F000AC700551001D05512B4632460021204638
:1074000000F0AAFC002070BD10B504460520C4F8A9
:10741000940200231A461946204600F09DFC0020E5
:1074200010BD70B504460E4615460220C4F89402FD
:10743000A561E5612B4632460021204600F07BFD28
:10744000002070BD10B504460420C4F89402002347
:107450001A461946204600F06EFD002010BD0000BF
:1074600070B505460C462DB92246064906A000F027
:1074700012FA04E02246034903A000F00CFA014886
:1074800070BD0000B870002043444320436F6E6617
:10749000696700000246122008800148704700001A
:1074A0000804002070B505460C462DB92246064951
:1074B00006A000F0F0F904E02246034903A000F022
:1074C000EAF9014870BD0000B87000204344432031
:1074D000496E7465726661636500000002460420AF
:1074E00008800148704700001C04002070B5054664
:1074F0000C462246024903A000F0CDF9004870BDB9
:10750000B870002053544D6963726F656C65637485
:10751000726F6E696373000070B505460C462DB935
:107520002246064906A000F0B6F904E022460349C7
:1075300003A000F0B0F9014870BD0000B870002051
:1075400053544D3332205669727475616C20436F09
:107550006D506F727400000070B505460C461A201D
:107560002080F9F7EBFD014870BD000020040020E9
:1075700070B504460D46E888012804D02946204607
:10758000FFF722FF1EE094F89C02012804D0022895
:1075900003D0032810D109E000BF0020A060012221
:1075A00004F108012046FFF73CFF0AE00122211DFB
:1075B0002046FFF736FF04E029462046FFF704FF88
:1075C00000BF00BF70BDF8B504460E460020009015
:1075D0000027002570880012082875D2DFE800F027
:1075E000C7040C20C7C7A5B5207CD4F8B4120A681C
:1075F000694690470746C1E0207C40B9D4F8B802FC
:10760000816A6846884707460220787007E0D4F808
:10761000B802C16A68468847074602207870ADE024
:10762000B078062878D2DFE800F00316293C5063D2
:10763000D4F8B402406838B1207CD4F8B4124A6857
:1076400069469047074605E031462046FFF7BCFEF5
:10765000681CC5B267E0D4F8B402806838B1207CF9
:10766000D4F8B4128A6869469047074605E0314667
:107670002046FFF7A9FE681CC5B254E0D4F8B40256
:10768000C06838B1207CD4F8B412CA686946904703
:10769000074605E031462046FFF796FE681CC5B256
:1076A00041E0D4F8B402006938B1207CD4F8B412B7
:1076B0000A6969469047074605E031462046FFF7CC
:1076C00083FE681CC5B22EE051E0D4F8B4024069D4
:1076D00038B1207CD4F8B4124A696946904707460D
:1076E00005E031462046FFF76FFE681CC5B21AE080
:1076F000D4F8B402806940B1207CD4F8B4128A690D
:1077000069469047074606E006E031462046FFF707
:107710005BFE681CC5B206E031462046FFF754FE0A
:10772000681CC5B200BF00BF28E0207C30B9D4F887
:10773000B802416B68468847074605E03146204657
:10774000FFF742FE681CC5B218E0207C40B9D4F8AF
:10775000B802016B6846884707460720787005E045
:1077600031462046FFF730FE681CC5B206E03146C0
:107770002046FFF729FE681CC5B200BF00BF05B157
:10778000F8BDF088C0B1BDF8000080B1F088BDF848
:107790000010884202DDBDF8000000E0F088009093
:1077A000BDF8002039462046FFF73BFE07E0314692
:1077B0002046FFF709FE02E02046FFF743FE00BF28
:1077C000DEE72DE9F84105460F462C462E464FF0E0
:1077D000000870883178884218DD307800900FE01A
:1077E0006946204600F020F804466078052807D155
:1077F000A04698F80200B84200D106E04FF0000819
:107800007088BDF800108842EADC00BF4046BDE841
:10781000F881014600200A4602E0431CD8B2521CFF
:107820001378002BF9D1704710B5024610460B882B
:10783000047823440B800378981810BD70B5044673
:107840000D4694F89C02012804D0022803D0032896
:107850001AD101E000BF00BFE888022804D0294601
:107860002046FFF7B1FD14E00120E060D4F8A40247
:1078700018B1E06840F00200E060022204F10C015F
:107880002046FFF7CEFD04E029462046FFF79CFD89
:1078900000BF00BF70BD2DE9F04107460D46904680
:1078A00000240FB9BDE8F0813E463046FFF7B1FF36
:1078B000022101EB4000B0F5007F01D9080204E08D
:1078C0003046FFF7A6FF4000801CA8F8000098F89B
:1078D00000002855601CC4B203202855601CC4B2A7
:1078E00008E030782855761C601CC4B2002028556A
:1078F000601CC4B230780028F3D100BFD2E7014643
:10790000002031B1012906D0022906D0032908D16F
:1079100005E0002007E0032005E0012003E003204C
:1079200001E0032000BF00BF70472DE9F04104468D
:107930000D46164614B90320BDE8F0810020C4F8B6
:10794000B802C4F8C402C4F8D0020DB1C4F8B452ED
:10795000012084F89C022670204600F04DF907466D
:107960003846E9E72DE9F04104460D460026002798
:107970002946D4F8C802FBF748F806463046FFF718
:10798000BEFF07463846BDE8F0812DE9F0410446C8
:107990000D46002600272946D4F8C802FBF700F858
:1079A00006463046FFF7ABFF07463846BDE8F08194
:1079B0002DE9F04704460F469146002F56D104F1B9
:1079C0001405D4F89402022846D1D5E90201884270
:1079D0000FD9D5E90201401AA86049462046AA6895
:1079E000FFF7E6FC00231A461946204600F0B4F9DA
:1079F00032E0D5E90210884217D1E9686868884208
:107A000013D36868D4F8981288420ED20022114627
:107A10002046FFF7CDFC0020C4F8980200231A4648
:107A20001946204600F098F916E094F89C020328C5
:107A30000BD1D4F8B802C06838B10020C4F8D40221
:107A4000D4F8B802C168204688478021204600F05B
:107A500042FA2046FFF7D8FC94F8A00250B3204623
:107A600000F0C0FA002084F8A00223E047F0800173
:107A70002046FFF78BFC0646FF2E1BD0D6B994F8A4
:107A80009C02032816D104F52E7050F82600406998
:107A900080B1C4F8D46204F52E7050F8260039463F
:107AA0004269204690478046B8F1000F02D0404618
:107AB000BDE8F0870020FBE72DE9F04705460F46BB
:107AC00090464FF00009002F51D105F5AA76D5F860
:107AD000940203286FD1D6E90201884210D9D6E971
:107AE0000201401AB060D6E90201884201D2B068B2
:107AF00000E0F068024641462846FFF74DFC5AE098
:107B000095F8AA0200F01F0020B1012804D0022835
:107B100012D109E0002411E040F2AE20415D284678
:107B2000FFF737FC044609E040F2AE20415D2846ED
:107B3000FFF72CFC044601E0002400BF00BF94B90D
:107B400095F89C0203280ED105F52E7050F82400FC
:107B5000006940B1C5F8D44205F52E7050F82400F4
:107B60000169284688472846FFF76CFC23E007F0A8
:107B70007F012846FFF70AFC0446FF2C1BD0D4B92E
:107B800095F89C02032810D105F52E7050F82400BA
:107B9000806950B1C5F8D44205F52E7050F8240024
:107BA00039468269284690478146B9F1000F02D0D4
:107BB0004846BDE8F0870020FBE7014600207047FB
:107BC00070B504460025012084F89C02D4F8B80260
:107BD00038B12179D4F8B80242682046904700B104
:107BE0000325284670BD70B504460D462946D4F8D5
:107BF000C802FAF748FF70BD10B504462078002887
:107C00002AD11648C0F8E044C4F8C8024FF0A0409A
:107C1000124908600420087102211048C171002136
:107C200081710221417200218172C17201738173DD
:107C3000C173FBF77DFB08B1F9F77DFA8021074896
:107C4000FAF733FE402200210448FAF733FE80227F
:107C500001210248FAF72EFE002010BDB882002054
:107C600010B50246D2F8C83201F08000802809D150
:107C700001F07F0000EBC00403F1140000EB84006E
:107C8000807810BD01F07F0000EBC00403F5157093
:107C900000EB84008078F4E770B504460D4604F5E7
:107CA0002E70D4F8D41250F8210008B9032070BD0A
:107CB00094F89C02032811D104F52E70D4F8D41244
:107CC00050F82100006A48B104F52E70D4F8D4129F
:107CD00050F821002946026A204690470020E6E736
:107CE00070B504460D4604F52E70D4F8D41250F841
:107CF000210008B9032070BD94F89C02032811D11B
:107D000004F52E70D4F8D41250F82100406A48B11E
:107D100004F52E70D4F8D41250F821002946426A96
:107D2000204690470020E6E72DE9F04704460F463D
:107D300015461E464FF00008C1462B4632463946CE
:107D4000D4F8C802FAF7AAFE80464046FFF7D7FDEE
:107D500081464846BDE8F0872DE9F04704460D46C8
:107D600016461F464FF00008C1463B46324629469C
:107D7000D4F8C802FAF7D9FE80464046FFF7BFFDA7
:107D800081464846BDE8F08770B5044600250120CD
:107D900084F89C020020C4F894026060C4F8A40235
:107DA00084F8A002D4F8B80258B1D4F8B8024068F8
:107DB00038B12179D4F8B80242682046904700B122
:107DC00003254023002211462046FFF7ADFF012185
:107DD0004FF4B27001534021001F01514023002293
:107DE00080212046FFF7A0FF0121A18440212162CC
:107DF000284670BD014691F89C02042803D191F8F1
:107E00009D0281F89C020020704710B5044694F84A
:107E10009C0203280BD1D4F8B80240B1D4F8B802C0
:107E2000C06920B1D4F8B802C16920468847002053
:107E300010BD02461174002070472DE9F041044640
:107E40000D46002600272946D4F8C802FBF79AFB06
:107E500006463046FFF753FD07463846BDE8F08139
:107E600070B504460D46294604F2AA2000F07BF8BE
:107E70000120C4F894024FF42C70005BC4F89802FF
:107E800094F8AA0200F01F0020B1012809D00228AE
:107E900015D10DE004F2AA21204600F087F906462C
:107EA00016E004F2AA21204600F017FB06460FE078
:107EB00004F2AA21204600F0D0F9064608E094F822
:107EC000AA0200F08001204600F005F8064600BF37
:107ED00000BF304670BD2DE9F04104460D46002636
:107EE00000272946D4F8C802FAF742FE0646304673
:107EF000FFF705FD07463846BDE8F08170B504463A
:107F000000250026D4F8C802FBF75FFB054628468B
:107F1000FFF7F5FC0646304670BD014691F89C021D
:107F2000042803D091F89C0281F89D02042081F876
:107F30009C02002070472DE9F04704460D46164686
:107F40001F464FF00008C1463B4632462946D4F84A
:107F5000C802FAF752FE80464046FFF7D0FC814641
:107F60004846BDE8F08770B505460E463446207891
:107F70002870641C20786870641C2046FDF70CFE95
:107F80006880641C641C2046FDF706FEA880641C03
:107F9000641C2046FDF700FEE88070BD38B504463D
:107FA0000D46002000900DB9032038BDC4F8B8522A
:107FB00004F52E70D4F8D41250F82100C06A50B1E4
:107FC00004F52E70D4F8D42250F82200C16A684615
:107FD0008847C4F8D002D4F8D802401CC4F8D802AC
:107FE0000020E2E701460020704770B504460D46C8
:107FF000A88810BBE88800BB688880281DD2A878B4
:1080000000F07F0694F89C02032804D129462046FC
:10801000FFF7DAF915E084F89E6231462046FFF753
:108020000CFF2046FFF70EFA1EB1022084F89C02D6
:1080300007E0012084F89C0203E029462046FFF770
:10804000C3F970BD70B504460D460026D4F8B802D9
:1080500030B1D4F8B8022946026820469047064657
:10806000304670BD70B504460E460025B0783D49D7
:10807000087008460078012805D931462046FFF7E8
:10808000A3F9032070BD94F89C02022802D00328B3
:1080900059D11FE033480078C0B1324800786060A1
:1080A000304801782046FFF7CDFF05463DB1314607
:1080B0002046FFF789F9022084F89C0209E0204657
:1080C000FFF7C0F9032084F89C0202E02046FFF786
:1080D000B9F943E02348007870B9022084F89C0283
:1080E0002048007860601F4801782046FFF721F99A
:1080F0002046FFF7A7F925E01A4909786068884209
:108100001DD021792046FFF714F9164800786060E9
:10811000144801782046FFF795FF05465DB13146CA
:108120002046FFF751F921792046FFF702F9022096
:1081300084F89C0206E02046FFF784F902E020461E
:10814000FFF780F90AE031462046FFF73DF9054880
:1081500001782046FFF7EDF8032500BF00BF284651
:1081600090E700005004002070B505460C4660887A
:10817000012805D1C5F8A4022846FFF763F90EE0EF
:108180006088022807D1A088001285F8A00228463E
:10819000FFF758F903E021462846FFF715F970BDAF
:1081A00010B504462046FFF7A9FE10BD70B5044681
:1081B0000D460026287800F0600088B1202802D003
:1081C000402842D100E000BF04F52E70D4F8D4124C
:1081D00050F821002946826820469047064639E03B
:1081E00068780A282AD2DFE800F01A24291F290A11
:1081F0000529150F29462046FFF7E5F923E0294612
:108200002046FFF7F2FE1EE029462046FFF72AFF30
:10821000064618E029462046FFF7AAF913E029464A
:108220002046FFF70BFB0EE029462046FFF79CFF98
:1082300009E029462046FFF78AF804E0294620464F
:10824000FFF7C2F800BF00BF04E029462046FFF751
:10825000BBF800BF00BF304670BD2DE9F0470546B2
:108260000F464FF000093C79387800F06000F8B113
:10827000202802D040287DD100E000BF21462846BA
:10828000FFF784F80646FF2E11D086B9C5F8D462F0
:1082900005F52E7050F82600806840B105F52E7067
:1082A00050F826003946826828469047814610E1FA
:1082B000787800287AD001282FD003286ED195F83D
:1082C0009C02022802D0032820D110E054B1802C57
:1082D00008D021462846FFF7FEFD80212846FFF7FB
:1082E000FAFD03E039462846FFF76EF813E0788878
:1082F00040B93CB1802C05D0F88818B921462846F1
:10830000FFF7E9FD2846FFF79DF804E039462846C7
:10831000FFF75AF800BF00BFD4E095F89C0202288E
:1083200002D003283BD110E054B1802C08D0214664
:108330002846FFF7D0FD80212846FFF7CCFD03E05B
:1083400039462846FFF740F82EE0788820BB04F035
:108350007F0018B121462846FFF704FB2846FFF7A7
:1083600071F821462846FFF711F80646FF2E13D074
:1083700096B900E0A8E0C5F8D46205F52E7050F873
:108380002600806840B105F52E7050F82600394669
:10839000826828469047814606E007E08DE039462E
:1083A0002846FFF711F800BF00BF8BE095F89C024C
:1083B000022802D0032879D126E034B1802C04D0E1
:1083C00039462846FFF700F875E004F08000802861
:1083D00008D104F07F0000EB800105F1140000EBF0
:1083E000810007E004F07F0000EB800105F5AA7032
:1083F00000EB810080460020C8F8000002224146C0
:108400002846FFF70EF856E004F0800080280ED1D1
:1084100004F00F0000EB800105F1140000EB810077
:10842000008A98B939462846FEF7CEFF43E004F0AB
:108430000F0000EB800105F5AA7000EB8100008AB7
:1084400020B939462846FEF7BFFF34E004F080002B
:10845000802808D104F07F0000EB800105F11400B2
:1084600000EB810007E004F07F0000EB800105F5E0
:10847000AA7000EB810080460CB1802C03D1002053
:10848000C8F800000CE021462846FFF7E9FB20B1C0
:108490000120C8F8000003E008E00020C8F8000050
:1084A000022241462846FEF7BCFF04E03946284632
:1084B000FEF78AFF00BF00BF04E039462846FEF7FA
:1084C00083FF00BF00BF04E039462846FEF77CFF6B
:1084D00000BF00BF4846BDE8F0872DE9F0410546E2
:1084E0000E460027307800F0600030B1202802D01E
:1084F000402840D100E000BF00BF95F89C02012851
:1085000004D0022803D003282ED101E000BF00BF11
:108510003079012823D831792846FEF73AFF0446FE
:10852000FF2C14D09CB905F52E7050F824008068FB
:1085300058B1C5F8D44205F52E7050F824003146E4
:10854000826828469047074602E0032700E0032799
:10855000F08840B93FB92846FEF774FF03E0314682
:108560002846FEF731FF04E031462846FEF72CFF8F
:1085700000BF00BF04E031462846FEF725FF00BFDC
:1085800000BF3846BDE8F081704700000146014851
:10859000704700009C87002070B504460B462246B9
:1085A0001978587801282CD140F61C0080581D7885
:1085B00005F00F060125B540ADB2284340F61C0575
:1085C000A85002F5106000EB4110006800F4004074
:1085D000F0BB1889C0F30A001D7940EA854040EAE3
:1085E000815040F0805040F4004002F5106505EBEA
:1085F00041152D68284302F5106505EB41152860EB
:108600002DE040F61C0080581D7805F00F0601256E
:10861000B540144E06EA0545284340F61C05A8500F
:1086200002F5306000EB4110006800F4004078B9BA
:108630001889C0F30A001D7940EA854040F0805057
:1086400040F4004002F5306505EB41152D6800E06F
:1086500005E0284302F5306505EB41152860002050
:1086600070BD00000000FFFF01460A464FF4106095
:108670008058C30ADB024FF41060835040F60400B8
:10868000805840F4807340F6040083500020704707
:108690000FB470B504469DF81900012818D1A06BDD
:1086A00020F48030A063E0681B490840E060E06887
:1086B00020F44010E0609DF82000012803D1E0681C
:1086C00040F48010E060204600F028F8054613E0F2
:1086D000E06840F04000E060204600F01FF80546EA
:1086E0009DF81D0020B9A06B40F48030A06303E02A
:1086F000A06B20F48030A0639DF81600012807D1FC
:10870000A06840F00600A060A06840F02000A060D3
:10871000284670BC5DF814FBBFFFBDFF08B50146DD
:108720000020009000BF0098401C00900098B0F11D
:10873000706F01D9032008BD086900F000400028CF
:10874000F1D000200090086940F00100086100BFEE
:108750000098401C00900098B0F1706F01D9032080
:10876000E9E7086900F001000028F1D100BFE2E765
:1087700070B504460B46224619785878012848D12E
:1087800002F5106000EB4110006800F00040B0F10D
:10879000004F17D102F5106000EB4110006840F067
:1087A000006502F5106000EB4110056002F51060F5
:1087B00000EB4110006840F0804502F5106000EBCE
:1087C0004110056040F63C0080581D7805F00F060A
:1087D0000125B540ADB2A84340F63C05A85040F68F
:1087E0001C0080581D7805F00F060125B540ADB27C
:1087F000A84340F61C05A85002F5106000EB41109C
:1088000000682B4D284002F5106505EB41152860E6
:108810004BE002F5306000EB4110006800F00040D2
:10882000B0F1004F17D102F5306000EB4110006845
:1088300040F0006502F5306000EB4110056002F584
:10884000306000EB4110006840F0804502F5306078
:1088500000EB4110056040F63C0080581D7805F0A3
:108860000F060125B540134E06EA0545A84340F61C
:108870003C05A85040F61C008558187800F00F06FB
:108880000120B0400B4E06EA0040854340F61C0034
:10889000855002F5306000EB41100068064D28401D
:1088A00002F5306505EB41152860002070BD000021
:1088B000007833EC0000FFFF0078F3EF01460A4632
:1088C000D2F8000E20F00300C2F8000E40F60400BB
:1088D000805820F0020340F60400835000207047C7
:1088E00001460A46D2F8000E20F00300C2F8000E3E
:1088F00040F60400805840F0020340F60400835024
:10890000002070470FB4F0B5054600272E4600241E
:1089100005E0002105F5827040F82410641C0F2C3E
:10892000F7D39DF82200A0B940F60400805940F02A
:10893000020140F604008151A86B40F40010A863C6
:10894000A86B20F40020A863A86B20F48020A86303
:1089500007E0A86B20F40010A863A86B40F4002087
:10896000A8630020C6F8000E9DF81D0001280CD158
:108970009DF81B0020B90021284600F00AFD08E000
:108980000121284600F005FD03E00321284600F000
:1089900000FD1021284600F002FC00B10127284606
:1089A00000F0D5FB00B1012700214FF40160815197
:1089B000001D815140F61C00815100242EE006F577
:1089C000106000EB4410006800F00040B0F1004F70
:1089D00010D13CB94FF0006106F5106000EB441077
:1089E00001600DE04FF0904106F5106000EB44107F
:1089F000016005E0002106F5106000EB4410016005
:108A0000002106F5106000EB441001614FF67F3144
:108A100006F5106000EB44108160641C9DF818009E
:108A2000A042CCD800242EE006F5306000EB4410C4
:108A3000006800F00040B0F1004F10D13CB94FF099
:108A4000006106F5306000EB441001600DE04FF06E
:108A5000904106F5306000EB4410016005E0002114
:108A600006F5306000EB44100160002106F530602F
:108A700000EB441001614FF67F3106F5306000EBEA
:108A800044108160641C9DF81800A042CCD84FF4BB
:108A90000160805920F480714FF401608151002001
:108AA000A8616FF0804068619DF81A0018B9A86944
:108AB00040F01000A861A8690A490843A8619DF820
:108AC0001E0018B1A86940F00800A8619DF82200B6
:108AD000012803D1A86904490843A8613846F0BCBD
:108AE0005DF814FB00383C800400004001468868B3
:108AF00020F00100886000207047000070B5034638
:108B00000C4619461D6C1848854209D94FF430604F
:108B1000405800F00040B0F1004F01D1002070BD7E
:108B20000026C1F8106BD1F8100B40F40026C1F8F4
:108B3000106BD1F8100B40F01806C1F8106BD1F88B
:108B4000100B40F0C046C1F8106B012C09D1C1F8E0
:108B5000142B4FF43060405840F080264FF43060C2
:108B600046500020DBE700000A30544F30B5044681
:108B70000B4622461978587801281ED102F510605C
:108B800000EB4110006820F4001502F5106000EBC6
:108B9000411005601879032802D0187902282AD1DB
:108BA00002F5106000EB4110006840F0805502F5BE
:108BB000106000EB411005601DE002F5306000EB35
:108BC0004110006820F4001502F5306000EB411000
:108BD00005601879032802D0187902280BD102F514
:108BE000306000EB4110006840F0805502F53060C5
:108BF00000EB41100560002030BD30B504460B4647
:108C0000224619785878012821D102F5106000EB2E
:108C10004110006800F0004060B959B102F51060E1
:108C200000EB4110006820F0804502F5106000EB79
:108C30004110056002F5106000EB4110006840F43F
:108C4000001502F5106000EB4110056020E002F510
:108C5000306000EB4110006800F0004060B959B18D
:108C600002F5306000EB4110006820F0804502F50D
:108C7000306000EB4110056002F5306000EB411000
:108C8000006840F4001502F5306000EB411005600B
:108C9000002030BD2DE9F84381460E4690464D46F2
:108CA0003478707801287DD1306920BB05F51060DB
:108CB00000EB44100069E649084005F5106101EB3E
:108CC0004411086105F5106000EB4410006940F4A0
:108CD000002105F5106000EB4410016105F51060FE
:108CE00000EB44100069C10CC90405F5106000EBED
:108CF000441001616FE005F5106000EB441000695D
:108D0000C10CC90405F5106000EB4410016105F5C4
:108D1000106000EB44100069CD49084005F5106172
:108D200001EB4411086194B9B1683069884201D9F6
:108D3000B068306105F5106000EB4410006940F444
:108D4000002105F5106000EB4410016135E0B168C9
:108D500030690844401EB0FBF1F087B205F51060A1
:108D600000EB44100069BA49C94301EAC74108430E
:108D700005F5106101EB44110861307901281CD11F
:108D800005F5106000EB4410006920F0C04105F5C6
:108D9000106000EB4410016105F5106000EB441019
:108DA000006900E099E04FF0C04101EA47710843D3
:108DB00005F5106101EB4411086105F5106000EB49
:108DC000441000693169C1F31201084305F51061CF
:108DD00001EB44110861B8F1010F36D1F06928B1F7
:108DE00005F5106000EB4410F1694161307901280C
:108DF0001ED140F60800405900F4807060B905F5B6
:108E0000106000EB4410006840F0005105F5106060
:108E100000EB441001600BE005F5106000EB44101E
:108E2000006840F0805105F5106000EB44100160CF
:108E300005F5106000EB4410006840F0044105F5B2
:108E4000106000EB44100160FEE005F5106000EBDF
:108E50004410006840F0044105F5106000EB441038
:108E60000160307901280FD030690028ECD040F63D
:108E700034004059317801F00F020121914008433C
:108E800040F634014851DFE040F60800405900F454
:108E9000807060B905F5106000EB4410006840F088
:108EA000005105F5106000EB441001600BE005F582
:108EB000106000EB4410006840F0805105F5106030
:108EC00000EB44100160CDF80080308A83B2327824
:108ED0004846F16800F0DAFAB6E005F5306000EBDC
:108EE00044100069C10CC90405F5306000EB441062
:108EF000016105F5306000EB4410006954490840F9
:108F000005F5306101EB4411086104BB306908B11B
:108F1000B0683061B068306205F5306000EB441035
:108F20000069316AC1F31201084305F5306101EBB4
:108F30004411086105F5306000EB4410006940F40D
:108F4000002105F5306000EB4410016143E0306919
:108F5000D0B905F5306000EB44100069B168C1F389
:108F60001201084305F5306101EB4411086105F574
:108F7000306000EB4410006940F4002105F53060DA
:108F800000EB4410016126E0B16830690844401EDE
:108F9000B0FBF1F087B2B0687843306205F530601D
:108FA00000EB441000692A49C94301EAC74108435C
:108FB00005F5306101EB4411086105F5306000EB07
:108FC00044100069316AC1F31201084305F53061AC
:108FD00001EB44110861B8F1010F07D1F06828B125
:108FE00005F5306000EB4410F168416130790128EB
:108FF0001ED140F60800405900F4807060B905F5B4
:10900000306000EB4410006840F0005105F530601E
:1090100000EB441001600BE005F5306000EB4410FC
:10902000006840F0805105F5306000EB44100160AD
:1090300005F5306000EB4410006840F0044105F590
:10904000306000EB441001600020BDE8F8830000B0
:10905000FFFF07E078B503460024009400201A467D
:109060004C78012C35D10C7802F5106505EB4414D1
:10907000246804F00044B4F1004F60D10C7805EB93
:109080004414246844F000660C7805EB4414266010
:109090000C7805EB4414246844F080460C7805EB0A
:1090A0004414266000BF009C641C009442F21075BA
:1090B000009CAC4201D901200AE00C7802F5106551
:1090C00005EB4414246804F00044B4F1004FEAD0E6
:1090D00035E00C7802F5306505EB4414246804F0A3
:1090E0000044B4F1004F2AD10C7805EB44142468F5
:1090F00044F000660C7805EB441426600C7805EB10
:109100004414246844F080460C7805EB441426602F
:1091100000BF009C641C009442F21075009CAC429D
:1091200001D901200AE00C7802F5306505EB441402
:10913000246804F00044B4F1004FEAD000BF78BDC9
:109140000146886840F0010088600020704708B53B
:1091500001460020009000BF0098401C009000983D
:10916000B0F1706F01D9032008BD086900F000401C
:109170000028F1D0002000901020086100BF009866
:10918000401C00900098B0F1706F01D90320EBE70C
:10919000086900F010001028F1D00020E4E708B5BD
:1091A00002460020009000BF0098401C00900098EC
:1091B000B0F1706F01D9032008BD106900F00040C4
:1091C0000028F1D000200090202040EA811010619A
:1091D00000BF0098401C00900098B0F1706F01D95A
:1091E0000320E9E7106900F020002028F1D00020DA
:1091F000E2E710B501460B4640F60804E45804F0D7
:1092000006020AB9002006E0022A01D0062A01D18E
:10921000022000E00F2010BD0146486900F0010067
:10922000704701460B4640F61800C258001DC05852
:10923000024090B2704701460B4640F61800C258F3
:10924000001DC0580240100C704770B5024613460E
:109250004FF40166F45840F63406F55801F00F0655
:1092600025FA06F606F0010644EAC61403F5106670
:1092700006EB4116B66806EA040070BD10B502465A
:10928000134603F5306404EB4114A06840F614045F
:10929000E458204010BD014648698A691040704773
:1092A0002DE9F04104460D46274628464FEA920C28
:1092B00002F0030300210AE04FF4805858F80780B9
:1092C000C0F80080401C401C401C401C491C6145EB
:1092D000F2D39BB100214FF4805858F8076000BFCB
:1092E0004FEAC10826FA08F880F80080491C401CA3
:1092F000A3F101081FFA88F3002BF1D1BDE8F0813A
:1093000070B504460E460025E06820F0C040E060DD
:10931000012E10D1E06840F00050E06000BF0A204C
:10932000F9F7B2F80A352046FFF776FF012815D085
:10933000C82DF4D312E07EB9E06840F08040E060D0
:1093400000BF0A20F9F7A0F80A352046FFF764FFAE
:1093500020B1C82DF5D301E0012070BDC82D01D189
:109360000120FAE70020F8E710B502460B46114647
:10937000D1F8000820F4FE60C1F80008D1F8000818
:109380004FF4FE6404EA03142043C1F800080020EF
:1093900010BD02461346D3F800080843C3F800087E
:1093A0000020704730B503461446022C49D12D48A1
:1093B000814204D32C48814201D20F2245E02A4841
:1093C000814204D32948814201D20E223DE0274840
:1093D000814204D32648814201D20D2235E024483F
:1093E000814204D32348814201D20C222DE021483E
:1093F000814204D32048814201D20B2225E01E483D
:10940000814204D31D48814201D20A221DE01B483B
:10941000814204D31A48814201D2092215E018483A
:10942000814204D31748814201D208220DE0154839
:10943000814204D31448814201D2072205E006226A
:1094400003E00CB9092200E00922D86820F470502A
:10945000D860D8684FF4705505EA82252843D86053
:10946000002030BDC0ACD800C0E1E4000024F4000E
:1094700080730601A0491A01002D310140A44C015E
:1094800000366E0120ABA6010048E8012DE9F0434B
:1094900004460D461E46DDF81CC0A0462946BCF118
:1094A000000F12D1F01C870800230CE0D1F80090C7
:1094B00008F5805000EB0230C0F80090491C491CB0
:1094C000491C491C5B1CBB42F0D30020BDE8F08363
:1094D00000BFFEE702480068C0F3022070470000AA
:1094E0000CED00E010B5002804DB0A07130E054A56
:1094F000135406E00A07140E034A00F00F031B1F63
:10950000D45410BD00E400E018ED00E0EFF310804B
:1095100070472DED020B019820F0004001909DED69
:10952000000B02B0704700B52DED048BB0EE409AF1
:10953000F0EE609A83B051EC190B07F0B7FD41ECE7
:10954000180B18EE100A18EE901A8DED008B0028FB
:1095500018BF0120084320F00040C0F17F6000F1F7
:10956000E040C00F14D019EE101A19EE900A8DEDDC
:10957000009B002918BF0121084320F00040C0F1E2
:109580007F6000F1E040C00F04BF0120F7F7EFF863
:10959000B0EE480A03B0F0EE680ABDEC048B00BDE3
:1095A00080F31088704700BF704700BF704700000D
:1095B00070B52DED048B044604F5806090EDFA0A39
:1095C00004F61800D0ED010A30EE600A10EE101A11
:1095D000084608F071F941EC190BB0EE490AF0EEBB
:1095E000690AFFF796FFB0EE408AF0EE608A9FEDC1
:1095F000670B53EC102B51EC180B07F04BFB7DD293
:1096000004F5806090EDFB0A6248D0ED010A30EE6F
:10961000600A10EE101A084608F04EF941EC190BDA
:10962000B0EE490AF0EE690AFFF773FFB0EE408A28
:10963000F0EE608A9FED580B53EC102B51EC180B99
:1096400007F028FB5AD204F5806090EDFC0A5148DF
:10965000D0ED020A30EE600A10EE101A084608F04B
:109660002BF941EC190BB0EE490AF0EE690AFFF74D
:1096700050FFB0EE408AF0EE608A9FED470B53EC4E
:10968000102B51EC180B07F005FB78D204F5806025
:1096900090EDFD0A3F48D0ED030A30EE600A10EE6F
:1096A000101A084608F008F941EC190BB0EE490A07
:1096B000F0EE690AFFF72DFFB0EE408AF0EE608A07
:1096C0009FED370B53EC102B51EC180B07F0E2FA1F
:1096D00055D204F5806090EDFE0A2E48D0ED040AC4
:1096E00030EE600A10EE101A084608F0E5F841EC7A
:1096F000190BB0EE490AF0EE690A00E03FE0FFF70F
:1097000008FFB0EE408AF0EE608A9FED270B53EC25
:10971000102B51EC180B07F0BDFA30D204F5806025
:10972000D0EDFF0AB0EE600A9FED211ADFED210AAD
:1097300005F09CFA1748D0ED050A30EE600A10EEED
:10974000105A284608F0B8F841EC180BB0EE480A59
:10975000F0EE680AFFF7DDFEB0EE409AF0EE609A98
:109760009FED110B53EC102B51EC190B07F092FAF3
:1097700005D2B4F83207401CA4F8320702E00020FA
:10978000A4F83207BDEC048B70BD0000000000405F
:109790003333D33FB85B0020000000A09999B93F54
:1097A000000000A09999C93F000000403333C33F37
:1097B000DB0F4940DB0F49C070B5ADF5E76D0546DD
:1097C0000C4601221021FE48F8F782FF01220421F5
:1097D000FB48F8F77DFF0020FA490870FA49087045
:1097E0000120FA4908804FF47A7048800020888070
:1097F0004FF4FA61F548C1800120F44908814FF423
:109800007A71F2484181002181814FF4FA61C1816E
:109810000120EE4908824FF47A71EC484182002120
:1098200081824FF4FA61C1820120E84908854FF432
:109830007A71E6484185002181854FF4FA61C1853E
:109840000120E24908864FF47A71E0484186002100
:1098500081864FF4FA61C1860120DC4908874FF404
:109860007A71DA484187002181874FF4FA61C18714
:109870000120D64908834FF47A71D44841830121ED
:1098800081834FF47A71C1830120D04908844FF459
:109890007A71CE484184012181844FF47A71C18468
:1098A000012006F003F8CA49C1F818082022C94966
:1098B00007A8F6F786FEC74890F820008DF83C0010
:1098C000C448406A10901C220AA96846F6F779FE3F
:1098D000032007A90EC9F7F755F99FEDBF0AF7F75F
:1098E000B1FB0820BA4981F83007002081F8310720
:1098F000A1F832079FEDB90A01F5806080EDFA0A00
:109900009FEDB60A80EDFB0A9FEDB40A80EDFC0ADC
:109910009FEDB20A80EDFD0A9FEDB00A80EDFE0AD0
:109920009FEDAE0A80EDFF0A1E21AD48F6F77BFEE3
:109930000B2105F1140005F0A8F8082105F11E001F
:1099400005F0A3F8092105F13C0005F09EF804217B
:1099500005F1410005F099F8052105F1460005F0F3
:1099600094F89FEDA00A84EDE70A9FED9F0A84ED2D
:10997000E80A9FED9E0A84EDE90A9FED9D0A84EDB9
:10998000EA0A9FED9C0A84EDEB0A9FED9B0A84EDA9
:10999000EC0A9FED9A0A84EDED0AB8EE040A84ED14
:1099A000EE0A9FED970A84EDEF0A9FED960A84ED8B
:1099B000F00A9FED930A84EDF10A9FED920A84ED7F
:1099C000F20A002008E09FED850A04F1C40101EBD2
:1099D000800181ED000A401C0528F4DB8A48D0E9AB
:1099E00000318268CDF82C370DF5E66006C0002006
:1099F00005E00DF22C710A5C84490A54401C0928C8
:109A0000F7DB834890ED000ADFED820A30EE200A92
:109A10000DF5806080ED890A7D4890ED010ADFED4B
:109A20007E0A30EE200A0DF5806080ED8A0A7848C3
:109A300090ED020ADFED790A30EE200A0DF5806024
:109A400080ED8B0A724890ED030ADFED640A30EE78
:109A5000200A0DF5806080ED8C0A6D4890ED040AB7
:109A6000DFED6F0A30EE200A0DF5806080ED8D0A83
:109A7000674890ED050ADFED590A30EE200A0DF532
:109A8000806080ED8E0A624890ED000ADFED650A85
:109A900030EE200A0DF5806080ED8F0A5C4890ED75
:109AA000010ADFED610A30EE200A0DF2246080ED3C
:109AB000070A574890ED020ADFED5C0A30EE200AF3
:109AC0000DF2246080ED080A514890ED030ADFEDA5
:109AD000430A30EE200A0DF2246080ED090A4C485A
:109AE00090ED040ADFED520A30EE200A0DF22460F8
:109AF00080ED0A0A464890ED050ADFED380A30EE9F
:109B0000200A0DF2246080ED0B0A414890ED000A16
:109B1000DFED440A30EE200A0DF5806080ED950AF5
:109B20003B4890ED010AF7EE0C0A30EE200A0DF2E8
:109B3000246080ED0D0A364890ED020ADFED3D0A03
:109B400030EE200A0DF2246080ED0E0A304890EDD0
:109B5000030ADFED220A30EE200A0DF2246080EDC8
:109B60000F0A2B4890ED040ADFED310A30EE200A8F
:109B70000DF2246080ED100A254890ED050ADFED16
:109B8000170A30EE200A0DF2246080ED110A2048F9
:109B900090ED000ADFED230A30EE200A0DF580601B
:109BA00080ED9B0A1A4890ED010ADFED230A30EEA2
:109BB000200A0DF2246080ED130A15483EE00000F3
:109BC000001C0240ED0000207B010020EC5A002028
:109BD000FC4D00205C07002052499D390000000028
:109BE000D3640020C3F5C83FC3F5C8BFB072A8BE98
:109BF000894148C08B6CC73FDBF99EBFE17A1440B6
:109C0000DB0F4940DB0F49C06C1D0108D85500200F
:109C1000000100207D3F353FEC51383F0AD7233FFC
:109C20006666E63FC520B03E295CCF3FF6281C3F64
:109C30001F851B4052B81E3F6666A63F90ED020A84
:109C4000DFEDFE0A30EE200A0DF2246080ED140AEA
:109C5000FB4890ED030A5FED1F0A30EE200A0DF27B
:109C6000246080ED150AF64890ED040ADFEDF50A50
:109C700030EE200A0DF2246080ED160AF04890EDD7
:109C8000050A5FED2A0A30EE200A0DF2246080ED0D
:109C9000170AEB4890ED000A5FED1E0A30EE200A2D
:109CA0000DF5806080EDA10AE54890ED010ADFED39
:109CB000E60A30EE200A0DF2246080ED190AE04831
:109CC00090ED020ADFEDE00A30EE200A0DF224608A
:109CD00080ED1A0ADA4890ED030A5FED400A30EE93
:109CE000200A0DF2246080ED1B0AD54890ED040A8D
:109CF000DFEDD60A30EE200A0DF2246080ED1C0A5A
:109D0000CF4890ED050A5FED4B0A30EE200A0DF2C8
:109D1000246080ED1D0ACA4890ED000ADFEDCC0AF0
:109D200030EE200A0DF5806080EDA70AC44890ED62
:109D3000010ADFEDC80A30EE200A0DF2246080ED42
:109D40001F0ABF4890ED020ADFEDC20A30EE200A7A
:109D50000DF2246080ED200AB94890ED030A5FED12
:109D6000610A30EE200A0DF2246080ED210AB44829
:109D700090ED040ADFEDB80A30EE200A0DF22460FF
:109D800080ED220AAE4890ED050A5FED6C0A30EED8
:109D9000200A0DF2246080ED230AA94890ED000A04
:109DA000DFEDAE0A30EE200A0DF5806080EDAD0AE1
:109DB000A34890ED010ADFEDAA0A30EE200A0DF269
:109DC000246080ED250A9E4890ED020ADFEDA10A8D
:109DD00030EE200A0DF2246080ED260A984890EDBE
:109DE000030ADFEDA00A30EE200A0DF2246080EDB8
:109DF000270A934890ED040ADFED9B0A30EE200A13
:109E00000DF2246080ED280A8D4890ED050AFFEEE2
:109E1000000A30EE200A0DF2246080ED290A8848FD
:109E200090ED000ADFED8D0A30EE200A0DF580601E
:109E300080EDB30A824890ED010ADFED8C0A30EE26
:109E4000200A0DF2246080ED2B0A7D4890ED020A75
:109E5000DFED870A30EE200A0DF2246080ED2C0A37
:109E6000774890ED030ADFED7F0A30EE200A0DF20D
:109E7000246080ED2D0A724890ED040ADFED7A0A25
:109E800030EE200A0DF2246080ED2E0A6C4890ED31
:109E9000050AFFEE000A30EE200A0DF2246080ED84
:109EA0002F0A674890ED000ADFED6C0A30EE200AB9
:109EB0000DF5806080EDB90A614890ED010ADFED93
:109EC0006B0A30EE200A0DF2246080ED310A5C4806
:109ED00090ED020ADFED660A30EE200A0DF22460F2
:109EE00080ED320A564890ED030ADFED5E0A30EE4F
:109EF000200A0DF2246080ED330A514890ED040AE7
:109F0000DFED590A30EE200A0DF2246080ED340AAC
:109F10004B4890ED050AFFEE000A30EE200A0DF2E4
:109F2000246080ED350A464890ED000ADFED480ACE
:109F300030EE200A0DF5806080EDBF0A404890EDBC
:109F4000010ADFED4C0A30EE200A0DF2246080EDAC
:109F5000370A3B4890ED020ADFED3E0A30EE200A58
:109F60000DF2246080ED380A354890ED030ADFEDEC
:109F70003D0A30EE200A0DF2246080ED390A3048A7
:109F800090ED040ADFED380A30EE200A0DF224606D
:109F900080ED3A0A2A4890ED050AFFEE000A30EEFD
:109FA000200A0DF2246080ED3B0A254890ED000A5E
:109FB0005FEDE80A30EE200A0DF5806080EDC50AFD
:109FC0001F4890ED010ADFED2C0A30EE200A0DF259
:109FD000246080ED3D0A1A4890ED020ADFED270A61
:109FE00030EE200A0DF2246080ED3E0A144890ED18
:109FF000030ADFED230A30EE200A0DF2246080ED23
:10A000003F0A0F4890ED040A5FEDFB0A30EE200A8C
:10A010000DF2246080ED400A094890ED050ADFED5D
:10A02000180A30EE200A0DF2246080ED410A2C223D
:10A0300014492C38F6F7C5FA26E000003333333FD5
:10A04000000100201F853B408FC2753F33335340D2
:10A05000931824BFCDCC4C3E7B14AE3F14AE37C01A
:10A060008FC2753E1F852BBF1F856B3F7B142E3F14
:10A070009A99193ECDCCCC3ED7A3703F9A99193FFF
:10A0800000000000781D01080DF5806090ED9B0A2E
:10A09000FE4880ED000A4FF484720DF22461FC4802
:10A0A000F6F78FFA2C220DF5BF61FA48F6F744FA5D
:10A0B000F94890ED000ADFEDF90A30EE200A0DF5BF
:10A0C000806080ED420AF44890ED010ADFEDF40A69
:10A0D00030EE200A0DF5806080ED430AEE4890EDE9
:10A0E000020ADFEDF00A30EE200A0DF5806080ED07
:10A0F000440AE94890ED030A5FED1F0A30EE200A9A
:10A100000DF5806080ED450AE34890ED040ADFED2F
:10A11000E60A30EE200A0DF5806080ED460ADE4842
:10A1200090ED050A5FED2A0A30EE200A0DF58060F9
:10A1300080ED470AD84890ED000ADFEDDC0A30EEEA
:10A14000200A0DF5806080ED480AD34890ED010AA1
:10A15000DFEDD70A30EE200A0DF5A16080ED070A89
:10A16000CD4890ED020ADFEDD30A30EE200A0DF55E
:10A17000A16080ED080AC84890ED030A5FED400A2F
:10A1800030EE200A0DF5A16080ED090AC24890ED7D
:10A19000040ADFEDC90A30EE200A0DF5A16080ED5A
:10A1A0000A0ABD4890ED050A5FED4B0A30EE200A21
:10A1B0000DF5A16080ED0B0AB74890ED000ADFEDC8
:10A1C000BB0A30EE200A0DF5806080ED4E0AB248E1
:10A1D00090ED010AF7EE0C0A30EE200A0DF5A160B1
:10A1E00080ED0D0AAC4890ED020ADFEDB40A30EEC6
:10A1F000200A0DF5A16080ED0E0AA74890ED030A34
:10A200005FED610A30EE200A0DF5A16080ED0F0AC6
:10A21000A14890ED040ADFEDA80A30EE200A0DF502
:10A22000A16080ED100A9C4890ED050A5FED6C0A74
:10A2300030EE200A0DF5A16080ED110A964890EDF0
:10A24000000ADFED9A0A30EE200A0DF5806080EDFD
:10A25000540A914890ED010ADFED990A30EE200A88
:10A260000DF5A16080ED130A8B4890ED020A5FEDB9
:10A270008D0A30EE200A0DF5A16080ED140A8648A3
:10A2800090ED030A5FED820A30EE200A0DF5A16021
:10A2900080ED150A804890ED040A5FED960A30EED5
:10A2A000200A0DF5A16080ED160A7B4890ED050AA5
:10A2B0005FED8D0A30EE200A0DF5A16080ED170AE2
:10A2C000754890ED000ADFED7F0A30EE200A0DF5AB
:10A2D000806080ED5A0A704890ED010A5FEDA60A91
:10A2E00030EE200A0DF5A16080ED190A6A4890ED64
:10A2F000020A5FEDAB0A30EE200A0DF5A16080ED99
:10A300001A0A654890ED030A5FEDA30A30EE200AB1
:10A310000DF5A16080ED1B0A5F4890ED040A5FED2A
:10A32000B50A30EE200A0DF5A16080ED1C0A5A48EE
:10A3300090ED050A5FEDAE0A30EE200A0DF5A16042
:10A3400080ED1D0A544890ED000A5FEDBF0A30EE23
:10A35000200A0DF5806080ED600A4F4890ED010AFB
:10A36000DFED590A30EE200A0DF5A16080ED1F0ADD
:10A37000494890ED020A5FEDBF0A30EE200A0DF564
:10A38000A16080ED200A444890ED030A5FEDC40A05
:10A3900030EE200A0DF5A16080ED210A3E4890EDD7
:10A3A000040A5FEDD30A30EE200A0DF5A16080EDBE
:10A3B000220A394890ED050A5FEDCF0A30EE200AF7
:10A3C0000DF5A16080ED230A334890ED000ADFED22
:10A3D0003F0A30EE200A0DF5806080ED660A2E48B7
:10A3E00090ED010ADFED3A0A30EE200A0DF5A1608A
:10A3F00080ED250A284890ED020A5FEDE20A30EE72
:10A40000200A0DF5A16080ED260A234890ED030A8D
:10A41000DFED300A30EE200A0DF5A16080ED270A4D
:10A420001D4890ED040ADFED2C0A30EE200A0DF5F0
:10A43000A16080ED280A184890ED050ADFED270A93
:10A4400030EE200A0DF5A16080ED290A124890ED4A
:10A45000000ADFED230A30EE200A0DF5806080ED62
:10A460006C0A0D4890ED010ADFED190A30EE200A62
:10A470000DF5A16080ED2B0A074890ED020ADFED93
:10A48000190A30EE200A0DF5A1602DE0985A00203F
:10A49000FC4D0020CC530020000100207D3F353FC3
:10A4A000EC51383F0AD7233F6666E63F986E923FED
:10A4B000295CCF3FF6281C3F1F851B4052B81E3F2A
:10A4C0006666A63F8D978E3F85EB513F022BE7BF17
:10A4D000713D4A3FF6280CC07B142E409A99993F53
:10A4E0002B87F6BF0AD7233E80ED2C0AFE4890ED5D
:10A4F000030A5FED080A30EE200A0DF5A16080ED39
:10A500002D0AF94890ED040A5FED0D0A30EE200A9D
:10A510000DF5A16080ED2E0AF34890ED050A5FED80
:10A52000110A30EE200A0DF5A16080ED2F0AEE48E9
:10A5300090ED000A5FED160A30EE200A0DF58060FE
:10A5400080ED720AE84890ED010A5FED1F0A30EED7
:10A55000200A0DF5A16080ED310AE34890ED020A72
:10A560005FED200A30EE200A0DF5A16080ED320A81
:10A57000DD4890ED030A5FED290A30EE200A0DF563
:10A58000A16080ED330AD84890ED040A5FED2E0AF1
:10A5900030EE200A0DF5A16080ED340AD24890ED2E
:10A5A000050A5FED320A30EE200A0DF5A16080ED5C
:10A5B000350ACD4890ED000A5FED480A30EE200ADA
:10A5C0000DF5806080ED780AC74890ED010ADFED57
:10A5D000C70A30EE200A0DF5A16080ED370AC248A7
:10A5E00090ED020ADFEDC20A30EE200A0DF5A160FF
:10A5F00080ED380ABC4890ED030ADFEDBE0A30EE6C
:10A60000200A0DF5A16080ED390AB74890ED040AE3
:10A610005FED5B0A30EE200A0DF5A16080ED3A0A8D
:10A62000B14890ED050ADFEDB30A30EE200A0DF5D2
:10A63000A16080ED3B0A2822AF492838F5F7C1FF19
:10A640000DF5806090ED540AAC4880ED010AF022CF
:10A650000DF5A161AA48F5F7B4FF28220DF59C611C
:10A66000A848F5F769FFA04890ED000A5FED750A6C
:10A6700030EE200A0DF5806080ED140A9A4890EDC6
:10A68000010A5FED790A30EE200A0DF5806080ED59
:10A69000150A954890ED020A5FED7E0A30EE200A19
:10A6A0000DF5806080ED160A8F4890ED030ADFED0E
:10A6B000910A30EE200A0DF5806080ED170A8A4875
:10A6C00090ED040A5FED880A30EE200A0DF58060F7
:10A6D00080ED180A844890ED050ADFED8B0A30EE14
:10A6E000200A0DF5806080ED190A7F4890ED000A80
:10A6F0005FED920A30EE200A0DF5806080ED1A0AB7
:10A70000794890ED010A5FED960A30EE200A0DF5CA
:10A710008A6080ED070A744890ED020A5FED9B0A9B
:10A7200030EE200A0DF58A6080ED080A6E4890ED43
:10A73000030ADFED700A30EE200A0DF58A6080ED25
:10A74000090A694890ED040A5FEDA50A30EE200A77
:10A750000DF58A6080ED0A0A634890ED050ADFED89
:10A760006A0A30EE200A0DF58A6080ED0B0A5E4819
:10A7700090ED000A5FEDB30A30EE200A0DF580601F
:10A7800080ED200A584890ED010AF7EE0C0A30EEF1
:10A79000200A0DF58A6080ED0D0A534890ED020AFB
:10A7A0005FEDBA0A30EE200A0DF58A6080ED0E0AE0
:10A7B0004D4890ED030ADFED4F0A30EE200A0DF50B
:10A7C0008A6080ED0F0A484890ED040A5FEDC60AE2
:10A7D00030EE200A0DF58A6080ED100A424890EDB7
:10A7E000050ADFED490A30EE200A0DF58A6080ED9A
:10A7F000110A3D4890ED000A5FEDD40A30EE200AC0
:10A800000DF5806080ED260A374890ED010A5FED76
:10A81000D40A30EE200A0DF58A6080ED130A324822
:10A8200090ED020ADFED390A30EE200A0DF58A605C
:10A8300080ED140A2C4890ED030ADFED2E0A30EE6D
:10A84000200A0DF58A6080ED150A274890ED040A6C
:10A85000DFED2F0A30EE200A0DF58A6080ED160A32
:10A86000214890ED050ADFED280A30EE200A0DF5AB
:10A870008A6080ED170A1C4890ED000A5FEDF50A2A
:10A8800030EE200A0DF5806080ED2C0A164890ED20
:10A89000010ADFED200A30EE200A0DF58A6080ED16
:10A8A000190A114890ED020ADFED1A0A30EE200A6B
:10A8B0000DF58A6080ED1A0A0B4890ED030ADFED72
:10A8C0000D0A30EE200A0DF58A6080ED1B0A06485D
:10A8D00090ED040ADFED100A30EE200A0DF58A60D3
:10A8E00080ED1C0A004819E000010020AE47613FDE
:10A8F0008FC2F53D00000000A41D0108985A0020F9
:10A90000044F0020F853002085EB11BF3333333F51
:10A910001F853B408FC2753F3333534090ED050A8E
:10A920005FED0C0A30EE200A0DF58A6080ED1D0AFD
:10A93000FE4890ED000ADFEDFE0A30EE200A0DF52C
:10A94000806080ED320AF94890ED010ADFEDF90AE6
:10A9500030EE200A0DF58A6080ED1F0AF34890ED75
:10A96000020ADFEDF50A30EE200A0DF58A6080ED6F
:10A97000200AEE4890ED030A5FED220A30EE200A2D
:10A980000DF58A6080ED210AE84890ED040ADFEDBC
:10A99000EB0A30EE200A0DF58A6080ED220AE348CA
:10A9A00090ED050A5FED2D0A30EE200A0DF58A6064
:10A9B00080ED230A1822E2491838F5F702FE9022AA
:10A9C0000DF58A61DF48F5F7FCFD18220DF587616A
:10A9D000DD48F5F7B1FD0DF5806090ED260ADB4806
:10A9E00080ED020AD14890ED000ADFEDD90A30EE81
:10A9F000200A8DEDF60A90ED010ADFEDD60A30EE61
:10AA0000200A8DEDF70A90ED020ADFEDD30A30EE51
:10AA1000200A8DEDF80A90ED030ADFEDD00A30EE42
:10AA2000200A8DEDF90A90ED040AF0EE080A30EEE6
:10AA3000200A8DEDFA0A90ED050ADFEDC90A30EE25
:10AA4000200A8DEDFB0A90ED000ADFEDC10A30EE21
:10AA5000200A8DEDFC0A90ED010ADFEDC20A30EE0E
:10AA6000200A8DEDFD0A90ED020ADFEDBF0A30EEFF
:10AA7000200A8DEDFE0A90ED030ADFEDB80A30EEF4
:10AA8000200A8DEDFF0A90ED040ADFEDB80A30EEE2
:10AA9000200AF6A880ED0A0AA44890ED050ADFED29
:10AAA000B00A30EE200AF6A880ED0B0A9F4890ED20
:10AAB000000ADFEDA70A30EE200A0DF5806080ED78
:10AAC000020A9A4890ED010ADFEDA20A30EE200A50
:10AAD000F6A880ED0D0A954890ED020A5FED750A23
:10AAE00030EE200AF6A880ED0E0A904890ED030A99
:10AAF000DFED9A0A30EE200AF6A880ED0F0A8B48A7
:10AB000090ED040ADFED990A30EE200AF6A880EDF8
:10AB1000100A864890ED050ADFED910A30EE200A12
:10AB2000F6A880ED110A814890ED000ADFED800A59
:10AB300030EE200A0DF5806080ED080A7B4890ED2C
:10AB4000010ADFED8B0A30EE200AF6A880ED130A29
:10AB5000764890ED020AF7EE000A30EE200AF6A8D9
:10AB600080ED140A714890ED030A5FED9E0A30EE05
:10AB7000200AF6A880ED150A6C4890ED040ADFED76
:10AB80006F0A30EE200AF6A880ED160A674890EDAD
:10AB9000050A5FEDA80A30EE200AF6A880ED170A34
:10ABA00067481830D0E90063D0E90221F296F393A8
:10ABB000F492F5916022F6A962489030F5F701FD14
:10ABC0001022F2A960482C30F5F7B6FC574890EDFA
:10ABD000000ADFED680A30EE200A8DEDDA0A90ED0A
:10ABE000010ADFED650A30EE200A8DEDDB0A90EDFB
:10ABF000020AF6EE080A30EE200A8DEDDC0A90ED2E
:10AC0000030ADFED5E0A30EE200A8DEDDD0A90EDDD
:10AC1000040ADFED560A30EE200A8DEDDE0A90EDD3
:10AC2000050ADFED570A30EE200A8DEDDF0A90EDC0
:10AC3000000ADFED500A30EE200A8DEDE00A90EDBB
:10AC4000010ADFED500A30EE200A8DEDE10A90EDA9
:10AC5000020AF6EE000A30EE200A8DEDE20A90EDCF
:10AC6000030ADFED460A30EE200A8DEDE30A90ED8F
:10AC7000040ADFED3E0A30EE200A8DEDE40A90ED85
:10AC8000050ADFED3F0A30EE200A8DEDE50A90ED72
:10AC9000000ADFED380A30EE200A8DEDE60A90ED6D
:10ACA000010ADFED350A30EE200A8DEDE70A90ED5E
:10ACB000020AF6EE080A30EE200A8DEDE80A90ED61
:10ACC000030ADFED2E0A30EE200A8DEDE90A90ED41
:10ACD000040ADFED260A30EE200A8DEDEA0A90ED37
:10ACE000050ADFED270A30EE200A8DEDEB0A90ED24
:10ACF000000ADFED0F0A30EE200A8DEDEC0A90ED30
:10AD0000010ADFED210A30EE200A8DEDED0A90ED0B
:10AD1000020ADFED140A30EE200A8DEDEE0A90ED06
:10AD2000030ADFED1A0A30EE200A31E000010020AC
:10AD30007D3F353FEC51383F0AD7233F6666E63FFB
:10AD4000CC1D01080C50002024540020985A0020EB
:10AD5000986E02C06666A63F6666663FCDCCCCBDE7
:10AD6000AE4741409A99993F9A99193F6666464085
:10AD7000CDCC8C3FF6282CC03333933F0AD7A33C6D
:10AD8000295C4F406666863F1F856B3F00000000D0
:10AD90008DEDEF0A90ED040A5FED180A30EE200AFF
:10ADA0008DEDF00A90ED050A5FED080A30EE200AFD
:10ADB0008DEDF10AFE48D0E90063D0E90212D69683
:10ADC000D793D992D8916022DAA9FA48F5F7F9FB1E
:10ADD0001022D6A9F848F5F7AFFBF84890ED000A25
:10ADE0005FED2D0A30EE200A8DED9A0A90ED010AF2
:10ADF000DFEDF30A30EE200A8DED9B0A90ED020A9A
:10AE0000DFEDF00A30EE200A8DED9C0A90ED030A8A
:10AE10005FED220A30EE200A8DED9D0A90ED040AC6
:10AE2000DFEDE90A30EE200A8DED9E0A90ED050A6D
:10AE3000DFEDE60A30EE200A8DED9F0A90ED000A64
:10AE40005FED450A30EE200A8DEDA00A90ED010A73
:10AE5000DFEDDB0A30EE200A8DEDA10A90ED020A4B
:10AE6000DFEDD80A30EE200A8DEDA20A90ED030A3C
:10AE70005FED3A0A30EE200A8DEDA30A90ED040A48
:10AE8000DFEDD10A30EE200A8DEDA40A90ED050A1F
:10AE9000DFEDCE0A30EE200A8DEDA50A90ED000A16
:10AEA0005FED5D0A30EE200A8DEDA60A90ED010AF5
:10AEB000DFEDC70A30EE200A8DEDA70A90ED020AF9
:10AEC000DFEDC40A30EE200A8DEDA80A90ED030AEA
:10AED0005FED520A30EE200A8DEDA90A90ED040ACA
:10AEE000DFEDBD0A30EE200A8DEDAA0A90ED050ACD
:10AEF000DFEDB60A30EE200A8DEDAB0A90ED000AC8
:10AF00005FED750A30EE200A8DEDAC0A90ED010A76
:10AF10005FED780A30EE200A8DEDAD0A90ED020A61
:10AF20005FED7B0A30EE200A8DEDAE0A90ED030A4C
:10AF30005FED6A0A30EE200A8DEDAF0A90ED040A4B
:10AF4000DFEDA60A30EE200A8DEDB00A90ED050A7D
:10AF50005FED720A30EE200A8DEDB10A90ED000A25
:10AF6000DFED9F0A30EE200A8DEDB20A90ED010A66
:10AF70005FED900A30EE200A8DEDB30A90ED020AE3
:10AF8000DFED980A30EE200A8DEDB40A90ED030A49
:10AF90005FED820A30EE200A8DEDB50A90ED040ACD
:10AFA000DFED910A30EE200A8DEDB60A90ED050A2C
:10AFB000DFED8E0A30EE200A8DEDB70A90ED000A23
:10AFC000DFED8B0A30EE200A8DEDB80A90ED010A14
:10AFD000DFED880A30EE200A8DEDB90A90ED020A05
:10AFE000DFED850A30EE200A8DEDBA0A90ED030AF6
:10AFF0005FED9A0A30EE200A8DEDBB0A90ED040A4F
:10B00000DFED7E0A30EE200A8DEDBC0A90ED050AD8
:10B01000DFED760A30EE200A8DEDBD0A90ED000AD4
:10B02000DFED730A30EE200A8DEDBE0A90ED010AC5
:10B03000DFED730A30EE200A8DEDBF0A90ED020AB3
:10B040005FEDC40A30EE200A8DEDC00A90ED030AD0
:10B050005FEDB20A30EE200A8DEDC10A90ED040AD0
:10B06000DFED660A30EE200A8DEDC20A90ED050A8A
:10B07000DFED5E0A30EE200A8DEDC30A90ED000A86
:10B08000DFED5B0A30EE200A8DEDC40A90ED010A77
:10B09000DFED5B0A30EE200A8DEDC50A90ED020A65
:10B0A0005FEDDC0A30EE200A8DEDC60A90ED030A52
:10B0B0005FEDCA0A30EE200A8DEDC70A90ED040A52
:10B0C000DFED4E0A30EE200A8DEDC80A90ED050A3C
:10B0D000DFED460A30EE200A8DEDC90A90ED000A38
:10B0E000DFED3F0A30EE200A8DEDCA0A90ED010A2D
:10B0F000DFED430A30EE200A8DEDCB0A90ED020A17
:10B10000DFED400A30EE200A8DEDCC0A90ED030A07
:10B110005FEDE20A30EE200A8DEDCD0A90ED040AD3
:10B12000DFED310A30EE200A8DEDCE0A90ED050AF2
:10B130005FEDEA0A30EE200A8DEDCF0A90ED000AAD
:10B14000DFED310A30EE200A8DEDD00A90ED010AD4
:10B150005FEDF30A30EE200A8DEDD10A90ED020A80
:10B16000DFED2A0A30EE200A8DEDD20A90ED030AB7
:10B170005FEDFA0A30EE200A8DEDD30A90ED040A55
:10B18000DFED230A30EE200A8DEDD40A90ED050A9A
:10B19000DFED200A30EE200A8DEDD50A2822044981
:10B1A000103190A8F5F70DFAF0229AA9014833E082
:10B1B000F41D0108145100207C54002000010020DF
:10B1C00066662640666616400AD7C33F9A9999BEBE
:10B1D0001F851B40D7A31040A470FD3FCDCCEC3F92
:10B1E000931824BFD7A3303F33335340C3F54840AF
:10B1F000B4C826C0295C8F3F52B85E3F9A99394047
:10B20000D7A3703F8FC2753F7D3F353F0AD7233F9D
:10B210006666E63F000000007830F5F7D2F9282294
:10B2200090A9FE48F5F788F9FD4890ED000A5FED1A
:10B230000A0A30EE200A8DED5A0A90ED010A5FED00
:10B24000200A30EE200A8DED5B0A90ED020A5FEDD8
:10B25000230A30EE200A8DED5C0A90ED030A5FEDC3
:10B26000130A30EE200A8DED5D0A90ED040A5FEDC1
:10B270002A0A30EE200A8DED5E0A90ED050A5FED98
:10B280001B0A30EE200A8DED5F0A90ED000A5FED9B
:10B29000220A30EE200A8DED600A90ED010A5FED82
:10B2A000380A30EE200A8DED610A90ED020A5FED5A
:10B2B0003B0A30EE200A8DED620A90ED030A5FED45
:10B2C0002B0A30EE200A8DED630A90ED040A5FED43
:10B2D000420A30EE200A8DED640A90ED050A5FED1A
:10B2E000330A30EE200A8DED650A90ED000A5FED1D
:10B2F0003A0A30EE200A8DED660A90ED010A5FED04
:10B300004C0A30EE200A8DED670A90ED020A5FEDDF
:10B310004F0A30EE200A8DED680A90ED030A5FEDCA
:10B32000430A30EE200A8DED690A90ED040A5FEDC4
:10B33000560A30EE200A8DED6A0A90ED050A5FED9F
:10B340004B0A30EE200A8DED6B0A90ED000A5FED9E
:10B35000520A30EE200A8DED6C0A90ED010AF7EEEC
:10B36000000A30EE200A8DED6D0A90ED020A5FEDC5
:10B37000590A30EE200A8DED6E0A90ED030A5FED5A
:10B380005B0A30EE200A8DED6F0A90ED040A5FED46
:10B390006E0A30EE200A8DED700A90ED050A5FED21
:10B3A000630A30EE200A8DED710A90ED000ADFEDA0
:10B3B0009D0A30EE200A8DED720A90ED010ADFED54
:10B3C0009A0A30EE200A8DED730A90ED020AF7EE2C
:10B3D000000A30EE200A8DED740A90ED030A5FED4D
:10B3E000730A30EE200A8DED750A90ED040AF0EE36
:10B3F000080A30EE200A8DED760A90ED050A5FED21
:10B40000810A30EE200A8DED770A90ED000ADFED1B
:10B41000850A30EE200A8DED780A90ED010ADFED05
:10B42000830A30EE200A8DED790A90ED020ADFEDF5
:10B43000800A30EE200A8DED7A0A90ED030A5FED66
:10B440008B0A30EE200A8DED7B0A90ED040A5FED49
:10B45000950A30EE200A8DED7C0A90ED050A5FED2D
:10B46000990A30EE200A8DED7D0A90ED000ADFED9D
:10B470006D0A30EE200A8DED7E0A90ED010ADFEDB7
:10B480006B0A30EE200A8DED7F0A90ED020ADFEDA7
:10B49000680A30EE200A8DED800A90ED030A5FED18
:10B4A000A30A30EE200A8DED810A90ED040A5FEDCB
:10B4B000AD0A30EE200A8DED820A90ED050A5FEDAF
:10B4C000B10A30EE200A8DED830A90ED000A5FED9F
:10B4D000BC0A30EE200A8DED840A90ED010ADFED02
:10B4E000550A30EE200A8DED850A90ED020ADFED57
:10B4F000520A30EE200A8DED860A90ED030A5FEDC8
:10B50000BB0A30EE200A8DED870A90ED040A5FED4C
:10B51000C50A30EE200A8DED880A90ED050A5FED30
:10B52000C30A30EE200A8DED890A90ED000A5FED26
:10B53000CA0A30EE200A8DED8A0A90ED010ADFED8D
:10B540003F0A30EE200A8DED8B0A90ED020A5FED86
:10B55000D10A30EE200A8DED8C0A90ED030A5FEDE2
:10B56000D30A30EE200A8DED8D0A90ED040A5FEDCE
:10B57000D80A30EE200A8DED8E0A90ED050A5FEDB7
:10B58000DB0A30EE200A8DED8F0A24222C4951A8C7
:10B59000F5F717F8D8225AA92A48F5F712F8242205
:10B5A00051A91E482C30F4F7C7FF1D4890ED000A42
:10B5B0005FEDEB0A30EE200A8DED390A90ED010ABD
:10B5C000DFED210A30EE200A8DED3A0A90ED020AF5
:10B5D000DFED1E0A30EE200A8DED3B0A90ED030AE6
:10B5E0005FEDF40A30EE200A8DED3C0A90ED040A7E
:10B5F000DFED170A30EE200A8DED3D0A90ED050AC9
:10B600005FEDFC0A30EE200A8DED3E0A90ED000A57
:10B61000DFED100A30EE200A1EE00000A8540020E2
:10B62000000100201F850BC0F6289C3F3333933F59
:10B63000EC51383FCDCC4C3F3333333F1F856B3F0C
:10B640002C1E01087C520020666626406666164065
:10B650000AD7C33F7D3F353F8DED3F0A90ED010A8C
:10B660005FED070A30EE200A8DED400A90ED020AE8
:10B670005FED0A0A30EE200A8DED410A90ED030AD3
:10B68000DFEDF00A30EE200A8DED420A90ED040A5B
:10B690005FED110A30EE200A8DED430A90ED050AA8
:10B6A000DFEDE80A30EE200A8DED440A90ED000A45
:10B6B0005FED180A30EE200A8DED450A90ED010A83
:10B6C000DFEDE10A30EE200A8DED460A90ED020A28
:10B6D000DFEDDE0A30EE200A8DED470A90ED030A19
:10B6E000DFEDD80A30EE200A8DED480A90ED040A0D
:10B6F000DFEDD70A30EE200A8DED490A90ED050AFC
:10B70000DFEDD00A30EE200A8DED4A0A90ED000AF6
:10B710005FED300A30EE200A8DED4B0A90ED010A04
:10B72000DFEDCC0A30EE200A8DED4C0A90ED020AD6
:10B73000DFEDC90A30EE200A8DED4D0A90ED030AC7
:10B74000DFEDC00A30EE200A8DED4E0A90ED040ABE
:10B75000DFEDBF0A30EE200A8DED4F0A90ED050AAD
:10B76000DFEDB80A30EE200A8DED500ABB48D0E973
:10B770000063D0E90221CDE93563CDE937216022AC
:10B7800039A9B748F4F71DFF102235A9B548F4F7D9
:10B79000D3FEB54890ED000A5FED520A30EE200A64
:10B7A0008DED2F0A90ED010A5FED5D0A30EE200A63
:10B7B0008DED300A90ED020AF6EE000A30EE200A16
:10B7C0008DED310A90ED030ADFED9E0A30EE200A7E
:10B7D0008DED320A90ED040ADFEDA40A30EE200A66
:10B7E0008DED330A90ED050ADFED960A30EE200A62
:10B7F0008DED340A90ED000A5FED6A0A30EE200A02
:10B800008DED290A90ED010ADFED990A30EE200A4C
:10B810008DED2A0A90ED020ADFED960A30EE200A3D
:10B820008DED2B0A90ED030ADFED860A30EE200A3B
:10B830008DED2C0A90ED040ADFED8F0A30EE200A20
:10B840008DED2D0A90ED050ADFED7E0A30EE200A1F
:10B850008DED2E0A90ED000A5FED820A30EE200A8F
:10B860008DED230A90ED010A5FED8F0A30EE200A7C
:10B870008DED240A90ED020AF6EE000A30EE200A61
:10B880008DED250A90ED030ADFED6E0A30EE200AF9
:10B890008DED260A90ED040ADFED740A30EE200AE1
:10B8A0008DED270A90ED050ADFED660A30EE200ADD
:10B8B0008DED280A90ED000A5FED9A0A30EE200A1D
:10B8C0008DED1D0A90ED010A5FEDA70A30EE200A0A
:10B8D0008DED1E0A90ED020AF6EE000A30EE200A07
:10B8E0008DED1F0A90ED030ADFED560A30EE200AB7
:10B8F0008DED200A90ED040ADFED5C0A30EE200A9F
:10B900008DED210A90ED050ADFED4E0A30EE200A9A
:10B910008DED220A90ED000A5FEDB20A30EE200AAA
:10B920008DED170A90ED010A5FEDB90A30EE200A9D
:10B930008DED180A90ED020A5FEDBC0A30EE200A88
:10B940008DED190A90ED030ADFED3E0A30EE200A74
:10B950008DED1A0A90ED040A5FEDC30A30EE200A5D
:10B960008DED1B0A90ED050ADFED440A30EE200A4A
:10B970008DED1C0A90ED000A5FEDCA0A30EE200A38
:10B980008DED110A90ED010A5FEDD70A30EE200A25
:10B990008DED120A90ED020AF6EE000A30EE200A52
:10B9A0008DED130A90ED030ADFED260A30EE200A32
:10B9B0008DED140A90ED040ADFED2C0A30EE200A1A
:10B9C0008DED150A90ED050ADFED1E0A30EE200A16
:10B9D0008DED160A18222FA922484830F4F7F1FD00
:10B9E000182229A91F486030F4F7EBFD182223A97B
:10B9F0001C487830F4F7E5FD18221DA9194890304D
:10BA0000F4F7DFFD182217A91648A830F4F7D9FD7E
:10BA1000182211A91348C030F4F7D3FD1848D0F804
:10BA2000180890ED010AF0EE401A9FED161AF0EE9C
:10BA3000000AB0EE000A1448FAF79AFB0DF5E76D1C
:10BA400070BD0000000000001F851B40D7A3104000
:10BA5000A470FD3F14AE1740CDCC0C40501E010821
:10BA60006C53002000550020000100206666E63F70
:10BA700014AE37405C8F2240CDCC4C3E9A9999BE93
:10BA8000FC4D00206F12033B2C56002010B50446DD
:10BA9000144890F81E0701280AD1022104F114006D
:10BAA00002F0FBFF022104F1190002F0F6FF0EE0A4
:10BAB0000C4890F81E07022809D1022104F1410028
:10BAC00002F0EBFF022104F1460002F0E6FF022142
:10BAD00004F11E0002F0E1FF022104F13C0002F03B
:10BAE000DCFF10BD685C0020F0B52DED048B87B045
:10BAF00006460C4617461D46FD4890F81E070128CD
:10BB00007ED194F8300708287BD1F94890F82007B7
:10BB1000062877D2DFE800F0032715394B5D0020B7
:10BB20000CE004F24C7101EB800191ED000A04F28B
:10BB3000347101EB800181ED000A401C0628F0DB26
:10BB4000B7E100200CE004F2C47101EB800191ED3B
:10BB5000000A04F2347101EB800181ED000A401CFF
:10BB60000628F0DBA5E100200CE004F2AC7101EB4B
:10BB7000800191ED000A04F2347101EB800181ED46
:10BB8000000A401C0628F0DB93E100200CE004F2E0
:10BB90004C7101EB800191ED000A04F2347101EB6C
:10BBA000800181ED000A401C0628F0DB81E10020C5
:10BBB0000CE004F2647101EB800191ED000A04F2E3
:10BBC000347101EB800181ED000A401C0628F0DB96
:10BBD0006FE1C74890F8210701287CD100200CE0D4
:10BBE00004F24C7101EB800191ED000A04F2347112
:10BBF00001EB800181ED000A401C0628F0DB02E029
:10BC0000FEE357E154E104F5806090EDCD0A04F6BF
:10BC10001800D0ED010A30EE600A10EE101A084646
:10BC200005F04AFE41EC190BB0EE490AF0EE690A44
:10BC3000FDF76FFCB0EE408AF0EE608A9FEDAD0B31
:10BC400053EC102B51EC180B05F024F87DD204F2C4
:10BC5000347090ED010AA948D0ED010A30EE600A77
:10BC600010EE101A084605F027FE41EC190BB0EE55
:10BC7000490AF0EE690AFDF74CFCB0EE408AF0EE9E
:10BC8000608A9FED9F0B53EC102B51EC180B05F0C5
:10BC900001F8DBD204F2347090ED020A9748D0ED3F
:10BCA000020A30EE600A10EE101A084605F004FE93
:10BCB00041EC190BB0EE490AF0EE690AFDF729FCD8
:10BCC000B0EE408AF0EE608A9FED8D0B53EC102BA6
:10BCD00051EC180B00E08DE004F0DCFFB6D204F26A
:10BCE000347090ED030A8548D0ED030A30EE600A07
:10BCF00010EE101A084605F0DFFD41EC190BB0EE0E
:10BD0000490AF0EE690AFDF704FCB0EE408AF0EE55
:10BD1000608A9FED7D0B53EC102B51EC180B04F057
:10BD2000B9FF93D204F2347090ED040A7348D0ED59
:10BD3000040A30EE600A10EE101A084605F0BCFD49
:10BD400041EC190BB0EE490A00E052E0F0EE690A4E
:10BD5000FDF7DFFBB0EE408AF0EE608A9FED6C0BE2
:10BD600053EC102B51EC180B04F094FF41D204F269
:10BD7000347090ED050A6148D0ED050A30EE600A96
:10BD800010EE101A084605F097FD41EC190BB0EEC5
:10BD9000490AF0EE690AFDF7BCFBB0EE408AF0EE0E
:10BDA000608A9FED5B0B53EC102B51EC180B04F0E9
:10BDB00071FF7CD200204E4981F8200701F5806098
:10BDC000D0EDC60A9FED541A70EEC10AC0EDC60A46
:10BDD000B0EE600A9FED511ADFED510A02F046FF06
:10BDE000504880EDC60A424890F82007404981F843
:10BDF00021075CE03E4890F8210790BB4A4890ED4F
:10BE0000000ADFED4A0A30EE200A8DED010A90EDBE
:10BE1000010ADFED470A30EE200A8DED020A90EDAF
:10BE2000020AF6EE000A30EE200A8DED030A90EDCC
:10BE3000030ADFED400A30EE200A8DED040A90ED92
:10BE4000040ADFED3D0A30EE200A8DED050A90ED83
:10BE5000050ADFED380A30EE200A8DED060A0020D3
:10BE60000CE024E001A901EB800191ED000A04F24D
:10BE7000347101EB800181ED000A401C0628F1DBE2
:10BE80002E480088B0F5FA6F05DA2C480088401C6F
:10BE90002A4908800AE0002028490880144981F8CE
:10BEA0002007084690F8200781F8210700BF00BF4F
:10BEB00000BFA7E294F830070828FAD0204800789D
:10BEC00000286ED100BFE0E094F83017D1BB94F8A1
:10BED000311701EB410104EBC10101EB800191ED50
:10BEE000000A04F2347101EB800181ED000ACBE01D
:10BEF000685C0020000000403333D33FB85B002073
:10BF0000000000A09999B93F000000A09999C93F8D
:10BF1000000000403333C33FE4CB1640DB0F494001
:10BF2000DB0F49C068600020000100207D3F353FE5
:10BF30006666663F000000006666E63FF40000208B
:10BF4000ED000020FFE794F83017012912D194F892
:10BF5000311701EB410204F5847101EBC20101EBE1
:10BF6000800191ED000A04F2347101EB800181ED52
:10BF7000000A89E094F83017022913D194F8311798
:10BF800001EB410204F5047101EBC20101EB8001F8
:10BF900091ED000A04F2347101EB800181ED000A99
:10BFA00072E0C4E094F83017032912D194F83117E5
:10BFB00001EB410204F5287101EBC20101EB8001A4
:10BFC00091ED000A04F2347101EB800181ED000A69
:10BFD0005AE094F83017042912D194F8311701EB84
:10BFE000410204F5467101EBC20101EB800191EDC4
:10BFF000000A04F2347101EB800181ED000A43E094
:10C0000094F83017052912D194F8311701EB410249
:10C0100004F5647101EBC20101EB800191ED000AAE
:10C0200004F2347101EB800181ED000A2CE094F8F8
:10C030003017062912D194F8311701EB410204F5AB
:10C04000906101EBC20101EB800191ED000A04F265
:10C05000347101EB800181ED000A15E094F830178E
:10C06000072911D194F8311701EB410204F5AE61B3
:10C0700001EBC20101EB800191ED000A04F2347181
:10C0800001EB800181ED000A401C0628FFF61CAF81
:10C0900094F83007042823D194F83107012802D1FD
:10C0A000FD490870AEE194F8310702280DD1FB4834
:10C0B0000088401CF949088008460088B0F5C87F10
:10C0C000F0DD0020F44908709CE194F83107032862
:10C0D000E8D10020F14908800120EF49087091E182
:10C0E00094F830070328DDD194F83107012802D1F4
:10C0F000E949087086E194F8310702280CD1E74835
:10C100000088401CE5490880084600886428C9DD8D
:10C110000020E149087075E194F831070328C1D186
:10C120000020DE4908800120DB4908706AE1DB4815
:10C130000088052190FBF1F201FB1200E8BBD84812
:10C14000D0F8010000EE100AD648D0ED000A30EE1B
:10C15000200A04F5806080EDCD0AD148D0F80500B2
:10C1600000EE100ACF48D0ED010A30EE600A04F26A
:10C17000347080ED010ACA48D0F8090000EE100AB8
:10C18000C848D0ED020A30EE600AB1EE400A04F26F
:10C19000347080ED020AC248D0F80D0000EE100A9B
:10C1A000C048D0ED030A30EE600A04F2347080ED2E
:10C1B000030ABB48D0F8110000E01AE000EE100AB4
:10C1C000B848D0ED040A30EE200AB1EE400A04F27D
:10C1D000347080ED040AB248D0F8150000EE100A61
:10C1E000B048D0ED050A30EE600A04F2347080EDFC
:10C1F000050AAA480088401CA849088094F830071E
:10C20000A94901EBC0004088A4490988884211DA95
:10C2100094F83007A44901EBC000C0889F49098801
:10C22000884207DD94F830079F4911F830009F4994
:10C230000870E7E094F830079B4901EBC000C08824
:10C240009649098888427DDA94F83007964901EBCF
:10C25000C00000799549087004F5806090EDFA0AF5
:10C26000DFED930A30EE600A10EE101A084605F072
:10C2700023FB41EC190BB0EE490AF0EE690AFDF719
:10C2800048F9B0EE408AF0EE608A1FEDE60B53EC01
:10C29000102B51EC180B04F0FDFC53D204F5806018
:10C2A00090EDFB0A5FEDDD0A30EE600A10EE101A29
:10C2B000084605F001FB41EC190BB0EE490AF0EE1F
:10C2C000690AFDF726F9B0EE408AF0EE608A1FEDAC
:10C2D000F40B53EC102B51EC180B04F0DBFC31D2B7
:10C2E00004F5806090EDFC0A5FEDEE0A30EE600A26
:10C2F00010EE101A084605F0DFFA41EC190BB0EE0B
:10C30000490AF0EE690AFDF704F9B0EE408AF0EE52
:10C31000608A9FED680B53EC102B51EC180B04F066
:10C32000B9FC6FD204F5806090EDFD0ADFED630A81
:10C3300030EE600A10EE101A084605F0BDFA41EC26
:10C34000190B00E05EE0B0EE490AF0EE690AFDF775
:10C35000E0F8B0EE408AF0EE608A9FED590B53ECA6
:10C36000102B51EC180B04F095FC4BD204F58060B7
:10C3700090EDFE0ADFED540A30EE600A10EE101A5E
:10C38000084605F099FA41EC190BB0EE490AF0EEB7
:10C39000690AFDF7BEF8B0EE408AF0EE608A9FEDC4
:10C3A0004B0B53EC102B51EC180B04F073FC29D2FF
:10C3B00004F5806090EDFF0ADFED400A30EE600A80
:10C3C00010EE101A084605F077FA41EC190BB0EEA2
:10C3D000490AF0EE690AFDF79CF8B0EE408AF0EEEB
:10C3E000608A9FED3A0B53EC102B51EC180B04F0C4
:10C3F00051FC07D2082084F830070020274900E0CC
:10C400002BE0088004F5806090EDCD0A314880ED86
:10C41000000A04F2347090ED010A2E4880ED010A02
:10C4200004F2347090ED020A2A4880ED020A04F208
:10C43000347090ED030A274880ED030A04F234704B
:10C4400090ED040A234880ED040A04F2347090ED64
:10C45000050A204880ED050A71E11F4890F81E0783
:10C4600002287CD1D5ED010A9FED1C1A70EE810ADD
:10C47000B0EE600A9FED1A1ADFED1A0A01F0E8FE2D
:10C48000144880ED000AD5ED020A9FED171A70EEF0
:10C49000810AB0EE600A29E039010020F400002092
:10C4A0008164002058010020EC5A0020EC0000209C
:10C4B0004E62103F000000A09999B93F00000000B3
:10C4C000000000A09999C93F6666E63F0000004061
:10C4D0003333C33FD45A0020685C00208D970E3F51
:10C4E000D7A348C0E17A2C409A99193F9FEDAB1A27
:10C4F000DFEDAB0A01F0ACFEAA4880ED010AD5EDF4
:10C50000030A9FEDA91A70EE810AB0EE600A1FEDD2
:10C51000151ADFEDA60A01F09BFEA24880ED020A83
:10C52000D5ED040A1FED1B1A70EE810AB0EE600A09
:10C530009FED9F1ADFED9F0A01F08AFE994880ED7A
:10C54000030A9D48007878BB964890ED030ADFED1A
:10C550009B0A30EE200A80ED030A994800E096E03D
:10C5600090F81F07022811D08E4890ED040ADFEDE5
:10C57000950A30EE200A80ED040A90ED050ADFED01
:10C580008F0A30EE200A80ED050A3EE08E480078E2
:10C5900001283AD1834890ED050ADFED8C0A30EE90
:10C5A000200A80ED050A30E0FFE783480078012883
:10C5B0002BD17C4890ED030ADFED800A30EE600A53
:10C5C00080ED030A7E4890F81F07022811D07548B5
:10C5D00090ED040ADFED7B0A30EE200A80ED040ABC
:10C5E00090ED050ADFED750A30EE600A80ED050A70
:10C5F0000BE07548007840B96A4890ED050ADFED18
:10C60000730A30EE600A80ED050A664890ED040A70
:10C61000D5ED050A9FED6E1A01EE200ADFED6D0AD9
:10C62000B4EEE00AF1EE10FA1AD290ED040AD5ED5C
:10C63000050A9FED671A01EE200ADFED670AB4EEE6
:10C64000E00AF1EE10FA0BDD90ED040AD5ED050AD3
:10C650009FED5F1A01EE200A80ED040A80ED040AC6
:10C660005048D0ED050A95ED061ADFED591A41EE56
:10C67000C10AC0ED050AB0EE600A9FED581ADFED61
:10C68000580A02F0F3FA474880ED050A57E04C4893
:10C6900090F81E07F0BB5348D0F8010000EE100AD6
:10C6A0005148D0ED000A30EE200A3E4880ED000AE5
:10C6B0004C48D0F8050000EE100A4B48D0ED010AB6
:10C6C00030EE600A374880ED010A4648D0F809008C
:10C6D00000EE100A4448D0ED020A30EE600AB1EED6
:10C6E000400A304880ED020A3E48D0F80D0000EEC6
:10C6F000100A3D48D0ED030A30EE600A294880ED6B
:10C70000030A3848D0F8110000EE100A3648D0ED80
:10C71000040A00E013E030EE200AB1EE400A21489E
:10C7200080ED040A2F48D0F8150000EE100A2E48BC
:10C73000D0ED050A30EE600A1A4880ED050A194866
:10C7400090ED000A04F5806080EDFA0A154890ED3E
:10C75000010A04F5806080EDFB0A124890ED020AA0
:10C7600004F5806080EDFC0A0E4890ED030A04F5A4
:10C77000806080EDFD0A0B4890ED040A04F58060AE
:10C7800080EDFE0A074890ED050A04F5806080ED13
:10C79000FF0A07B0BDEC048BF0BD00000AD7833F51
:10C7A00014AE3740D45A0020B81E853F0AD7334014
:10C7B000AE4721C09A9919407B010020C3F5C83FBC
:10C7C000685C0020EC51B83F7C010020C3F5484074
:10C7D000BD37063633335340CDCCCC3DDB0F49401B
:10C7E000DB0F49C0816400205801002070B5044669
:10C7F0000D4695F91F1095F92200814206D1EE48A9
:10C8000090F9151090F91800814205D0EB48007896
:10C81000C0F10100E9490870E8480078012805D115
:10C8200001228102E648F5F753FF08E0E34800786B
:10C8300028B900224FF48061E148F5F749FFE1484B
:10C840000078E1490870E14890F9011090F904007E
:10C85000814205D0DB480078C0F10100D949087059
:10C86000DB4890F81C0750B9D4F81808D0ED010A3D
:10C87000B0EE600A04F50360F9F791FC10E004F5EE
:10C880008060D0EDFA0AB0EE600A04F50360F9F7B3
:10C890001BFA04F5036090ED070A183880ED010AD1
:10C8A000CB4890F81E0701280AD1C948B0F82207E2
:10C8B00030B9B1EE080A04F50360F9F76DFC15E034
:10C8C000C34890F81E0720B1C14890F81E070228FF
:10C8D00006D1B1EE080A04F50360F9F75DFC05E046
:10C8E000B1EE080A04F50360F9F756FC95F9151046
:10C8F00095F91800814258D0002084F8310794F847
:10C90000300708284BD1B24890F82007012815D1EC
:10C910000421B048F5F7D4FE18B9072084F8300791
:10C9200040E00821AB48F5F7CBFE18B9062084F8A3
:10C93000300737E0052084F8300733E0A44890F84A
:10C940002007022815D10421A248F5F7B9FE18B92D
:10C95000022084F8300725E008219E48F5F7B0FE54
:10C9600018B9012084F830071CE0002084F8300753
:10C9700018E004219748F5F7A3FE18B9022084F8BF
:10C9800030070FE008219348F5F79AFE18B9012007
:10C9900084F8300706E0002084F8300702E0082021
:10C9A00084F8300700208C49088095F91A1095F911
:10C9B0001D00814219D0002084F8310794F8300717
:10C9C00008280CD104218348F5F77AFE18B9032012
:10C9D00084F8300706E0042084F8300702E00820DD
:10C9E00084F8300700207C49088094F83007082834
:10C9F00074D07A480078002870D12046FCF7D8FD22
:10CA000094F8300700EB400101EBC00104F5BA6077
:10CA100000EB810094F8311700EB8100B0F90200BF
:10CA2000B4F8321788422CDA94F83107401C84F8A5
:10CA300031070020A4F8320794F8300700EB4001DA
:10CA400001EBC00104F5BA6000EB810094F83117E6
:10CA500030F8210018B900205849087011E094F806
:10CA6000300700EB400101EBC00104F5BA6000EBB8
:10CA7000810094F8311730F82100012801D14F4985
:10CA8000087094F8311794F8302704F2DC70805C59
:10CA9000401E814221D194F8300700EB400101EBA8
:10CAA000C00104F5BA6000EB810094F8311700EB87
:10CAB0008100B0F90200B4F8321788427BDC94F8A8
:10CAC000300780B908214348F5F7FAFD38B901204D
:10CAD00084F83007002084F831076CE068E0082013
:10CAE00084F8300767E094F8300701280FD104215B
:10CAF0003848F5F7E5FD30B9082084F83007002004
:10CB000084F8310757E0082084F8300753E094F8A0
:10CB10003007022806D1082084F83007002084F866
:10CB2000310748E094F83007032806D1002084F844
:10CB30003107082084F830073DE094F830070428D6
:10CB400006D1082084F83007002084F8310732E04D
:10CB500094F8300705280FD108211E48F5F7B0FDDD
:10CB600030B9062084F83007002084F8310722E02D
:10CB7000082084F830071EE094F8300706280FD10B
:10CB800004211448F5F79CFD30B9072084F83007DC
:10CB9000002084F831070EE0082084F830070AE00E
:10CBA00094F83007072806D1082084F8300702E0FF
:10CBB0000020A4F8320770BDC16D0020EC000020F9
:10CBC000001402407B0100207C0100207D01002038
:10CBD000685C002000000240F4000020ED0000200E
:10CBE00092B029492948FCF7E7FD2748F430F7F7C8
:10CBF0007BFE02F0A9F945E02548F4F741FA244804
:10CC00002C3880ED0A0A234A1F49A0F5006000F085
:10CC10004DF81E48FEF73AFF1C491F48FFF7E6FD96
:10CC20001C4B1A4A1C491848FEF75EFF022002F00E
:10CC300077F92022194908A8F3F7C3FC174890F8A0
:10CC400020008DF840001548406A11901C220BA965
:10CC50006846F3F7B6FC0E481438D0ED010AB0EE82
:10CC6000600A03209FED0E2AF0EE001A9FED0D1AC8
:10CC7000DFED0B0A08A90EC9F3F7CCFF9FED0A0AF6
:10CC8000F4F7E0F9B8E700004C5600209863002064
:10CC900028560020785A0020FC4D00205C07002018
:10CCA000000000000080BB4452499D3930B5034666
:10CCB000002007E0054C04EB80042468151D45F8AE
:10CCC0002040401C0628F5DB30BD0000D364002066
:10CCD0004FF4FA7003F08CF902F036F919E0F9F725
:10CCE00061FA0C48F3F770FE012002F019F90948C7
:10CCF000001F42880188001DF3F7DCFE012002F0CE
:10CD00000FF9142204490548F7F784FD022002F0C8
:10CD100007F9E4E7505C0020205C0020FC080020BC
:10CD200000B58BB0012009900020079001200890E9
:10CD3000002001900290039004900690059001A9B4
:10CD40000C48F4F7CFFA0B48F5F7EBF80221094845
:10CD5000F4F70EFA0E200A90069001A90648F4F79F
:10CD6000C1FA0548F5F7DDF802210348F4F700FAA7
:10CD70000BB000BD340700205C07002030B52DED5E
:10CD8000088B85B004469FEDA20AB0EE408A9FED65
:10CD9000A00AB0EE409A9FED9E0AF0EE408A002075
:10CDA0000190029003900490002504F58060D0ED7E
:10CDB000C41AB0EE611AD0EDC31AF0EE610AD0EDDC
:10CDC000C21AB0EE610A01A801F006FA00BF32E013
:10CDD00001A800EB850090ED000A05EB8501201D00
:10CDE00000EB810080ED030A05EB8502201D00EBBE
:10CDF000820090ED030A10EE101A084604F05CFD64
:10CE000041EC1B0BB0EE4B0AF0EE6B0AFCF781FB1A
:10CE1000B0EE40AAF0EE60AA51EC1A0B03F098FCB9
:10CE200008EE900AB4EEE88AF1EE10FA01D2B0EE04
:10CE3000688A681CC5B2042DCADBB0EE0C0AB4EED9
:10CE4000C08AF1EE10FA1BDDB0EE0C0AC0EE080A43
:10CE5000B0EE609A002511E005EB8501201D00EB86
:10CE6000810090ED030A20EE090A05EB8501201DE3
:10CE700000EB810080ED030A681CC5B2042DEBDBDA
:10CE8000002533E005EB8502211D01EB820191EDC8
:10CE9000031AF0EE410A05EB8502211D01EB820128
:10CEA00091ED021AB0EE410A05EB051101EB81028A
:10CEB00004F1A00101EB4200F8F733FB05EB05108C
:10CEC00000EB800104F1A00000EB4100406B00EE9C
:10CED000100ABDEEC00A10EE100A01B205EB850281
:10CEE000201D00EB82000182681CC5B2042DC9DB45
:10CEF0004848007818B90021702001534AE045489D
:10CF0000007801281CD194ED171AF0EE410A94ED37
:10CF1000161AB0EE410A04F29C40F8F702FB04F244
:10CF20009C4191ED0D0ABDEEC00A10EE101A08B238
:10CF30004FF4FA52514201F09DFD7021085329E04F
:10CF400034480078022825D194ED191AF0EE410AF0
:10CF500094ED181AB0EE410A04F2F230F8F7E1FA53
:10CF6000D4F82604E06594ED171AF0EE410A94ED2A
:10CF7000161AB0EE410A04F29C40F8F7D2FA04F215
:10CF80009C4090ED0D0ABDEEC00A10EE100A01B2F1
:10CF9000702001532048007818B9002190200153D7
:10CFA00032E01D480078012804D14FF60C61902032
:10CFB000015329E017480078022825D194ED211A61
:10CFC000F0EE410A94ED201AB0EE410A04F2465008
:10CFD000F8F7A7FAD4F87A05E06794ED1F1AF0EE97
:10CFE000410A94ED1E1AB0EE410A04F5BE60F8F74E
:10CFF00098FA04F5BE6090ED0D0ABDEEC00A10EE81
:10D00000100A01B29020015305B0BDEC088B30BD71
:10D01000000000003A0100203F01002070B50446E6
:10D0200004B970BD002500BF17E005EB8501201D88
:10D0300050F82100B0F9020000EE100AB8EEC00A64
:10D04000DFED5A0A20EE200A05EB8501201D00EBDA
:10D05000810080ED020A681CC5B2042DE5DB606D1D
:10D060000188E06E01EB403000EE100AB8EEC00A15
:10D07000D4ED1A0A30EE600ADFED4D0A20EE200AE8
:10D0800084ED180A606DB0F9020000EE100AB8EEE7
:10D09000C00ADFED480A20EE200AF7EE000A20EE73
:10D0A000200ADFED450A80EE201A84ED161A606F23
:10D0B00001888C20005901EB403000EE100AB8EED8
:10D0C000C00AD4ED220A30EE600ADFED390A20EE04
:10D0D000200A84ED200A606FB0F9020000EE100A09
:10D0E000B8EEC00ADFED330A20EE200AF7EE000AA0
:10D0F00020EE200ADFED300A80EE201A84ED1E1AA1
:10D10000B2EE040A04F2BC60F9F746F82B48D0F8F6
:10D110000200C4F8140794ED030AB1EE400AD4EDFE
:10D12000080A30EE200AD4ED0D0A30EE200AD4EDC4
:10D13000120A30EE600AF5EE000A20EE200A04F52D
:10D14000806080EDBF0A94ED030AB1EE400AD4ED91
:10D15000080A30EE600AD4ED0D0A30EE200AD4ED54
:10D16000120A30EE200AF5EE000A20EE200A80EDC9
:10D17000C00A94ED030AB1EE400AD4ED080A30EE7D
:10D18000600AD4ED0D0A30EE600AD4ED120A30EEDA
:10D19000600AF5EE000A20EE200ADFED090A80EEB3
:10D1A000201A80EDC11A00BF3BE700000A01DA39FE
:10D1B000C2B8B2375077D63D00001042E2000020DE
:10D1C0001B2F9D3E70B505460C4604B970BD00206E
:10D1D0009A49A1F82C0784F81C07012084F81E073F
:10D1E0002068407B96490870002084F82007954904
:10D1F0000870A4F8220701F017FC20600020924973
:10D20000087011220421DFED914A9FED914ADFED74
:10D210008F3A9FED8E3ADFED8F2A9FED8C2AF2EE4A
:10D220000A1A9FED8A1ADFED890AB3EE040A04F2A6
:10D23000F230F8F753FC11220521DFED844A9FED0F
:10D24000844ADFED823A9FED813ADFED802A9FED3F
:10D250007F2ADFED811A9FED7D1ADFED7C0A9FEDBD
:10D260007F0A04F29C40F8F739FC11220421DFED1B
:10D27000774A9FED774ADFED753A9FED743ADFED1F
:10D28000782A9FED722AF2EE0E1A9FED701ADFEDEA
:10D290006F0AB3EE040A04F24650F8F71FFC11229D
:10D2A0000521DFED6A4A9FED6A4ADFED683A9FED9E
:10D2B000673ADFED662A9FED652ADFED6A1A9FED7A
:10D2C000631ADFED620A9FED650A04F5BE60F8F7A8
:10D2D00005FC002064490870002629E0304601F072
:10D2E0006DFB06EB8602211D41F8220006EB0611BC
:10D2F00001EB810204F1A00101EB420011220221A5
:10D30000DFED524A9FED594ADFED503A9FED4F3A1B
:10D31000F7EE002A9FED502ADFED551A9FED4B1ACC
:10D32000DFED540A9FED540AF8F7D8FB701CC6B223
:10D33000042ED3DB042001F041FB6065052001F0E1
:10D340003DFB606711220221DFED404A9FED404A1C
:10D35000DFED3E3A9FED3D3ADFED482AB6EE002A7A
:10D36000DFED471A9FED391ADFED460A9FED460AB9
:10D3700004F55270F8F7B2FB44499FED450A04F2F8
:10D38000DC6001F0C1FA43499FED410A04F2EC6010
:10D3900001F0BAFA2046FFF741FE04F5806090EDF7
:10D3A000C50AF0EE401A9FED3A1AF0EE000AB2EE0E
:10D3B000080A04F29C60F8F7DBFE0A2105F10A0076
:10D3C00001F063FB0E2105F10F0001F05EFB0C2163
:10D3D00005F1190001F059FB0621284601F055FB23
:10D3E0000721681D01F051FB0F2105F12D0001F00F
:10D3F0004CFB0D2105F1320001F047FB042105F142
:10D40000370001F042FB042105F14B0001F03DFB28
:10D41000052105F1550001F038FB092105F15A00FD
:10D4200001F033FB062105F15F0001F02EFB07211F
:10D4300005F1640001F029FB00BFC7E6685C00202D
:10D44000400100203D0100203801002000000000C4
:10D450005C128B3ACDCC4C3D00007A4400401C4617
:10D46000CDCCCC3D0000A043390100208A9B503A2E
:10D470000000FA4600803B450000FA45295C8F3EDB
:10D48000000084419A99993E9A99B940781E010802
:10D490006F12033B7C1E010810B50446022104F103
:10D4A0000A0001F0FAFA022104F10F0001F0F5FA86
:10D4B0000221204601F0F1FA0221601D01F0EDFA8F
:10D4C000022104F1230001F0E8FA022104F12D0009
:10D4D00001F0E3FA022104F1320001F0DEFA022148
:10D4E00004F1370001F0D9FA022104F1500001F0F3
:10D4F000D4FA022104F1550001F0CFFA022104F11F
:10D500005F0001F0CAFA022104F1640001F0C5FADB
:10D51000022104F15A0001F0C0FA002069E000EB9A
:10D520008001354A11444A7800EB8001324B19449E
:10D530000A7100EB80011A461144C97801BB2F49DA
:10D54000095C49B100EB800111448978491C4AB259
:10D5500000EB800119448A7000EB8001264A1144D7
:10D5600091F90210012943DB012200EB8001224BDB
:10D570001944CA70002200EB800119448A7037E018
:10D580001E49095C59B900EB80011B4A1144897896
:10D59000491C4AB200EB8001174B19448A7000EB1A
:10D5A0008001154A114491F90210012920DB002263
:10D5B00000EB8001104B1944CA7000EB8001194444
:10D5C0008A7000EB80011A4611444978491C49B21F
:10D5D00000EB80021A44517000EB80011A4611449E
:10D5E0004978022904D1002100EB80021A445170CD
:10D5F000401C052893DB10BDC16D0020A16D0020EB
:10D600002DE9F05F2DED048B81468A4693461C463A
:10D610002CB1B9F1000F02D0BAF1000F03D1BDEC6B
:10D62000048BBDE8F09F2068B0F904000A2805DCEF
:10D630002068B0F9040010F10A0F03DA2068B0F98D
:10D64000046000E000262068B0F902000A2805DC2A
:10D650002068B0F9020010F10A0F03DA2068B0F96F
:10D66000027000E000272068B0F906000A2805DCF7
:10D670002068B0F9060010F10A0F03DA2068B0F94B
:10D68000065000E000252068B0F91100002804DCF5
:10D690002068B0F91100002803DA2068B0F9118081
:10D6A00001E04FF0000800EE106AB8EEC00ADFEDAE
:10D6B000CA0A60EE208A00EE107AB8EEC00ADFEDEA
:10D6C000C70A20EE209A94F8200790B900EE105A6D
:10D6D000B8EEC00ADFEDC20A60EE200A00EE108A42
:10D6E000B8EEC00A9FEDBF1AB0EE608A00EE018A64
:10D6F00007E000EE105AB8EEC00ADFEDB90A20EEDE
:10D70000208A2068807E70B394F81E07022804D116
:10D71000BEEE040AF0EE408A61E094F82007022889
:10D7200003D094F8200701280CD12068807F20B115
:10D73000B8EE040AF0EE408A51E0BEEE040AF0EEC4
:10D74000408A4CE094F82007042804D1BFEE040A74
:10D75000F0EE408A43E02068807F28B19FEDA20A66
:10D76000F0EE408A3BE004E0B8EE040AF0EE408AB6
:10D7700035E02068C07E28B394F81E07022804D143
:10D78000B6EE040AF0EE408A29E094F82007022859
:10D7900003D094F8200701280CD12068807F20B1A5
:10D7A000B0EE040AF0EE408A19E0B6EE040AF0EE9C
:10D7B000408A14E094F82007042804D1B7EE040A44
:10D7C000F0EE408A0BE02068807F20B19FED870A51
:10D7D000F0EE408A03E0B0EE040AF0EE408A2068E2
:10D7E000007F70B394F82007042804D19FED800ACD
:10D7F000B0EE409A59E094F81E0702280CD1206838
:10D80000807F20B19FED7B0AB0EE409A4DE09FED06
:10D810007A0AB0EE409A48E094F82007022803D034
:10D8200094F8200701280DD12068807F20B19FED5A
:10D83000710AB0EE409A38E09FED6F0AB0EE409A60
:10D8400033E004E09FED6B0AB0EE409A2DE02068D3
:10D85000407F00B394F82007042804D19FED670AA5
:10D86000B0EE409A21E094F81E07022804D19FED03
:10D87000640AB0EE409A18E094F82007022803D01A
:10D8800094F8200701280CD12068807F20B19FEDFB
:10D890005D0AB0EE409A08E09FED590AB0EE409A5A
:10D8A00003E09FED580AB0EE409AB0EE680A04F229
:10D8B000DC6000F0FFFFB0EE490A04F2EC6000F01B
:10D8C000F9FF9FED510AF4EEC08AF1EE10FA0CD286
:10D8D0009FED4E0AF4EEC08AF1EE10FA05DD9FEDE1
:10D8E0004C0A04F2DC6080ED010A9FED4A0AB4EEB6
:10D8F000C09AF1EE10FA0CD29FED470AB4EEC09A2E
:10D90000F1EE10FA05DD9FED420A04F2EC6080EDC5
:10D91000010A94F82007042807D094F82007022869
:10D9200003D094F82007012815D1206890F8200032
:10D9300030B19FED3A0A38EE000AB0EE408A39E085
:10D94000206890F82100F8B19FED340A38EE400AC3
:10D95000B0EE408A2EE094F81E07022815D1206808
:10D9600090F8200030B19FED2E0A38EE000AB0EE9C
:10D97000408A1FE0206890F8210028B19FED280A16
:10D9800038EE400AB0EE408A14E0206890F820009B
:10D9900030B19FED240A38EE000AB0EE408A09E06B
:10D9A000206890F8210028B19FED1E0A38EE400A49
:10D9B000B0EE408A04F2DC6090ED010A89ED000AC5
:10D9C000103090ED010AB1EE400A8AED000A8BEDAD
:10D9D000008A00BF23E600000AD7A3BB6F12833B77
:10D9E000B5FE16B7ACC5A7B8555555BF5555553FEB
:10D9F000EB5138BE6666E6BF6666E6BEEB51383E62
:10DA00006666E63E6666E63FCCCC4CBDCCCC4C3D73
:10DA1000000000000BD723BD0BD7233D6F12833AC4
:10DA2000A69BC43A4260653B10B594B0044624B14D
:10DA3000844890F85800012801D114B010BD9FED22
:10DA4000820A8DED130A9FED800A8DED120A9FED7B
:10DA50007E0A8DED110A234611AA12A913A8FFF719
:10DA6000CFFD94F81C07E0BB002084F8200784F861
:10DA700021072022754907A8F2F7A3FD734890F803
:10DA800020008DF83C007148406A10901C220AA9C1
:10DA90006846F2F796FD032007A90EC9F3F772F85E
:10DAA0009FED6B0AF3F7CEFA04F5806090EDC50A9E
:10DAB00080EDC60AD0EDC60AB0EE600A04F29C60A2
:10DAC000F8F76DFB9FED600A04F5806080EDC20AF7
:10DAD0009FED5D0A80EDC30A9FED5B0A80EDC40AED
:10DAE000AEE0FFE794F81C070128F9D194F820076D
:10DAF00006281ED2DFE800F003040506070800BF71
:10DB000000BF00BF00BF00BF04F58060D0EDC60AB3
:10DB10009DED111A70EE810AB0EE600A9FED4D1A6C
:10DB2000DFED4D0A01F0A2F804F5806080EDC60A31
:10DB300000E000BF00BF2068007E012805D104F589
:10DB4000806090EDC50A80EDC60A04F58060D0EDD6
:10DB5000C60AB0EE600A04F29C60F8F7B9F904F561
:10DB6000806090EDC61AF0EE410A90EDC51AB0EE55
:10DB7000410AB838F7F73EFE38480078D8B9202275
:10DB8000324907A8F2F71DFD304890F820008DF8C3
:10DB90003C002E48406A10901C220AA96846F2F701
:10DBA00010FD032007A90EC9F3F710F89FED280A0E
:10DBB000F3F748FA1AE029480078012816D1202204
:10DBC000224907A8F2F7FDFC204890F820008DF8C4
:10DBD0003C001E48406A10901C220AA96846F2F7D1
:10DBE000F0FC032007A90EC9F2F7CCFF9DED130A44
:10DBF00004F5806080EDC20A9DED120A80EDC30A33
:10DC0000D0EDC20AB0EE600AB0EE041AF8EE040AD3
:10DC100000F0A5FE04F5806080EDC20AD0EDC30AD5
:10DC2000B0EE600A9FED0E1ADFED0E0A00F097FECF
:10DC300004F5806080EDC30A94EDDF0A80EDC40A2C
:10DC400000BFFAE698630020000000005C07002097
:10DC500052499D39DB0F4940DB0F49C03801002094
:10DC60006666E63F6666E6BF70B52DED048B054639
:10DC70000C4614B9BDEC048B70BD94F81C0784F8F5
:10DC80001D0794F81E0784F81F07FE4890F910102E
:10DC900090F9130081420BD1FB4890F858000128FD
:10DCA0000CD1F94890F95B1090F95E00814205D0E3
:10DCB00094F81C07C0F1010084F81C072068407B21
:10DCC000F2490978884202D02068407B58B9EE4872
:10DCD00090F85800012814D1EB4890F9651090F99C
:10DCE000680081420DD0E9480078012803D0E74858
:10DCF0000078022805D1E6480078C0F10100E44927
:10DD000008702068407B18B9002084F81E070AE0DC
:10DD1000DF480078012803D1022084F81E0702E0C2
:10DD2000012084F81E072068407BD849087094F8C9
:10DD30001C07012806D194F81D0718B90120D54900
:10DD4000087005E094F81C0710B90020D14908704C
:10DD5000D0480078012825D194ED160A10EE101A4B
:10DD6000084603F0A9FD41EC190BB0EE490AF0EEAC
:10DD7000690AFBF7CEFBB0EE408AF0EE608A9FEDB9
:10DD8000C60B53EC102B51EC180B02F083FF06D29C
:10DD9000C3480088401C00B2C149088002E000204E
:10DDA000BF490880BB480078012814D1BC48B0F9AD
:10DDB000000096280FDB0021E166606D008800EE10
:10DDC000100AB8EE400A84ED1A0A0220B149087020
:10DDD0000020B349088094F81C07012806D194F864
:10DDE0001D0718B90120AF49087005E094F81C0719
:10DDF00010B90020AB490870AA480078012825D145
:10DE000094ED1E0A10EE101A084603F055FD41EC81
:10DE1000190BB0EE490AF0EE690AFBF77AFBB0EE97
:10DE2000408AF0EE608A9FED9C0B53EC102B51EC76
:10DE3000180B02F02FFF06D29B480088401C00B24E
:10DE40009949088002E000209749088095480078A9
:10DE5000012815D19448B0F90000FA2810DB002100
:10DE60008C200151606D008800EE100AB8EE400A67
:10DE700084ED220A02208B49087000208A4908801C
:10DE8000814890F90B1090F90E0081421AD094F855
:10DE9000200794F8211788420DD194F82107012812
:10DEA00009D0012084F82007804890F820077F4996
:10DEB00081F8210706E094F82107012802D1052006
:10DEC00084F82007704890F9101090F913008142EF
:10DED00030D094F8200794F82117884207D194F89D
:10DEE0002107022803D0022084F820071CE094F8C0
:10DEF0002107022818D1002084F8200704F580604B
:10DF0000D0EDC60A9FED6A1A70EE810AC0EDC60A0E
:10DF1000B0EE600A9FED661ADFED660A00F0A6FE1D
:10DF200004F5806080EDC60A604890F820075F49DC
:10DF300081F82107544890F91A1090F91D00814288
:10DF40001AD094F8200794F82117884207D194F842
:10DF50002107032803D0032084F8200706E094F863
:10DF60002107032802D1002084F820074F4890F8A9
:10DF700020074E4981F82107424890F9011090F995
:10DF80000400814206D1404890F92E1090F93100EA
:10DF900081421AD094F8200794F82117884207D1BB
:10DFA00094F82107042803D0042084F8200706E011
:10DFB00094F82107042802D1002084F820073B4868
:10DFC00090F82007394981F8210732480078012864
:10DFD00004D1B2EE0E0A84ED170A2FE02D48007826
:10DFE00002282BD1274890F90B1090F90E0081429E
:10DFF00005D031480078C0F101002F49087022484F
:10E0000090F8580001280CD11F4890F9601090F941
:10E010006300814205D028480078C0F101002649FC
:10E02000087025480078012804D19FED240A84ED6A
:10E03000190A03E09FED220A84ED190A19480078B5
:10E0400002280CD194F82007042804D19FED1D0A62
:10E0500084ED210A03E0B2EE0E0A84ED210A0A489B
:10E0600090F83500012838D1074890F83A00012887
:10E0700033D115490870002210211448F4F728FB09
:10E08000002225E0C16D002098630020400100209F
:10E090003B0100203A010020000000000000F03F9A
:10E0A000420100203F01002044010020685C002064
:10E0B000DB0F4940DB0F49C0390100208FC2F5BD9D
:10E0C000CDCC2CC0CDCC4C3D38010020001C0240F2
:10E0D00004210948F4F7FCFA0CE000200749087015
:10E0E000012210210448F4F7F3FA01220421024826
:10E0F000F4F7EEFA00BFBDE5001C02403801002035
:10E1000040F2651001F074FF2B492C48FFF75AF8D4
:10E1100051E02B48F2F7B4FF2A4880EDC90A27489E
:10E12000FFF7BAF924492548FFF79EFD2248FEF77C
:10E1300075FF2148FFF778FC1F48FEF71FFE1E48B9
:10E1400090F81C07D0B900231A4619461846F2F772
:10E15000E1FD0020F2F706FE0020F2F727FE002086
:10E1600019490870194908601949086005201249C1
:10E1700081F8200700201749088019E00E4890F820
:10E180001C07012814D10C4CB4F95030B4F93C20D0
:10E19000B4F92810B4F91400F2F7BCFD2146B1F926
:10E1A0007000F2F7DFFD2146B1F99000F2F7FEFDB5
:10E1B000022000F0B5FEACE7685C00209863002008
:10E1C0009063002068600020390100204801002091
:10E1D000FC000020F4000020F1EE601A71EEC01A7D
:10E1E000F1EE611A9FED132A42EE011AC0ED001AFA
:10E1F00070EEC01AF1EE611A9FED0E2A42EE011A7E
:10E20000C0ED011A70EE801AF1EE611A9FED092A35
:10E2100042EE011AC0ED021AF1EE601A71EE801A98
:10E22000F1EE611A9FED032A42EE011AC0ED031AC6
:10E23000704700001B2F9DBE70B505460C46207828
:10E24000692804D11D2221462846F2F775F970BDD0
:10E25000F0EE401AF4EEE01AF1EE10FA02DDB0EE44
:10E26000600A7047F4EEC11AF1EE10FA02D2B0EE75
:10E27000410AF6E7B0EE610AF3E70000816900EEBB
:10E28000101A816A00EE901A20EE200AB5EEC00A3C
:10E29000F1EE10FA65DD816900EE101AB5EEC00AE4
:10E2A000F1EE10FA03DD816900EE101A04E08169D5
:10E2B00000EE101AB1EE400A416D00EE901AB4EE75
:10E2C000E00AF1EE10FA00D87047016D00EE101A66
:10E2D000416D00EE901A70EE200A816900EE101A6E
:10E2E000B5EEC00AF1EE10FA03DD816900EE101AF6
:10E2F00004E0816900EE101AB1EE400AF4EEC00AA3
:10E30000F1EE10FA28DB016D00EE901A816900EE43
:10E31000101AB5EEC00AF1EE10FA03DD816900EEC5
:10E32000101A04E0816900EE101AB1EE400A70EE96
:10E33000C00A416D00EE101A30EE801A016D00EE39
:10E34000101AC1EE000A016B00EE101A20EE800ACE
:10E3500010EE101A016304E09FED030A10EE101A8C
:10E36000016300BFB0E700000000000050F82C1F60
:10E3700000EE101A416E00EE901A60EE201A016B4A
:10E3800000EE101A416E00EE901A30EE200A81EE77
:10E39000801A016900EE101A016B00EE901A60EE0F
:10E3A000201A00EE101A416E00EE901A30EE200A8C
:10E3B000C1EE800A31EE200A10EE101A40F82C1936
:10E3C000704710B50446D4F8940090BBB4F86000D0
:10E3D000022817DD206901EE100AB1EE411AF0EEB5
:10E3E000410AD4F8900000EE100A04F16200F6F73A
:10E3F0000FFEE06800EE900A20EE200A10EE100AF0
:10E40000E06257E0606900EE100A206900EE900AB1
:10E4100070EE600AE06800EE100A20EE801AD4F870
:10E42000900000EE100AC1EE000A10EE900AE062C1
:10E4300040E0FFE7B4F8600002281EDD206901EE2D
:10E44000100AB1EE411AF0EE410AD4F8900000EE45
:10E45000100A04F16200F6F7DBFDE06800EE900AB6
:10E46000D4F89400806801EE100A70EE810A20EE64
:10E47000200A10EE100AE0621CE0E06800EE100ACC
:10E48000D4F89400806800EE900A30EE201A60699B
:10E4900000EE100A206900EE900A30EE600A21EECC
:10E4A000001AD4F8900000EE900A81EE200A10EED7
:10E4B000100AE06210BD0000816A00EE101A016BC4
:10E4C00000EE901A30EE200A344981ED000A416ACC
:10E4D00000EE101A816A00EE901A70EE200AC16AEE
:10E4E00000EE101A30EE800A2D4981ED000A91ED00
:10E4F000000AB5EEC00AF1EE10FA02DD91ED000A55
:10E5000004E0274991ED000AB1EE400A016C00EEEB
:10E51000901AB4EEE00AF1EE10FA11DD816900EE16
:10E52000101A816A00EE901A20EE200AB5EEC00A99
:10E53000F1EE10FA04DD9FED1B0A10EE101A0163D4
:10E54000416C00EE101A1549D1ED000AB4EEE00A54
:10E55000F1EE10FA06D29FED130A10EE101A0163C5
:10E56000416C8162416C00EE101AB1EE400A0B4919
:10E57000D1ED000AB4EEE00AF1EE10FA0CDD9FEDE9
:10E58000090A10EE101A0163416C00EE101AB1EE88
:10E59000400A10EE101A816270470000D803002074
:10E5A000D40300200000000050F8341F00EE101AC1
:10E5B000C16D00EE901A60EE201A416A00EE101A4A
:10E5C000C16D00EE901A30EE200A81EE801A41688B
:10E5D00000EE101A416A00EE901A60EE201A00EE6A
:10E5E000101AC16D00EE901A30EE200AC1EE800ABA
:10E5F00031EE200A10EE101A40F834197047416BC2
:10E6000000EE101A016C00EE901AB4EEE00AF1EE82
:10E6100010FA01DD016C4163416B00EE101A016CD0
:10E6200000EE901AF1EE600AB4EEE00AF1EE10FA94
:10E6300007D2016C00EE101AB1EE400A10EE101A6B
:10E640004163704710B5416B00EE101A016C00EE8B
:10E65000901A9FED261A60EE810AB4EEE00AF1EE00
:10E6600010FA0BD3016800EE101AB0EEC00ADFED0D
:10E67000200AB4EEE00AF1EE10FA00D210BD0168F3
:10E6800000EE101A016900EE901A30EE600AF0EE0A
:10E69000C00A016800EE101AB0EEC00A80EE801ABF
:10E6A0009FED140AB4EEC01AF1EE10FA09DD50F82D
:10E6B000994F4168631C41F1000103604160993842
:10E6C00004E00022C0F89920C0F89D20D0F89940BD
:10E6D000D0F89D304FF4FA720021121B994102D2FA
:10E6E0000122A1210A5400BFC8E700006F12833A3B
:10E6F00017B7D1383333733F416A00EE101A016CFB
:10E7000000EE901AB4EEE00AF1EE10FA01DD016CB1
:10E710004162416A00EE101A016C00EE901AF1EEAF
:10E72000600AB4EEE00AF1EE10FA07D2016C00EED6
:10E73000101AB1EE400A10EE101A41627047D0F87C
:10E740009410D1B9816900EE101AC16900EE901AD7
:10E7500030EE200AB0EE001AC0EE010A816800EE29
:10E76000101A60EE800AD0F8901000EE101A20EE19
:10E77000800A10EE101A016320E0816900EE101A81
:10E78000C16900EE901A30EE200AF0EE000A80EE29
:10E79000201A816800EE101AD0F89410496800EE33
:10E7A000901A30EE200A61EE000AD0F8901000EEC8
:10E7B000101A20EE800A10EE101A0163704770B52F
:10E7C00004460026FAF7A2FE054672B66168206983
:10E7D000884201D920682061206906782069401CA0
:10E7E0002061A068401CA060E068401EE0602846F0
:10E7F000FAF7D6FE304670BD034619608818401EF1
:10E8000058609A600020D8601961596170472DE9FD
:10E81000F047044688461546FAF778FE824672B6F7
:10E82000B8F1000F00D13CE0A06800B939E06168A0
:10E830006069884201D920686061A068A84201DD52
:10E84000284600E0A068054661696068401A461CD9
:10E85000AE4209DB2E46324641466069F1F76CFE56
:10E860006069304460610FE0A5EB0609324641461D
:10E870006069F1F761FE08EB06014A462068F1F78E
:10E880005BFE206848446061A068401BA060E068AF
:10E890002844E0602F465046FAF782FE3846BDE82D
:10E8A000F0875046FAF77CFE4FF0FF30F7E701465D
:10E8B000C868704710EE101A0160816800EE901A67
:10E8C000C16801EE101A70EE811A816800EE901A8C
:10E8D00080EEA11A416800EE901A61EE200A81686C
:10E8E00001EE101AC16801EE901A31EE212A01EEF4
:10E8F000101AC1EE021A016801EE101A41EE810AE7
:10E9000010EE901A4160704710EE102AC2600A683B
:10E910008260DFED050A10EE902A0260DFED020A48
:10E9200010EE902A4260704700000000014671EE30
:10E93000602AF0EE621AB0EE602A30EE423A012010
:10E940008840401E02EE900AF8EEE22A63EE222A88
:10E9500082EEA13AFDEEC32A12EE900A7047F0EE65
:10E96000401AF4EEE01AF1EE10FA02D2B0EE600AAC
:10E970007047F4EEC11AF1EE10FA02DDB0EE410A72
:10E98000F6E7B0EE610AF3E700B5B0EE401AF0EE3C
:10E99000601A71EE210AB0EE600AF7F707F9B0EEDF
:10E9A000402A71EE610AB0EE600AF7F7FFF872EEE6
:10E9B000400AB0EE002A80EE820A00BD014601EB5B
:10E9C0004100024A02EB800070470000505B0020CB
:10E9D00030B5034613B94FF6FF7030BD09E013F8A8
:10E9E000014B82EA0400C0B2054D35F8100080EA00
:10E9F0002222081EA1F10101F1D11046EDE700002D
:10EA0000E21F010830B5034605E013F8010B80EA68
:10EA100002040448025D081EA1F10105A9B2F4D167
:10EA2000104630BDE11E010800487047956D00207A
:10EA300000BFEFF3058008B1012070470020FCE71C
:10EA400010B508480021016001711B210648F1F74B
:10EA5000EAFD0648002101601E210548F1F7E3FDAB
:10EA600010BD000071010020B86400207601002074
:10EA7000D364002003468B4201DA08467047934274
:10EA800001DD1046FAE71846F8E701700023C3706D
:10EA90000022427083700371704770B504460D46C2
:10EAA00061782171E07880B9204600F029F818B12A
:10EAB000A078401C41B2A17094F902000A281DDB25
:10EAC0000121E1700021A17018E0204600F018F843
:10EAD00018B9A078401C41B2A17094F902000A282C
:10EAE0000CDB0021E170A1706078401C40B26070C6
:10EAF00094F90100A84201D10020607070BD0000AF
:10EB000010B50446FFF790FF574908602078122897
:10EB100070D2DFE800F009111921293139424B5434
:10EB20005D667079828B9C944F480068807E08B146
:10EB3000012010BD0020FCE74B480068C07E08B1F2
:10EB40000120F6E70020F4E747480068007F08B19D
:10EB50000120EEE70020ECE743480068407F08B161
:10EB60000120E6E70020E4E73F480068807F08B125
:10EB70000120DEE70020DCE73B480068C07F08B1E9
:10EB80000120D6E70020D4E73748006890F820003D
:10EB900008B10120CDE70020CBE73348006890F8AA
:10EBA000210008B10120C4E70020C2E72E48006818
:10EBB00090F8220008B10120BBE70020B9E72A48FD
:10EBC000006890F8230008B10120B2E70020B0E708
:10EBD0002548006890F8240008B10120A9E700202A
:10EBE000A7E72148006890F8250008B10120A0E7B8
:10EBF00000209EE733E01C48006890F8260008B12A
:10EC0000012096E7002094E71748006890F8270055
:10EC100008B101208DE700208BE71348006890F8C9
:10EC2000280008B1012084E7002082E70E48006830
:10EC300090F8290008B101207BE7002079E70A4815
:10EC40000068C07D08B1012073E7002071E7064825
:10EC50000068007E08B101206BE7002069E700BF73
:10EC600000BF002065E7000050010020B4EEE01A6C
:10EC7000F1EE10FA00D27047B4EEC10AF1EE10FACC
:10EC80000EDD31EE602AF0EE421A03E030EE612A2A
:10EC9000B0EE420AB4EEC10AF1EE10FAF6DC13E06F
:10ECA000B4EEE00AF1EE10FA0ED231EE602AF0EE88
:10ECB000421A03E030EE212AB0EE420AB4EEE00A36
:10ECC000F1EE10FAF6D300BF00BFD4E7F3F718FD5A
:10ECD000F6F796FFF5F7EAFFF5F72CFFF5F7E6FEF6
:10ECE000F5F706FFF6F7BCF8F6F7DCF8F6F712F9D9
:10ECF000F6F72CF9F6F746F9F6F7F0F800F0B4FE5F
:10ED0000FEF70EF800F0BCFE00F0C6FEA820F2F7F9
:10ED1000DDF9F5F773FF00F012F900BFFEE70146D9
:10ED20000020842901D0CA1C1044704708B5184837
:10ED3000184908604FF4E1304860002115488160AF
:10ED4000C16001610C21416100218161C161F5F760
:10ED500043FA08B1F2F7EFF900BF002000900D4828
:10ED60000068006800900B4800684068009000BF91
:10ED700000BF08480068C06840F0100005490968F5
:10ED8000C860642204490348F7F724FC08BD00006A
:10ED900000780040240800200164002008B54FF4EA
:10EDA000FA7001F025F9534890ED000ADFED520AA0
:10EDB00030EEC00A10EE100A5049C1F801004D486B
:10EDC00090ED010ADFED4E0A30EE200A10EE100A37
:10EDD000C1F80500474890ED020AFEEE000A30EE49
:10EDE000200A10EE100AC1F809004248C068C1F8B4
:10EDF0000D00404890ED040ADFED420A30EE200A93
:10EE000010EE100AC1F811003A484069C1F8150027
:10EE1000FFF78CFF00F098F800906AE03A48D0F8CD
:10EE2000180890ED010A3348D0ED000A30EE600A70
:10EE300010EE100A3549C1F80100354890ED010A7D
:10EE40002C48D0ED010A30EE200A10EE100AC1F86D
:10EE500005002F4890ED020AB1EE400A2548D0ED9A
:10EE6000020A30EE200A10EE100AC1F80900284804
:10EE700090ED030A1F48D0ED030A30EE200A10EE91
:10EE8000100AC1F80D00224890ED040A1948D0ED8F
:10EE9000040A30EE200AB1EE400A10EE100AC1F862
:10EEA00011001B4890ED050A1248D0ED050A30EE1E
:10EEB000200A10EE100AC1F81500164800784876AE
:10EEC000114890F830078876692008706520C87668
:10EED0001C221148F1F730FB0A200F4908774FF444
:10EEE000FA631D220D48F5F736FC0721684600F04D
:10EEF00023F893E7580100204E62103F8164002000
:10EF0000EC51383FE3A5BB3FFC4D00206564002079
:10EF1000B85B0020B86400209B6400202408002017
:10EF200070B5044625460DB1294600E0012108468A
:10EF300001F05EF8002070BD02468120704710B5D8
:10EF400001F084F8002010BD10B5FFF771FD10B17D
:10EF500001F0CEFA10BD01F0C5FAFBE77FB504461B
:10EF60000D46606998B1A06988B1B4F90800FFF74F
:10EF7000D6FE0646D4E90510CDE9006102902B4685
:10EF80002269D4E9001001F03FFA039013E0B4F9CC
:10EF90000800FFF7C4FE064603A8CDE90060238AF7
:10EFA0009AB22B46D4E9001001F0FCF9012802D0F6
:10EFB000002004B070BD0398FBE700002DE9F0418C
:10EFC00005460E461C4807681C480068001D00F0F6
:10EFD000CFFE50B91948006890F82C1001208840E5
:10EFE00017490968814316480160681C38B936B171
:10EFF00012480168091D134800F004FF1AE07C194B
:10F000000E4800684460BC4207D20C480168091DE4
:10F010000D48006800F0DCFE0CE008480168091D9E
:10F020000A48006800F0D4FE09480068844201D212
:10F0300007480460BDE8F08148000020340000204B
:10F040004C000020200D00203C0000203800002053
:10F050006400002010B5044600F0E0FE234800687C
:10F06000401C224908602248006840B920480460DA
:10F070000846006801280DD100F03EF90AE01D485D
:10F08000006838B91A480068C06AE16A884201D845
:10F090001748046018480068401C1749086094F835
:10F0A0002C1001208840154909680843134908605D
:10F0B000E16A01EB8101124A02EB8100211D00F09F
:10F0C000A1FE00F0D5FE0B48006868B10848006852
:10F0D000C06AE16A884207D24FF08050094908604F
:10F0E000BFF34F8FBFF36F8F10BD000044000020AF
:10F0F0003400002050000020600000204C00002060
:10F10000440C002004ED00E010B516E000F086FE8F
:10F110000C48C068C468201D00F02AFE0A48006838
:10F12000401E0949086009480068401E07490860F8
:10F1300000F09EFE204600F00BF80448006800280E
:10F14000E4D110BD0C0D0020440000204000002040
:10F1500010B5044694F8510030B9206B00F0A6FEBB
:10F16000204600F0A3FE1AE094F85100012803D1D4
:10F17000204600F09BFE12E094F85100022801D1D5
:10F18000012000E0002050B900BF502080F311881A
:10F19000BFF34F8FBFF36F8F00BF00BFFEE710BDFF
:10F1A00030B54FF47053174800F007042CB1C01D60
:10F1B00020F00700134C041B1B1B0246124C22605C
:10F1C0000024114D6C60D018083820F007000F4C57
:10F1D000206000240D4D2D686C600C4D2D682C6056
:10F1E0001146441A4C60094C24680C60084D4C6868
:10F1F0002C60084D4C682C604FF00044064D2C608C
:10F2000030BD0000340D0020700000207800002088
:10F21000800000207C0000208C00002000BFFFF751
:10F2200073FF064800680128F9D94FF0805004495F
:10F230000860BFF34F8FBFF36F8FF0E7440C0020DF
:10F2400004ED00E02DE9FF5F81460E469246DDE9C0
:10F250000E7B109CAAF10100216B01EB800828F0C5
:10F26000070808F0070008B9012000E0002050B9A5
:10F2700000BF502080F31188BFF34F8FBFF36F8F13
:10F2800000BF00BFFEE786B1002507E0715D04F115
:10F2900034004155705D00B902E06D1C102DF5D3AE
:10F2A00000BF00214320015502E0002084F8340013
:10F2B000072F00D30627E76267640020A064201DA3
:10F2C00000F083FD04F1180000F07FFD2461C7F118
:10F2D0000700A06164620020E06484F850004946A1
:10F2E0004046039A00F050F92060BBF1000F01D0B6
:10F2F000CBF80040BDE8FF9F10B5002407E004EB09
:10F3000084010F4A02EB810000F052FD641C072CBF
:10F31000F5D30C4800F04CFD0B4800F049FD0B48BC
:10F3200000F046FD0A4800F043FD0A4800F040FDA9
:10F3300004480949086004480849086010BD0000F5
:10F34000440C0020D00C0020E40C0020F80C00201D
:10F350000C0D0020200D0020380000203C00002073
:10F3600010B50146164800E0006803688B42FBD3E5
:10F370000246436813448B4204D143684C682344DB
:10F38000436001460A464B6813440468A34211D106
:10F390000C4C03682468A34208D04B680468646876
:10F3A00023444B6003681B680B6005E0054B1B683A
:10F3B0000B6001E003680B60884200D0016010BD63
:10F3C00070000020780000200A490968096809B91E
:10F3D000012100E0002121B14FF0FF31064A116008
:10F3E00006E004490968C968C868034A41681160B1
:10F3F0007047000038000020640000200E480068BC
:10F40000401C08B9012000E0002050B900BF502086
:10F4100080F31188BFF34F8FBFF36F8F00BF00BF22
:10F42000FEE700BF502080F31188BFF34F8FBFF37A
:10F430006F8F00BF00BFFEE7900000202DE9F04174
:10F4400004464FF0000800F059FE4948006808B92A
:10F45000FFF7A6FE474800682040002870D1D4B1CD
:10F46000083404F00700B0B104F00700C0F1080050
:10F47000044404F0070008B9012000E0002050B95E
:10F4800000BF502080F31188BFF34F8FBFF36F8F01
:10F4900000BF00BFFEE7002C52D03748006884420E
:10F4A0004ED8364E3046056801E02E462D68686815
:10F4B000A04202D228680028F7D12D480068854272
:10F4C0003ED0306800F10808286830606868001B8A
:10F4D000102819D92F1907F0070008B9012000E0FA
:10F4E000002050B900BF502080F31188BFF34F8F28
:10F4F000BFF36F8F00BF00BFFEE76868001B786036
:10F500006C603846FFF72CFF1B4968680968081AC9
:10F51000194908600846006819490968884203D2F9
:10F520001548006816490860124968680968084368
:10F5300068600020286013480068401C114908607A
:10F5400001F084F808F0070008B9012000E000206D
:10F5500050B900BF502080F31188BFF34F8FBFF325
:10F560006F8F00BF00BFFEE74046BDE8F08100009E
:10F57000780000208C0000207C000020700000201B
:10F580008000002084000020001F4FF08073036083
:10F59000001F21F001030360001F054B03601438B6
:10F5A0000260001F6FF00203036020387047000004
:10F5B000FDF3000838B504460020009000253048CF
:10F5C00021680160217901716D1D6019008800902A
:10F5D000AD1CBDF80000A0F2012030B108280AD00F
:10F5E000A0F20110002847D10AE061191B2225482A
:10F5F000F0F7A2FF41E061192348096801603CE08F
:10F6000061191E222148F0F797FF214841780171C6
:10F61000C07898B91D48007E28B11D488078401CEC
:10F6200041B21B4881701A4890F90200012822DB80
:10F6300001211748C170002181701CE01348007E31
:10F6400028B913488078401C41B211488170104895
:10F6500090F9020001280EDB00210D48C170817075
:10F660004078401C40B20A49487008464078022859
:10F6700001D10020487000E000BF00BF38BD00008D
:10F6800071010020B864002076010020D3640020BE
:10F690007D01002070B50025A526764CE3E0764874
:10F6A000FFF78DF8054694F88600082875D2DFE844
:10F6B00000F004222E535F7B9FB4B5420AD1012093
:10F6C000873404F8010C2188481C24F88709A01D00
:10F6D00045540FE0A92D0AD10620873404F8010C07
:10F6E0002188481C24F88709A01D455402E0002009
:10F6F000A4F88700B6E0A580B4F88710481CA4F8E9
:10F700008700A01D4554022084F88600AAE0A08846
:10F7100040EA0520A080B4F88710481CA4F88700B0
:10F72000A01D4554A088772803D2032084F88600C2
:10F7300004E0002084F88600A4F88700A0881E2832
:10F7400002D0A0881C2803D101204C49087002E097
:10F7500000204A49087085E034F8871F2088401C43
:10F7600024F88709A01D4554042084F8860079E018
:10F7700034F8871F2088401C24F88709A01D4554B1
:10F78000B4F8870005280ED10521A01D00F024FD46
:10F7900020B1052084F8860005E05DE0002084F8B3
:10F7A0008600A4F887005DE0B4F88710A0880930CF
:10F7B000814207D234F8871F2088401C24F887092B
:10F7C000A01D4554B4F88710A088093081420ED39B
:10F7D000002084F88600A4F88700A08800F10901C1
:10F7E000A01D00F0D9FC10B1A01DFFF7E3FE39E029
:10F7F000532D0CD10720873404F8010C2188481CB4
:10F8000024F88709A01D45541120A08004E00020A1
:10F8100084F88600A4F8870024E0B4F8870015284F
:10F8200007DA34F8871F2088401C24F88709A01DB8
:10F830004554B4F8870015280DDB002084F88600B5
:10F84000A4F887001521A01D00F0A6FC18B10C49F2
:10F85000A01D00F033F805E0002084F88600A4F82D
:10F86000870000BF00BF0448FFF721F800287FF49D
:10F8700016AF70BD0C6D0020F468002084010020DC
:10F88000956D0020FFF7DCF84FF4806205490648CB
:10F89000FEF7B2FF04E0FFF7FDFE0220FFF740FB9A
:10F8A000F9E700000C690020F468002001460248D6
:10F8B00000EB011070470000985B002010B500B10C
:10F8C00001B910BD03780B7043784B700B78A92BEE
:10F8D00002D14B78532B00D0F3E7437C847C43EA7E
:10F8E00004228378C47843EA0423C3F30A034B80D9
:10F8F000C378DB10047943EA4413C3F30A048B1C76
:10F900008C8003799B11447943EA8403847943EA28
:10F910008423C3F30A048B1C0C8183795B10C479A4
:10F9200043EAC413C3F30A048B1CCC80C379C3F32A
:10F9300001144C73C379C3F380140C73C379DC09CD
:10F940008C73037A03F00104CC73037A5B10447A5E
:10F9500043EAC413C3F30A048B1C4C81437AC3F3F8
:10F9600000140C74837AC47A43EA04231BB2A1F80E
:10F970001130037B447B43EA04231CB201F11103E1
:10F98000A1F81340837BC47B43EA04231CB201F13A
:10F990001103A1F81540037C03F00104CC75037C2E
:10F9A000C3F380040C76037CC3F300144C76C37C51
:10F9B000047D43EA04234B854B88A3F580631BB287
:10F9C0004B808B88A3F580631CB28B1C8C80CB880A
:10F9D000A3F580631CB28B1CCC804B89A3F580639C
:10F9E0001CB28B1C4C810B89A3F580631CB28B1C51
:10F9F0000C8102F001038B76C2F34004CC76C2F393
:10FA000080040C77C2F3C0044C77C2F300148C77E7
:10FA1000C2F34014CC77C2F3801420235C54C2F3A9
:10FA2000C01421235C54C2F3002422235C54C2F38B
:10FA3000402423235C54C2F3802424235C54C2F367
:10FA4000C02425235C54C2F3003426235C54C2F343
:10FA5000403427235C54C2F3803428235C54D40BF5
:10FA600029235C5400BF2CE710B54FF40072034902
:10FA7000A1F5007000F044F810BD0000F46600200D
:10FA800000B54FF400720349A1F5007000F0D4F8FE
:10FA900000BD0000984B002008B500BF002000907A
:10FAA00009480068006800900748006840680090B6
:10FAB00000BF00BF04480068C06840F02000024951
:10FAC0000968C86008BD000024080020B0EE401A94
:10FAD00030EEC10AF0EE401AB0EE412A00EE100AF4
:10FAE000B8EEC00A60EE212A01228A40521E00EEC2
:10FAF000102AB8EEC03A82EE830A30EE020A70474E
:10FB000010B5474B1B685B6943F04003444C2468C5
:10FB10006361434B1B685B6943F08003404C24687E
:10FB200063613F4B1B68DB6843F010033C4C246867
:10FB3000E3603C4B1B681B6823F00103394C2468CD
:10FB4000236007E0374B1B681B6823F00103354C2B
:10FB500024682360334B1B681B6803F00103002BF0
:10FB6000F0D1304B1B68304CA34204D9E3142E4C27
:10FB70004C3C236019E02B4B1B682C4CA34204D94E
:10FB8000E314294C503C23600FE0264B1B68274CA4
:10FB9000603CA34204D9E314244CB83CE36004E085
:10FBA0004FF40063214CB83CA360214B1D4C2468EA
:10FBB000A3601C4B1B68D8601A4B1B681961194B5A
:10FBC0001B685A60174B1B681B6843F48023154C55
:10FBD00024682360134B1B681B6843F00103114C1E
:10FBE00024682360134B1B681B6823F00103114C2E
:10FBF0002468236007E00F4B1B681B6823F0010398
:10FC00000C4C246823600B4B1B681B6803F001033A
:10FC1000002BF0D1064B074C2468A36010BD0000F8
:10FC2000B4080020C40A002058640240B8600240B2
:10FC300004440040240B002010B5474B1B685B694F
:10FC400043F04003444C24686361434B1B685B6989
:10FC500043F08003404C246863613F4B1B68DB68C2
:10FC600043F010033C4C2468E3603C4B1B681B686A
:10FC700023F00103394C2468236007E0374B1B68ED
:10FC80001B6823F00103354C24682360334B1B6849
:10FC90001B6803F00103002BF0D1304B1B68304C84
:10FCA000A34204D9E3142E4C4C3C236019E02B4BA7
:10FCB0001B682C4CA34204D9E314294C503C23600C
:10FCC0000FE0264B1B68274C603CA34204D9E31489
:10FCD000244CB83CE36004E04FF40063214CB83C92
:10FCE000A360214B1D4C2468A3601C4B1B68D8608B
:10FCF0001A4B1B681961194B1B685A60174B1B681C
:10FD00001B6843F48023154C24682360134B1B6845
:10FD10001B6843F00103114C24682360134B1B68DC
:10FD20001B6823F00103114C2468236007E00F4B8C
:10FD30001B681B6823F001030C4C246823600B4BE9
:10FD40001B681B6803F00103002BF0D1064B074C26
:10FD50002468A36010BD0000FC080020840B002074
:10FD600058640240B860024004140140E40B0020D3
:10FD700001460A69D1E901309860D1E90103586070
:10FD80005068884201D1886850600020086110687E
:10FD9000401E106010687047034B0360034B0B60FC
:10FDA0008023136070470000E00400203405002029
:10FDB00000F1080141604FF0FF31816000F108015E
:10FDC000C16001610021016070470021016170473D
:10FDD00010B502460B685C1C0CB9106907E002F113
:10FDE000080000E04068446824689C42FAD94468EE
:10FDF0004C604C68A160886041600A611468641CB2
:10FE0000146010BD42684A6093688B6093685960C3
:10FE10009160086103685B1C0360704700BF50205D
:10FE200080F31188BFF34F8FBFF36F8F00BF0E4871
:10FE30000068401C0C49086008460068012812D17F
:10FE40000A480068C0B208B9012000E0002050B99B
:10FE500000BF502080F31188BFF34F8FBFF36F8F27
:10FE600000BF00BFFEE770479000002004ED00E0F7
:10FE70000D48006850B900BF502080F31188BFF3CF
:10FE80004F8FBFF36F8F00BF00BFFEE706480068CB
:10FE9000401E054908600846006820B9002080F32C
:10FEA000118800BF00BF70479000002070B5064663
:10FEB0003546002E44D0083D2C462249606809682A
:10FEC000084008B1012000E0002050B900BF5020D8
:10FED00080F31188BFF34F8FBFF36F8F00BF00BF58
:10FEE000FEE7206808B9012000E0002050B900BFFB
:10FEF000502080F31188BFF34F8FBFF36F8F00BF87
:10FF000000BFFEE70F49606809680840C0B120687B
:10FF1000B0B90C49606809688843606000F0EEF889
:10FF20000949606809680844074908602046FFF7E6
:10FF300017FA06480068401C0449086000F086FB78
:10FF400070BD00008C0000207C0000208800002094
:10FF500000204FF0E02108618861064800684FF4F6
:10FF60007A71B0FBF1F0401E4FF0E02148610720AC
:10FF7000086170473000002070B5F0F7E7F90446DB
:10FF8000102C16D304F1E02090F8F05315480078B7
:10FF9000854201DB012000E0002050B900BF502065
:10FFA00080F31188BFF34F8FBFF36F8F00BF00BF87
:10FFB000FEE70D48006800F4E0600C4909688842DB
:10FFC00001D8012000E0002050B900BF502080F38C
:10FFD0001188BFF34F8FBFF36F8F00BF00BFFEE7E5
:10FFE00070BD0000940000200CED00E0980000209F
:10FFF00070B504460025D4B11248006808B9012044
:020000040801F1
:1000000000E0002050B900BF502080F31188BFF3FA
:100010004F8FBFF36F8F00BF00BFFEE700F06EF899
:1000200000212046FEF7CAFF00F010FB05463DB94F
:100030004FF0805004490860BFF34F8FBFF36F8FBC
:1000400070BD00006C00002004ED00E010B586B02B
:1000500000200590049003AA04A905A8FFF79CFEC0
:100060000022DDE904101346CDE9002102901CA115
:100070001D48039A00F0C8F91C490860084600684A
:1000800008B1012400E00024012C15D100BF50204C
:1000900080F31188BFF34F8FBFF36F8F00BF4FF016
:1000A000FF301349086001201249086000201249FE
:1000B000086000F0A9F810E0601C08B1012000E021
:1000C000002050B900BF502080F31188BFF34F8F3C
:1000D000BFF36F8F00BF00BFFEE706B010BD00008A
:1000E00049444C45000000001DF200086800002053
:1000F00064000020500000204800002002480068F2
:10010000401C0149086070476C0000201D480068D1
:1001100018B101201C49086032E000201A4908602B
:100120001A480068B0FA80F0C0F11F0101EB8100AD
:10013000174A52F8200008B1012000E0002050B911
:1001400000BF502080F31188BFF34F8FBFF36F8F34
:1001500000BF00BFFEE701EB81020D4B03EB820005
:1001600042685268426000F108024368934202D13B
:100170004268526842604268D268064B1A6000BF0B
:10018000704700006C000020580000204C00002048
:10019000440C00203400002070B505460C460026B3
:1001A0000DB1022C01D8002070BDA11E09480288A3
:1001B0002846FEF70DFC0646F1B2A01E285C8142DF
:1001C00006D1601E285CB0EB162F01D10120EBE7B1
:1001D0000020E9E7E803002070B505460C4600263C
:1001E0000DB1022C01DC002070BD601E81B2FF2227
:1001F0002846FEF707FC0646601E285CB04201D187
:100200000120F1E70020EFE71CB552480068524991
:10021000884201D0012000E0002050B900BF5020EA
:1002200080F31188BFF34F8FBFF36F8F00BF00BF04
:10023000FEE7484800684849491E884201D001202D
:1002400000E0002050B900BF502080F31188BFF3B8
:100250004F8FBFF36F8F00BF00BFFEE73F490846D7
:1002600000780190FF200A46107008460078009040
:100270009DF8000000F0F0009DF80020904201D1B0
:10028000012000E0002050B900BF502080F3118809
:10029000BFF34F8FBFF36F8F00BF00BFFEE79DF826
:1002A000000000F050002E4A107007202D4A106008
:1002B00009E02C480068401E2A4A10609DF80000A2
:1002C0004006000E00909DF8000000F0800080289D
:1002D000EFD024480068C0F10700042801D10120B4
:1002E00000E0002050B900BF502080F31188BFF318
:1002F0004F8FBFF36F8F00BF00BFFEE71948006844
:100300000002184A10601046008800F4E060106097
:10031000124A019810700F482030006840F47000B5
:100320000C49203108600846006840F070400860C1
:10033000FFF70EFE00200C490860EFF7CFFF0B48D7
:10034000006840F0404009490860EFF7B3FF002023
:100350001CBD000000ED00E071C20F4100E400E0B0
:1003600094000020980000209000002034EF00E06E
:1003700010B500BF502080F31188BFF34F8FBFF33B
:100380006F8F00BF00F0BEF818B14FF080500449E5
:10039000086000BF002080F3118800BF10BD00007E
:1003A00004ED00E02DE9FF4F85B0804689461746F1
:1003B000DDE912ABB800FFF741F8064656B154200C
:1003C000FFF73CF804460CB1266304E03046FFF723
:1003D0006DFD00E000248CB1002084F85100CDE9CF
:1003E00000ABCDE902403A4649464046089BFEF73D
:1003F00029FF2046FEF72EFE012501E04FF0FF35D4
:10040000284609B0BDE8F08F2DE9F04F85B00746CA
:10041000884691469A46DDE90EB6109C0EB1012041
:1004200000E0002050B900BF502080F31188BFF3D6
:100430004F8FBFF36F8F00BF00BFFEE70CB10120ED
:1004400000E0002050B900BF502080F31188BFF3B6
:100450004F8FBFF36F8F00BF00BFFEE754200390A4
:100460000398542801D1012000E0002050B900BFBA
:10047000502080F31188BFF34F8FBFF36F8F00BF01
:1004800000BFFEE700BFB4B1AEB125462C462E63D7
:10049000022085F85100002004A953464A46CDE9C0
:1004A00000B1CDE9025041463846FEF7CBFE284662
:1004B000FEF7D0FD01E000200490049805B0BDE8EF
:1004C000F08F00000549096809B9012005E00449D9
:1004D000096809B9022000E00020704750000020A0
:1004E0006C000020014908687047000048000020A7
:1004F00070B5FFF741FD002501480468204670BD36
:10050000480000202DE9F0414FF000084448006801
:1005100000287CD143480068451C4248056015BB53
:1005200041480068006808B9012000E0002050B987
:1005300000BF502080F31188BFF34F8FBFF36F8F40
:1005400000BF00BFFEE738480768384800683649F2
:1005500008603648076036480068401C3449086027
:10056000FEF732FF00BF3348006885423CD300BF2E
:100570002D480068006808B9012000E0002020B183
:100580004FF0FF302B4908602DE027480068C06815
:10059000C4686668B54202D22648066023E0201D82
:1005A000FFF7E6FBA06A18B104F11800FFF7E0FBC3
:1005B00094F82C10012088401F49096808431E49FF
:1005C0000860E16A01EB81011C4A02EB8100211DF8
:1005D000FFF718FC1A49E06A0968C96A8842C7D35C
:1005E0004FF00108C4E700BF15480068C06A00EB7F
:1005F0008000124951F82000012801D94FF001086C
:100600001048006808B14FF0010805E0FFE70E4808
:100610000068401C0C4908604046BDE8F0810000BD
:100620006C00002048000020380000203C00002022
:100630005C000020640000204C000020440C0020DE
:1006400034000020580000205400002070B5002421
:1006500000263648006850B900BF502080F311884A
:10066000BFF34F8FBFF36F8F00BF00BFFEE7FFF7F1
:10067000D5FB2E480068401E2C49086008460068DB
:1006800000284FD12A48006800284BD024E0294890
:10069000C068C46804F11800FFF76AFB201DFFF76B
:1006A00067FB94F82C10012088402349096808430F
:1006B00021490860E16A01EB8101204A02EB8100D7
:1006C000211DFFF79FFB1E49E06A0968C96A88423D
:1006D00002D301201B4908601648006808B90120B0
:1006E00000E000200028D2D00CB1FEF76DFE1648C5
:1006F000056865B100BFFFF705FF10B10120114982
:1007000008606D1E002DF6D100200F4908600D48CD
:10071000006838B1012630070C490860BFF34F8FDD
:10072000BFF36F8FFFF7A4FB304670BD6C00002055
:1007300044000020F80C00204C000020440C002055
:1007400034000020580000205400002004ED00E098
:1007500021F00042A2F16052B2F5801F01F0004387
:1007600028BFD2F17E6C51D9F1EE10CA1CF4400FB3
:1007700014D15FEAC00C43EAC20202EB507008BF1A
:1007800070475FEA4C0C40F10000DFF880C240F097
:100790009D8728BF20F0010000F098BFC30001F042
:1007A000004343EAC20202EB507008BF70471B428D
:1007B00048BF4FEA4C0C1CF4000F08BF401CDFF888
:1007C0004CC200F083BFC30001F0004343EAC20201
:1007D00002EB507204BF104670471B4248BF4FEAFD
:1007E0004C0C1CF4000FDFF824C218BF104640F078
:1007F0006D8708BF521C12F4000F08BF104600F0AE
:10080000658721F0004201F0004330E050EA410CDE
:1008100004BF084670475FEA125CBCF1FE0F1ED1B0
:10082000F1EE10CA1CF4400FCDD15FEAC00C9BD092
:100830005FEA001C4FEAC20C4CEB507C04BFC200C4
:100840002CEAD27C1CF4000F04BF4CEA0300DFF852
:10085000BCC100F03B8721F00042A2F16052B2F52A
:10086000801F4FEA410C2ADB1CF5001F16D2F1EE67
:1008700010CA1CF4806F06D02CF0005C4CF0805C39
:10088000A1F140612AE04FF07F40DFF884C143EAE4
:10089000500000F01BBF084601F0C9B870B500F069
:1008A00015FB00BF000000B988000004FFF7F3BF8C
:1008B00021F0704243EA507040EAC2007047F1EE06
:1008C00010CA2CF0805C4CF0005C1CF4006F25D04A
:1008D0004B00B3F5001F51D301F140611CF4400FF0
:1008E00040F07E800CF0405CC3004CF0880C11D0CE
:1008F0005CF0404C10F0805F0CD0034610F10050CB
:1009000041F10001020108BF20F00050834218BFEE
:100910002CF0004C00F0604001F085B91CF4400F51
:100920001AD01B4248BF4FEA4C0C1CF4000F13D1E5
:1009300012F1406248BF22F07F424FEAC00CBCF186
:10094000010F43EAC20242EB50704FF0880228BF09
:1009500042F0804201F070B812F1406248BF22F0CC
:100960007F425FEAC00C43EAC20242EA50704FF095
:10097000880218BF42F0404201F05EB801F0004327
:1009800021F00041094214D0B1FA81FCACF10B0C0A
:10099000CCF1200201FA0CF120FA02F241EA020144
:1009A0004FEA0C5200FA0CF0A1EB020181EA0301BC
:1009B0000FE0B0FA80F200FA02F002F115024FEAFD
:1009C000D0214FEA0252A1EB02014FEA405081EAE6
:1009D0000301F1EE10CA2CF0805C4CF0005C7BE768
:1009E00062460CF0405CC3004CF0880C92D05CF086
:1009F000404C094248BF520012F4000F8AD110F156
:100A0000005041F100012CF0004C83D188000040DF
:100A10008800001010B5DFF840E211F5801C13F5D6
:100A200080141EEA4C0F18BF1EEA440F00F0C88065
:100A300091EA030F48BF83F0004300F15084841A09
:100A400071EB030C05D2121943EB0C03001B61EB95
:100A50000C014FEA1154A4EB135C23EA6E0321EA64
:100A6000045143F48013DCF1200E53D322FA0CFE20
:100A700010EB0E0023FA0CFE41EB0E01CCF1200E20
:100A800003FA0EFE10EB0E0051F10001B1F5801FCC
:100A9000CCF1200E53D201EB045112FA0EF2BDE854
:100AA000104008BF7047F1EE10CA1CF4400F1ED171
:100AB0004FF0110C92F0000F4CF0804C40F1068684
:100AC000401C38BF5FEA420240F00086002814BF95
:100AD00020F0010041F100014FEA410313F5001F2E
:100AE00024BF4CF0805CA1F1C04100F0EFBD11F0DB
:100AF000004F54BF1CF4000F1CF4800F4FF0110C7A
:100B00004CF0804C40F0E285401CC0F0DF8541F1A4
:100B10000001E1E7012A43EB0302ACF1200CDCF118
:100B20001F0E32BF4FF0000E23FA0CF310EB030040
:100B300041EB0451B4EB115FAFD0A1EB045101F5CF
:100B4000801149085FEA300002FA0EF242EA4202DE
:100B500001EB04515FEA320213D0BDE81040F1EE20
:100B600010CA1CF4400F1AD14FF0110C92F0000F74
:100B70004CF0804CB0D5401C38BF5FEA4202ABD18C
:100B8000A4E7BDE810404FEA410313F5001F38BF4A
:100B90007047DFF8C8C0A1F1C04100F097BD11F067
:100BA000004F54BF1CF4000F1CF4800F4FF0110CC9
:100BB0004CF0804C90D1401C8ED341F100018BE76A
:100BC0004EF4001E3EEA410418BF3EEA430439D009
:100BD00091EA030F48BF83F0004300F17B84841A3D
:100BE00071EB030C05D2121943EB0C03001B61EBF4
:100BF0000C0152EA430E4FEA1154A4EB135C13D0DC
:100C00005FEA445E21EA04511CBF23F00043ACF1CB
:100C1000010C7FF428AFBDE810404FF0110C801894
:100C200041EB030100F03DBC5FEA445EBDE81040CB
:100C300018BF704750EA410C08BF70474FF0110CC5
:100C400000F02FBCBDE8104070B500F03FF900BFC8
:100C500064FBBE3E110000040000C0FF1100001044
:100C6000491058BFC1F140415B1058BFC3F1404328
:100C70008B42EFF300807047B1FA81F201FA02F182
:100C8000C2F11D024FEA415003EB025303EBD121A5
:100C90007047000051EA030C11D41CF5801F00F1CD
:100CA0000680994218BF704708BF9042704711F5FF
:100CB000801F58BF13F5801F18D4994270471CF548
:100CC000801F09D550EA410C0EBF52EA430C8B42FB
:100CD000704708BF824270474FF4001C1CEB410F65
:100CE00038BF1CEB430F01D28B42704770B500F048
:100CF000EDF800BF0000003F19001604FFF7B0BF79
:100D00004FF000514FF08053FFF7AABFDFF8B4C196
:100D100070B51CEA111E1EBF1CEA13159EEA0C0FCB
:100D200095EA0C0F00F0948081EA030421EA4C114B
:100D30004EEAD47E23EA4C13AE4441F4801143F4CE
:100D40008013A1FB024CA0FB0365AEF17F7E361938
:100D500055EB0C05A1FB034C4CF10003A0FB021C5E
:100D600016EB0C06654153F10003094218BF46F02B
:100D7000010613F4007F0BD14FEA03314FEA05302F
:100D8000340341EA155140EA16506FF003020AE0BD
:100D90004FEAC3214FEAC520F40241EA555140EA27
:100DA00056506FF00202264602EB2E4201EB02552E
:100DB00085EACE7127D0F1EE10CA05461CF4400C2E
:100DC00014D15FEA440C18BF24F0004450F1000035
:100DD00041F1000120EAD47040F2FD7C624517D257
:100DE000BDE87040DFF8E0C000F070BC5FEACE7490
:100DF00054BF1CF4000F1CF4800F08BF10F1010059
:100E000041F10001E8E740F2FE7C624504D270BD8A
:100E100008BF11F4801FE3D0A84214BF4FF08044F4
:100E20004FF04044002E08BF0024BEF1806FD8BFB1
:100E300001F1C041A8BFA1F1C04144F0130CA8BF0B
:100E40004CF0805CBDE8704040F3828300F03EBC13
:100E50009EEA0C0F0CEA131518BF95EA0C0F19D077
:100E600091EA030F48BF4EF0010E50EA410418BF4B
:100E700052EA430409D000F0AAF8641986EA46064B
:100E80004FEA044E4EEAD67E5BE74FEACE714FF052
:100E9000000070BD00F01AF88900013E1300000444
:100EA00000F005B800F007B852EA430C06D081EA1A
:100EB000030100F0C4B850EA410CF8D15FF824C037
:100EC00000F004BC0000FF07130000400EF1020E0A
:100ED0002EF0030E01285EF8086B41EB010414F5B7
:100EE000001418BFB4F5801F23D3364208D4012A5A
:100EF00043EB030515F5001518BFB5F5801F18D392
:100F000001EB010C1CF5801F16D2364204D403EB12
:100F1000030C1CF5801F0FD2002C10D14FEAD17C9E
:100F2000002D0CEB4C0C0CF1020C08BF4CEBD37CED
:100F300007E04FF0090C04E04FF0080C01E04FEA25
:100F4000D37C0CEB4C0526FA05F606F00706B6F145
:100F5000040C06D20EEB860CBDE870404CF0010C80
:100F60006047DFE80CF0222413025EF804CC1B2D4E
:100F700008D1002C88BFB4F5801F34BF4CF4804CDE
:100F80004CF4004CBDE8704000F0A0BB002C88BFC2
:100F9000B4F5001F24BF1946104670BD4FF0000085
:100FA0004FF00041A1F5002170BD194610460128FF
:100FB00051EB010418BFD4F5001484BF5EF804CCD3
:100FC0002CF0806CBDE8704000F25F83704780B504
:100FD0004FF003065C004FEA03334FEA3606640D18
:100FE0004FEA133318BF43F480131CD153EA125E47
:100FF00004F1010402BF13460022203C1B4202BF41
:10100000130B1205143CB3FA83FEAEF10B0ECEF1B6
:10101000200C03FA0EF322FA0CFC02FA0EF2A4EBF7
:101020000E0443EA0C030FB416F0010F0CBC03BC12
:1010300018BF2546CED180BD80B50126F3E708084C
:10104000A0F500114FEA3101704753EA010C11D4A9
:101050001CF5801F00F106808B4218BF704708BF47
:101060008242704713F5801F58BF11F5801F18D4B6
:101070008B4270471CF5801F09D552EA430C0EBF06
:1010800050EA410C9942704708BF904270474FF4B4
:10109000001C1CEB430F38BF1CEB410F01D29942DF
:1010A00070470FB40CBC03BCFFF720BE2DE9F04124
:1010B00001F5801CBCF5001FC0F2DC804FEA115C1A
:1010C00021EA0C5141F480110CF1FD0C5FEA5C0C3B
:1010D0000CF5C07C01D34000494135A4890241EAA6
:1010E000905187028E0E0A0CA45D04FB04F602FBED
:1010F00006F6C6F14046A4FB0662F60D46EA422615
:1011000006FB06F4A4FB01235242C3F1404338BF5F
:101110005B1EA6FB02420024E6FB0324D20B42EA3C
:101120004446A6FB0623A1FB02E2A3FB07E4E3FB84
:1011300061426442C2F1404E38BFAEF1010EA6FBDF
:1011400004234FF00002E6FB0E32A2FB03463400FC
:10115000E2FB6264A1FB06E6A4FB07E8E4FB61682E
:101160007642C8F1405838BFA8F10108A2FB06E456
:10117000A3FB08E5E2FB6854A1FB05E6A7FB04E836
:10118000E1FB648618F12005F1EE104A56F10006E5
:10119000A809B10914F4400F40EA866028D1A8F1EB
:1011A0001B0808F01F08B8F10A0F21D9BDE8F0416B
:1011B00001EB0C514FF0170C4CF0804C00F086BA4C
:1011C000FCF5EEE8E2DDD8D3CFCBC7C3C0BDB9B6DE
:1011D000B4B1AEACA9A7A5A3A19F9D9B9A989695E3
:1011E0009392908F8D8C8B8988878685848382816A
:1011F000A0FB006800FB01F208EB4208B8EB87286F
:1012000058EA060215D014F4400F16D118EA080F58
:1012100007D5341858EB0104C8D5401C51F1000122
:10122000C4E7341A78EB0104C0D4401E71F1000108
:10123000BCE701EB0C51BDE8F08114F4000F0CD1B8
:1012400018EA080FB2D5361858EB0108401C51F1C6
:101250000001361858EB0108F2E718EA080FA5D488
:10126000361A78EB0108401E71F10001361A78EB4E
:101270000108F2E75FEA4C0C5FEA9C5C14D10AD3E8
:1012800050EA013C01D1BDE8F08109420CD4FFF7DE
:10129000D3FEA44618E7BDE8F04170B5FFF716FE8F
:1012A0006DDBFFBE17000004BDE8F0415FF80CC025
:1012B00000F00CBA10B5DFF894E211F5801C13F5BC
:1012C00080141EEA4C0F18BF1EEA440F00F0F38092
:1012D00091EA030F48BF83F000433FF5B0AB841A97
:1012E00071EB030C07D212198CF0004C43EB0C038A
:1012F000001B61EB0C0152424FEA1154A4EB135C4A
:1013000023EAAE0321EA0451C3EBAE0338BF5B1EF0
:10131000DCF1200E48D322FA0CFE10EB0E0043FA4B
:101320000CFE41EB0E01CCF1200E03FA0EFE10EB89
:101330000E0051F10001CCF1200E4CD412FA0EF245
:1013400001EB0451BDE8104008BF7047F1EE10CA30
:101350001CF4400F14D14FF0120C92F0000F4CF01F
:10136000804C40F1B381401C18BFB2F1004F40F0F7
:10137000AD8100280CBF491C20F0010000F0A6B987
:1013800011F0004F54BF1CF4000F1CF4800F4FF0FD
:10139000120C4CF0804C40F09981401C40F096813A
:1013A00041F1000100F092B912EB020E43EB03028F
:1013B00018BF4FF0010E4EEA4202ACF1200CDCF1F6
:1013C0001E0E4BD943FA0CFE10EB0E0051F1FF310B
:1013D000CCF11E0EB2D50EF1010E12FA0EFE4041F6
:1013E00041EB010101EB445C5FEA5C5C06D95FEA1A
:1013F0000E0201EB0451BDE81040A5E73BD24FEAD5
:10140000D42C11F5001124F400641AD0B1FA81F241
:101410000B3AA41AA41ED2F12003914030FA03F330
:101420001943904001EBCC71002C01EB0451BDE855
:101430001040A8BF704701F1C0414FF0120C00F0FE
:1014400087B8B0FA80F310FA03F101D1BDE810407B
:1014500019D0E41A173C4805C90AE3E701EB045127
:10146000BDE81040401E61F100015FF0FF326BE704
:1014700001EB045110BD491001EB0451BDE81040CF
:101480004FEA30000BE0F1EE10CA4FF000010CF40F
:10149000400CBCF5000F08BF4FF0004170474FF003
:1014A000120C4A0008BF0042EDD0B2F5001F28BF61
:1014B000704700F0EAB84EF4001E3EEA410418BF3F
:1014C0003EEA430434D091EA030F48BF83F000435F
:1014D0003FF585AB841A71EB030C07D212198CF01F
:1014E000004C43EB0C03001B61EB0C0152EA033E82
:1014F0004FEA1154A4EB135C14D05FEA445E21EA76
:10150000045109D023F000435242ACF1010CC3F165
:10151000000338BF5B1EFBE6BDE81040801A61EB9C
:101520000301BCE7BDE8104050EA410CB7D1AAE77F
:10153000BDE8104070B5FFF7C9FC00BF40DFF63EC4
:101540001100000483F00041104670470000C0FF06
:10155000F1EE103A13F0807F1EBF01F00041002031
:10156000704713F4006F40F0AA80094248BF4CF462
:10157000803C4FF4C0634FEA115203F1010321EAAA
:10158000025122F400629A1A48BF6FF0FE0241F441
:101590008011352A3CD830D0152A1ED3203A0CD9D8
:1015A0000028C2F1200321FA02F001FA03F218BF69
:1015B00042F001024FF0000130E0C2F1000302F1FD
:1015C000200201FA03F120FA02F241EA020100FAD4
:1015D00003F208464FF0000120E0C2F1200310B4EE
:1015E00000FA03F401FA03F320FA02F021FA02F1FF
:1015F000224610BC43EA000010E050EA01324FF0EE
:1016000000004FF000014FF0004218BF521C05E0EF
:101610004FF001024FF000014FF000001CF4803F3A
:101620002CF4803C18BF41F0004112421ED0F1EE74
:10163000103A13F4400F20D1520003D30CD0401CB9
:1016400041F10001F1EE103A4CF0804C43F00803F8
:10165000E1EE103A00F03AB85FEAAC72EFD4F1D1A3
:10166000401C41F1000120F00100EBE71CF0804F2D
:1016700008BF70472CF0004CE4E7094254BF13F454
:10168000000F13F4800FDDD1D9E7F1EE103A13F01B
:10169000807F1EBF01F000410020704713F4006FEF
:1016A00008BF70472DE9F050FFF7C6FC04F5C06491
:1016B000A4F10104314301EB0451BDE8F0504CF0BA
:1016C000005C4CF0800C00F0AEBA00001CF0700F13
:1016D00008BF0A460FB4F1EE101A0CF0405030EA81
:1016E000814318BF4CF0804C4FEA4C0310EA814F05
:1016F0004FEAD36323EA112318BF23F0100341EA12
:10170000030101F0E073E1EE101A4CEA030C0CF057
:101710000F030A2B1DBF082B0CF070034CEAC30CFF
:101720004FF4003304BF33EA0C034CF4400C1CF0BC
:10173000005F14D11CF0805F0BD11CF0804F31D1C1
:101740001CF0006F12D111F4807F0FBC62D000F04A
:101750006ABA11F4806F0FBC2BD000F064BA11F498
:10176000006F0FBC08BF704700F05DBA11F4007F36
:101770000FBC40F058821CF0400F1EBF4FF00040DD
:1017800040F0010070471CF0100F14BF81EA030203
:1017900042400CF00F000A2808BF4FF0FF324FF014
:1017A000000326E011F4805F0FBC08BF704700F013
:1017B0003ABAF1EE103A2CF0805C1CF0800F14BFA6
:1017C00001F0004200F0004212420CBF12EA336FF7
:1017D00012EAF35F0DD31CF0100F1DBF30A003C839
:1017E0001143314808BF104313F4805F40F01B825F
:1017F00070471CF0100F02F000421DBF0FF2940062
:1018000003C81143254808BF104313F4805F40F01C
:101810000A8270471CF0400F40F028801CF4404FB3
:101820001BD01CF4004F1CBF194610460CF48072EC
:1018300018BF8CEA520C1CF0800F0CBF40F48000E3
:1018400041F400218CEADC0313F0100F1CBF2CF0D4
:101850000F0C4CF0080C00F08DB91CF0100F1ABFE3
:1018600012A393E80300134800F084B91CF0800F22
:1018700014BF01F0004200F000421CF0100F1BBF2B
:101880000AA393E803000B48114308BF104300F07C
:1018900071B900BF000000000000F07F0000807FF1
:1018A000FFFFFFFFFFFFEF7FFFFF7F7F00000000D4
:1018B0000000F87F0000C07F43004FEAD30C4FEADE
:1018C0003C0C43401FBF40070CF1605113F0FE4F2A
:1018D00070471CF0006F14D133F0004004BF19466C
:1018E000704783EA830383EA430303F0070343EA71
:1018F000CC010CF0004303F15A5303F54013FFF7FA
:10190000BBB90CF0004343EA507010B540EACC007C
:1019100000F00FF8000000BA180000044FEA0001C0
:10192000FFF78DBB4FEAE0024FEA407042F0E04122
:1019300070470EF1020E2EF0030E4FEA40025EF8E1
:10194000084B12F1807218BFB2F5000F22D3244267
:1019500007D44FEA410313F1807318BFB3F5000FAA
:1019600018D34FEA400C1CF5000F16D2244204D4C1
:101970004FEA410C1CF5000F0FD2002A10D14FEA9C
:10198000D07C002B0CEB4C0C0CF1020C08BF4CEB88
:10199000D17C07E04FF0090C04E04FF0080C01E0A7
:1019A0004FEAD17C0CEB4C0324FA03F404F0070457
:1019B000B4F1040C06D20EEB840CBDE810404CF0E0
:1019C000010C6047DFE80CF01F2013025EF804CC26
:1019D0001B2B08D1002A88BFB2F5000F34BF4CF48E
:1019E000804C4CF4004CBDE81040FFF76FBE002A5D
:1019F00088BFB2F1807F28BF084610BD4FF000407D
:101A0000A0F5800010BD0846420018BFD2F18072D8
:101A100084BF5EF8042C22F08062BDE8104000F222
:101A20008A8070474FF00000E1EE100A7047FF21F6
:101A300041EAD050C0057047F1EE101A11F0807FD6
:101A40001CBF00F00040704711F4006F40F08E8022
:101A500000F0004343EAD05323F48073C3F1C10381
:101A600023F00041172941D8C3F1200310FA03F1F4
:101A7000C3F1200320F07F4040F4000020FA03F07F
:101A800003F0004340EA030019D00B46F1EE101AB0
:101A900041F00801E1EE101A11F4400F1CD1590079
:101AA00009D318BF401C06D17FEAE27398BF401CDF
:101AB00038BF20F0010042F0804CFFF707BE12F063
:101AC000804F08BF7047F1EE101A944641F00801AC
:101AD000E1EE101AFFF7FABD10F0004F14BF5FEAF5
:101AE000F1535FEA316338BF401CE4E7182903EB88
:101AF000912318BF6FF000410131F1EE101A41F04F
:101B00000801E1EE101A11F4400F18BF03F0004075
:101B1000E2D168BF03F0004009D6400203F0004064
:101B200000F1010004BF12F0004F20F001004FF05F
:101B3000804CFFF7CBBDF1EE101A11F0807F1CBF77
:101B400000F00040704711F4006F08BF704700F0CC
:101B5000004120F00040B0FA80F3A3F1080341F007
:101B6000C04100FA03F0A1EBC351084442F0005C0D
:101B700000F059B80CF00F03092B08BF082000F043
:101B800064800A2B32D0082B18BF704708BF1CF0A6
:101B9000400F31D01CF4803F23D11CF0200F11D115
:101BA0001CF0100F0BBF02460A466FF000406FF0AA
:101BB000004118BF4FF0FF3012F0004F1CBFC04370
:101BC000C94370471CF0100F0CBF02460A4612F0C2
:101BD000004F4FF0FF304FF0FF311CBFC043C943EF
:101BE00070474FF000004FF0000170471CF0400FAD
:101BF00018BF4FF0004070471CF0100F08D020F0C5
:101C0000704300F07F4242EAD3014FEA43707047CD
:101C100000F0604021F07F4242EA000201F07F4084
:101C200040EA727070472DE900502DE90050EEF740
:101C3000C7FDBDE80050BDE800500CF00F0393F065
:101C4000090F18BF7047AFF300801CF4801F24D029
:101C50001CF4E02F09D010F0080F02D1D0F10200DF
:101C600070476FEACC31490070474FF0604111EA8C
:101C7000407028BF40F04050F1EE103A23F070431E
:101C800043EA0003E1EE103AEFF3008222F07042E3
:101C900042EA000282F3008870471CEA004018BF45
:101CA0000120704714220108DD5B000800000000DD
:101CB00000000000800000000000000000000000A4
:101CC0000822010801E100080000000000000000F7
:101CD00000040000000000000000000034220108A1
:101CE0009DED0008000000000000000080000000E2
:101CF0000000000000000000E4210108D1CC000831
:101D00000000000000000000800000000000000053
:101D100000000000F8210108E1CB000800000000ED
:101D200000000000000800000000000000000000AB
:101D30002022010885F800080000000000000000D3
:101D400080000000000000000000000000061016E7
:101D5000000610160000000000000000010203044D
:101D60000607080900000000010203040B0A06042C
:101D7000040A0904000000000000320001003200E3
:101D800001002C010100320001003200010032008C
:101D9000010032000100320000009001000032001A
:101DA00000003200000032000100320001002C016E
:101DB0000100320001003200010032000100320057
:101DC00001003200000090010000320000003200EB
:101DD0000100E8030100C8000100C8000100C800BC
:101DE0000100C8000100320001006400010032005F
:101DF00001003200010032000100640001003200E5
:101E00000100320000002C0101002C010100E80358
:101E100001003200010032000100320001003200F6
:101E200000002C01000032000000320000002C01F4
:101E300001002C010100E803010032000100320022
:101E4000010032000000F401000032000000320006
:101E500000002C010100E80301002C0101002C010D
:101E60000AD7A33C0AD7A33C0AD7A33CCDCC4C3E0F
:101E70000000803F0AD7A33CEC51383EEC51383E7D
:101E800000000000000000000000A6430000000069
:101E9000DB0FC9BF000000000000000000000000D0
:101EA0000000000000009643000000000000000059
:101EB000DB0FC93F000082420000D7430000000052
:101EC000DB0FC93F00000000000000000000000020
:101ED000DB0FC9BF00000000F8F30C430000000056
:101EE000FF005EBCE2613FDD83C29C7E20A3FD1F3C
:101EF000419DC3217FFCA2401E5F01E3BD3E608285
:101F0000DC237D9FC1421CFEA0E1BF5D0380DE3C5F
:101F100062BEE0025CDF81633D7C22C09E1D43A166
:101F2000FF4618FAA427799BC584DA3866E5BB59C1
:101F300007DB856739BAE406581947A5FB7826C43C
:101F40009A653BD987045AB8E6A7F91B45C6987A23
:101F500024F8A6441A99C7257B3A6486D85B05E71E
:101F6000B98CD2306EEDB3510F4E10F2AC2F71938D
:101F7000CD114FADF3702ECC92D38D6F31B2EC0EEC
:101F800050AFF1134DCE90722C6D33D18F0C52B0F7
:101F9000EE326C8ED0530DEFB1F0AE4C1291CF2DCE
:101FA00073CA947628ABF517490856B4EA6937D551
:101FB0008B5709EBB536688AD495CB2977F4AA48B4
:101FC00016E9B7550B88D6346A2B7597C94A14F6AB
:101FD000A8742AC896154BA9F7B6E80A54D7896B96
:101FE00035000000891112239B322446AD57366517
:101FF000BF74488CC19D5AAFD3BE6CCAE5DB7EE985
:10200000F7F88110080193331A22A5562C47B775AB
:102010003E64C99C408DDBBF52AEEDDA64CBFFF964
:1020200076E802218B30100299132667AF7634448C
:10203000BD554AADC3BC588ED19F6EEBE7FA7CC844
:10204000F5D983310A2091121803A7772E66B5546B
:102050003C45CBBD42ACD99E508FEFFB66EAFDD824
:1020600074C904428D5316619F702004A91532274C
:10207000BB364CCEC5DF5EEDD7FC6888E1997AAB04
:10208000F3BA85520C4397711E60A1142805B3372B
:102090003A26CDDE44CFDFFD56ECE9986089FBBBE4
:1020A00072AA06638F7214409D512225AB3430060C
:1020B000B9174EEFC7FE5CCCD5DD6AA9E3B8788AC4
:1020C000F19B87730E6295501C41A3352A24B116EB
:1020D0003807CFFF46EEDDDC54CDEBB962A8F99AA4
:1020E000708B088481951AA793B62CC2A5D33EE1C4
:1020F000B7F04008C919522BDB3A644EED5F766D9C
:10210000FF7C899400859BB712A6ADD224C3BFF192
:1021100036E0C1184809D33B5A2AE55E6C4FF77D7B
:102120007E6C0AA583B4188691972EE3A7F23CC073
:10213000B5D14229CB38500AD91B666FEF7E744C5B
:10214000FD5D8BB502A499961087AFF326E2BDD052
:1021500034C1C3394A28D11A580BE77F6E6EF55C3B
:102160007C4D0CC685D71EE597F42880A1913AA333
:10217000B3B2444ACD5B5669DF78600CE91D722F1B
:10218000FB3E8DD604C79FF516E4A9902081BBB312
:1021900032A2C55A4C4BD7795E68E11C680DF33FFB
:1021A0007A2E0EE787F61CC495D52AA1A3B03882F3
:1021B000B193466BCF7A5448DD59622DEB3C700EDB
:1021C000F91F8FF706E69DD414C5ABB122A0B992D2
:1021D0003083C77B4E6AD5585C49E33D6A2CF11EBB
:1021E000780F0000426F617264436F6D6D756E69A8
:1021F000636174650000000041726D436F6E74721C
:102200006F6C5461736B000043686173736973543E
:1022100061736B0064656661756C745461736B0007
:102220005265666572656575736172745461736B2E
:10223000000000004E785461736B00005C220108BE
:1022400000000020E0040000E8010008A0230108CD
:10225000E004002040C500004402000801283210BC
:102260004201035D24F41AAA01016C8009BE9F1A81
:10227000BECDCCCCBD05448FC2753D400D30BB8F6B
:102280003FCFF7CBBF41F1CB3F080819575BD1BF18
:102290001F856B5C4B4040041159043A803809108B
:1022A0001C2918691C39080911347924091118A945
:1022B00014092A30290439847995C918A904092AEE
:1022C000C4691C094AC4A9A8E918E91CE9C4693011
:1022D000E9D06918691C0912E409169CA988A904A7
:1022E0000120A990E980A984A970A9E0A123FFFF9A
:1022F0001395741B08DD041AED041319751B085996
:10230000041A610C1AA504131201140202021640E9
:1023100083044057260201020301071A040309043B
:102320001A03133D0E1B0839041BF50D4819081A32
:102330007D0441130A062A02941943111BA96F60F8
:10234000126D4C08F3711C13796E1408996C1B08FC
:102350005D14C11A1D281AD91C1A65081AC9081C4F
:10236000090243871125C03209041B01020B130522
:102370002416100105240110090104240202052479
:1023800006170107058203081C100904BD320A1D47
:1023900007050102FE2C0705810724810182000048
:04000005080001AD41
:00000001FF
